2026-04-04 16:30:56,132 [INFO] Activator:176 - 


2026-04-04 16:30:56,134 [INFO] Activator:177 - !SESSION log4j initialized
2026-04-04 16:30:59,612 [INFO] LogOutputStream:77 - [STDOUT_REDIRECT] 
2026-04-04 16:31:01,622 [INFO] ApplicationProperties:184 - Using Application install path: C:\ST\STM32CubeIDE_1.19.0\STM32CubeIDE\plugins\com.st.stm32cube.common.mx_6.15.0.202507011659
2026-04-04 16:31:01,647 [INFO] DbMcusXml:78 - Set database path to: C:\ST\STM32CubeIDE_1.19.0\STM32CubeIDE\plugins\com.st.stm32cube.common.mx_6.15.0.202507011659\\db\/mcu/
2026-04-04 16:31:01,647 [INFO] ApiDb:274 - Set plugin database path to: C:\ST\STM32CubeIDE_1.19.0\STM32CubeIDE\plugins\com.st.stm32cube.common.mx_6.15.0.202507011659\\db\/plugins/boardmanager/
2026-04-04 16:31:01,664 [WARN] ApiDb:259 - Overriding images path with different value:  => C:\ST\STM32CubeIDE_1.19.0\STM32CubeIDE\plugins\com.st.stm32cube.common.mx_6.15.0.202507011659\\db\/plugins/mcufinder/images/
2026-04-04 16:31:01,672 [INFO] ApiDb:250 - Set database path to: C:\Users\welcome\.stmcufinder\plugins\mcufinder//mcu/
2026-04-04 16:31:01,673 [INFO] DbMcusAds:125 - Set database path to: C:\Users\welcome\.stmcufinder\plugins\mcufinder//mcu/
2026-04-04 16:31:01,676 [INFO] CrossReferenceDbSqlite:203 - Set database path to: C:\Users\welcome\.stmcufinder\plugins\mcufinder//mcu/cs/
2026-04-04 16:31:01,829 [INFO] RulesReader:64 - Compatibility file has been processed (317 Rules)
2026-04-04 16:31:01,936 [INFO] DbMcusXml:78 - Set database path to: C:\ST\STM32CubeIDE_1.19.0\STM32CubeIDE\plugins\com.st.stm32cube.common.mx_6.15.0.202507011659\\db\/mcu/
2026-04-04 16:31:01,936 [INFO] ApiDb:274 - Set plugin database path to: C:\ST\STM32CubeIDE_1.19.0\STM32CubeIDE\plugins\com.st.stm32cube.common.mx_6.15.0.202507011659\\db\/plugins/boardmanager/
2026-04-04 16:31:01,936 [INFO] ApiDb:261 - Set plugin images path to: C:\ST\STM32CubeIDE_1.19.0\STM32CubeIDE\plugins\com.st.stm32cube.common.mx_6.15.0.202507011659\\db\/plugins/mcufinder/images/
2026-04-04 16:31:01,936 [WARN] DbFile:41 - Overriding database path with different value: C:\Users\welcome\.stmcufinder\plugins\mcufinder/ => C:\Users\welcome\.stmcufinder\plugins\mcufinder
2026-04-04 16:31:01,936 [INFO] ApiDb:250 - Set database path to: C:\Users\welcome\.stmcufinder\plugins\mcufinder//mcu/
2026-04-04 16:31:01,936 [WARN] DbFile:41 - Overriding database path with different value: C:\Users\welcome\.stmcufinder\plugins\mcufinder/ => C:\Users\welcome\.stmcufinder\plugins\mcufinder
2026-04-04 16:31:01,936 [INFO] DbMcusAds:125 - Set database path to: C:\Users\welcome\.stmcufinder\plugins\mcufinder//mcu/
2026-04-04 16:31:01,936 [WARN] DbFile:41 - Overriding database path with different value: C:\Users\welcome\.stmcufinder\plugins\mcufinder/ => C:\Users\welcome\.stmcufinder\plugins\mcufinder
2026-04-04 16:31:01,937 [WARN] DbFile:41 - Overriding database path with different value: C:\Users\welcome\.stmcufinder\plugins\mcufinder/ => C:\Users\welcome\.stmcufinder\plugins\mcufinder
2026-04-04 16:31:01,937 [INFO] CrossReferenceDbSqlite:203 - Set database path to: C:\Users\welcome\.stmcufinder\plugins\mcufinder//mcu/cs/
2026-04-04 16:31:02,010 [INFO] MainPanel:274 - HeapMemory: 268435456
2026-04-04 16:31:02,084 [INFO] DbMcusXml:78 - Set database path to: C:\ST\STM32CubeIDE_1.19.0\STM32CubeIDE\plugins\com.st.stm32cube.common.mx_6.15.0.202507011659\\db\/mcu/
2026-04-04 16:31:02,084 [INFO] ApiDb:274 - Set plugin database path to: C:\ST\STM32CubeIDE_1.19.0\STM32CubeIDE\plugins\com.st.stm32cube.common.mx_6.15.0.202507011659\\db\/plugins/boardmanager/
2026-04-04 16:31:02,084 [INFO] ApiDb:261 - Set plugin images path to: C:\ST\STM32CubeIDE_1.19.0\STM32CubeIDE\plugins\com.st.stm32cube.common.mx_6.15.0.202507011659\\db\/plugins/mcufinder/images/
2026-04-04 16:31:02,085 [WARN] DbFile:41 - Overriding database path with different value: C:\Users\welcome\.stmcufinder\plugins\mcufinder/ => C:\Users\welcome\.stmcufinder\plugins\mcufinder
2026-04-04 16:31:02,085 [INFO] ApiDb:250 - Set database path to: C:\Users\welcome\.stmcufinder\plugins\mcufinder//mcu/
2026-04-04 16:31:02,085 [WARN] DbFile:41 - Overriding database path with different value: C:\Users\welcome\.stmcufinder\plugins\mcufinder/ => C:\Users\welcome\.stmcufinder\plugins\mcufinder
2026-04-04 16:31:02,085 [INFO] DbMcusAds:125 - Set database path to: C:\Users\welcome\.stmcufinder\plugins\mcufinder//mcu/
2026-04-04 16:31:02,085 [WARN] DbFile:41 - Overriding database path with different value: C:\Users\welcome\.stmcufinder\plugins\mcufinder/ => C:\Users\welcome\.stmcufinder\plugins\mcufinder
2026-04-04 16:31:02,085 [WARN] DbFile:41 - Overriding database path with different value: C:\Users\welcome\.stmcufinder\plugins\mcufinder/ => C:\Users\welcome\.stmcufinder\plugins\mcufinder
2026-04-04 16:31:02,085 [INFO] CrossReferenceDbSqlite:203 - Set database path to: C:\Users\welcome\.stmcufinder\plugins\mcufinder//mcu/cs/
2026-04-04 16:31:02,104 [INFO] ApplicationProperties:184 - Using Application install path: C:\ST\STM32CubeIDE_1.19.0\STM32CubeIDE\plugins\com.st.stm32cube.common.mx_6.15.0.202507011659
2026-04-04 16:31:02,106 [INFO] PluginManage:196 - Search for loadable plugins [exclusion list=, ]
2026-04-04 16:31:02,107 [INFO] PluginManage:310 - Check plugin analytics
2026-04-04 16:31:02,593 [INFO] AnalyticsPlugin:253 - Accepted Software Licenses: 
2026-04-04 16:31:02,593 [INFO] AnalyticsPlugin:255 - Accepted CMSIS Pack Licenses: 
2026-04-04 16:31:02,593 [INFO] AnalyticsPlugin:257 - Accepted Firmware Licenses: FW.F4.1.28.0
2026-04-04 16:31:02,599 [INFO] PluginManage:359 - Loaded plugin analytics (category:tool,tabindex:-1)
2026-04-04 16:31:02,600 [INFO] PluginManage:310 - Check plugin cadmodel
2026-04-04 16:31:02,610 [INFO] CADModel:105 - Init CAD model plugin
2026-04-04 16:31:02,610 [INFO] PluginManage:359 - Loaded plugin cadmodel (category:power,tabindex:5)
2026-04-04 16:31:02,611 [INFO] PluginManage:310 - Check plugin clock
2026-04-04 16:31:02,626 [INFO] PluginManage:359 - Loaded plugin clock (category:base,tabindex:2)
2026-04-04 16:31:02,626 [INFO] PluginManage:310 - Check plugin ddr
2026-04-04 16:31:02,629 [INFO] PluginManage:359 - Loaded plugin ddr (category:tool,tabindex:6)
2026-04-04 16:31:02,629 [INFO] PluginManage:310 - Check plugin filemanager
2026-04-04 16:31:02,848 [INFO] PluginManage:359 - Loaded plugin filemanager (category:base,tabindex:10)
2026-04-04 16:31:02,848 [INFO] PluginManage:310 - Check plugin ipmanager
2026-04-04 16:31:02,863 [INFO] PluginManage:359 - Loaded plugin ipmanager (category:base,tabindex:5)
2026-04-04 16:31:02,864 [INFO] PluginManage:310 - Check plugin lpbam
2026-04-04 16:31:02,876 [INFO] PluginManage:359 - Loaded plugin lpbam (category:base,tabindex:0)
2026-04-04 16:31:02,877 [INFO] PluginManage:310 - Check plugin memorymap
2026-04-04 16:31:02,917 [INFO] PluginManage:359 - Loaded plugin memorymap (category:base,tabindex:4)
2026-04-04 16:31:02,917 [INFO] PluginManage:310 - Check plugin pinoutandconfiguration
2026-04-04 16:31:02,927 [INFO] PluginManage:359 - Loaded plugin pinoutandconfiguration (category:base,tabindex:1)
2026-04-04 16:31:02,927 [INFO] PluginManage:310 - Check plugin pinoutconfig
2026-04-04 16:31:03,042 [WARN] SupportedApi:132 - Cannot load RTOS API schema: s4s-elt-must-match.1: The content of 'definitions' must match (annotation?, (simpleType | complexType)?, (unique | key | keyref)*)). A problem was found starting at: attribute.
2026-04-04 16:31:03,210 [INFO] PluginManage:359 - Loaded plugin pinoutconfig (category:base,tabindex:0)
2026-04-04 16:31:03,210 [INFO] PluginManage:310 - Check plugin power
2026-04-04 16:31:03,225 [INFO] PluginManage:359 - Loaded plugin power (category:power,tabindex:4)
2026-04-04 16:31:03,226 [INFO] PluginManage:310 - Check plugin projectmanager
2026-04-04 16:31:03,243 [INFO] PluginManage:359 - Loaded plugin projectmanager (category:projectmanager,tabindex:4)
2026-04-04 16:31:03,244 [INFO] PluginManage:310 - Check plugin rif
2026-04-04 16:31:03,252 [INFO] PluginManage:359 - Loaded plugin rif (category:base,tabindex:3)
2026-04-04 16:31:03,252 [INFO] PluginManage:310 - Check plugin thirdparty
2026-04-04 16:31:03,406 [WARN] IntegrityCheckThread:84 - waiting for thirdparty lock release [integrity check]
2026-04-04 16:31:03,407 [INFO] PluginManage:359 - Loaded plugin thirdparty (category:base,tabindex:-1)
2026-04-04 16:31:03,407 [INFO] IntegrityCheckThread:86 - entering critical section [integrity check]
2026-04-04 16:31:03,407 [INFO] PluginManage:310 - Check plugin tools
2026-04-04 16:31:03,408 [INFO] ThirdPartyUpdaterWithRetryManager:70 - Updater plugin not ready yet. [1/15]
2026-04-04 16:31:03,410 [INFO] PluginManage:359 - Loaded plugin tools (category:base,tabindex:7)
2026-04-04 16:31:03,410 [INFO] PluginManage:310 - Check plugin tutovideos
2026-04-04 16:31:03,601 [INFO] PluginManage:359 - Loaded plugin tutovideos (category:base,tabindex:-1)
2026-04-04 16:31:03,603 [INFO] PluginManage:310 - Check plugin updater
2026-04-04 16:31:03,626 [INFO] PluginManage:359 - Loaded plugin updater (category:base,tabindex:12)
2026-04-04 16:31:03,627 [INFO] PluginManage:310 - Check plugin userauth
2026-04-04 16:31:03,632 [INFO] UserAuth:118 - Init User Auth plugin
2026-04-04 16:31:03,633 [INFO] PluginManage:359 - Loaded plugin userauth (category:base,tabindex:14)
2026-04-04 16:31:03,634 [INFO] PluginManage:283 - PluginManage : Loaded plugins [18]
2026-04-04 16:31:03,857 [INFO] PinOutPanel:1589 - setPackage(No Configuration,No Configuration)
2026-04-04 16:31:03,962 [INFO] CADModel:165 - CPN selected for project level
2026-04-04 16:31:03,963 [INFO] CADModel:114 - Register for checkConnection events
2026-04-04 16:31:03,982 [INFO] IPUIPlugin:80 - create IPUIPlugin
2026-04-04 16:31:03,983 [INFO] PluginManager:220 - loadIPPluginJar : add adc
2026-04-04 16:31:03,985 [INFO] IPUIPlugin:80 - create IPUIPlugin
2026-04-04 16:31:03,985 [INFO] PluginManager:220 - loadIPPluginJar : add aes
2026-04-04 16:31:03,990 [INFO] IPUIPlugin:80 - create IPUIPlugin
2026-04-04 16:31:03,990 [INFO] PluginManager:220 - loadIPPluginJar : add can
2026-04-04 16:31:03,993 [INFO] IPUIPlugin:80 - create IPUIPlugin
2026-04-04 16:31:03,994 [INFO] PluginManager:220 - loadIPPluginJar : add comp
2026-04-04 16:31:03,997 [INFO] IPUIPlugin:80 - create IPUIPlugin
2026-04-04 16:31:03,997 [INFO] PluginManager:220 - loadIPPluginJar : add cryp
2026-04-04 16:31:04,000 [INFO] IPUIPlugin:80 - create IPUIPlugin
2026-04-04 16:31:04,000 [INFO] PluginManager:220 - loadIPPluginJar : add ddr_ctrl_phy
2026-04-04 16:31:04,005 [INFO] IPUIPlugin:80 - create IPUIPlugin
2026-04-04 16:31:04,005 [INFO] PluginManager:220 - loadIPPluginJar : add dfsdm
2026-04-04 16:31:04,015 [INFO] IPUIPlugin:80 - create IPUIPlugin
2026-04-04 16:31:04,016 [INFO] PluginManager:220 - loadIPPluginJar : add dma
2026-04-04 16:31:04,019 [INFO] IPUIPlugin:80 - create IPUIPlugin
2026-04-04 16:31:04,020 [INFO] PluginManager:220 - loadIPPluginJar : add dma3
2026-04-04 16:31:04,022 [INFO] IPUIPlugin:80 - create IPUIPlugin
2026-04-04 16:31:04,022 [INFO] PluginManager:220 - loadIPPluginJar : add extmemmanager
2026-04-04 16:31:04,024 [INFO] IPUIPlugin:80 - create IPUIPlugin
2026-04-04 16:31:04,024 [INFO] PluginManager:220 - loadIPPluginJar : add fatfs
2026-04-04 16:31:04,030 [INFO] IPUIPlugin:80 - create IPUIPlugin
2026-04-04 16:31:04,030 [INFO] PluginManager:220 - loadIPPluginJar : add fmc
2026-04-04 16:31:04,036 [INFO] IPUIPlugin:80 - create IPUIPlugin
2026-04-04 16:31:04,037 [INFO] PluginManager:220 - loadIPPluginJar : add freertos
2026-04-04 16:31:04,040 [INFO] IPUIPlugin:80 - create IPUIPlugin
2026-04-04 16:31:04,041 [INFO] PluginManager:220 - loadIPPluginJar : add genericplugin
2026-04-04 16:31:04,043 [INFO] IPUIPlugin:80 - create IPUIPlugin
2026-04-04 16:31:04,043 [INFO] PluginManager:220 - loadIPPluginJar : add gfxmmu
2026-04-04 16:31:04,048 [INFO] IPUIPlugin:80 - create IPUIPlugin
2026-04-04 16:31:04,048 [INFO] PluginManager:220 - loadIPPluginJar : add gic
2026-04-04 16:31:04,055 [INFO] IPUIPlugin:80 - create IPUIPlugin
2026-04-04 16:31:04,055 [INFO] PluginManager:220 - loadIPPluginJar : add gpio
2026-04-04 16:31:04,060 [INFO] IPUIPlugin:80 - create IPUIPlugin
2026-04-04 16:31:04,060 [INFO] PluginManager:220 - loadIPPluginJar : add gtzc
2026-04-04 16:31:04,063 [INFO] IPUIPlugin:80 - create IPUIPlugin
2026-04-04 16:31:04,063 [INFO] PluginManager:220 - loadIPPluginJar : add hash
2026-04-04 16:31:04,066 [INFO] IPUIPlugin:80 - create IPUIPlugin
2026-04-04 16:31:04,067 [INFO] PluginManager:220 - loadIPPluginJar : add i2c
2026-04-04 16:31:04,070 [INFO] IPUIPlugin:80 - create IPUIPlugin
2026-04-04 16:31:04,070 [INFO] PluginManager:220 - loadIPPluginJar : add i2s
2026-04-04 16:31:04,073 [INFO] IPUIPlugin:80 - create IPUIPlugin
2026-04-04 16:31:04,074 [INFO] PluginManager:220 - loadIPPluginJar : add i3c
2026-04-04 16:31:04,077 [INFO] IPUIPlugin:80 - create IPUIPlugin
2026-04-04 16:31:04,078 [INFO] PluginManager:220 - loadIPPluginJar : add ipddr
2026-04-04 16:31:04,084 [INFO] IPUIPlugin:80 - create IPUIPlugin
2026-04-04 16:31:04,084 [INFO] PluginManager:220 - loadIPPluginJar : add linkedlist
2026-04-04 16:31:04,088 [INFO] IPUIPlugin:80 - create IPUIPlugin
2026-04-04 16:31:04,088 [INFO] PluginManager:220 - loadIPPluginJar : add lorawan
2026-04-04 16:31:04,090 [INFO] IPUIPlugin:80 - create IPUIPlugin
2026-04-04 16:31:04,090 [INFO] PluginManager:220 - loadIPPluginJar : add ltdc
2026-04-04 16:31:04,096 [INFO] IPUIPlugin:80 - create IPUIPlugin
2026-04-04 16:31:04,096 [INFO] PluginManager:220 - loadIPPluginJar : add mdma
2026-04-04 16:31:04,101 [INFO] IPUIPlugin:80 - create IPUIPlugin
2026-04-04 16:31:04,102 [INFO] PluginManager:220 - loadIPPluginJar : add nvic
2026-04-04 16:31:04,105 [INFO] IPUIPlugin:80 - create IPUIPlugin
2026-04-04 16:31:04,106 [INFO] PluginManager:220 - loadIPPluginJar : add opamp
2026-04-04 16:31:04,109 [INFO] IPUIPlugin:80 - create IPUIPlugin
2026-04-04 16:31:04,109 [INFO] PluginManager:220 - loadIPPluginJar : add openamp
2026-04-04 16:31:04,112 [INFO] IPUIPlugin:80 - create IPUIPlugin
2026-04-04 16:31:04,112 [INFO] PluginManager:220 - loadIPPluginJar : add pdm2pcm
2026-04-04 16:31:04,118 [INFO] IPUIPlugin:80 - create IPUIPlugin
2026-04-04 16:31:04,122 [INFO] PluginManager:220 - loadIPPluginJar : add plateformsettings
2026-04-04 16:31:04,123 [INFO] IPUIPlugin:80 - create IPUIPlugin
2026-04-04 16:31:04,123 [INFO] PluginManager:220 - loadIPPluginJar : add quadspi
2026-04-04 16:31:04,125 [INFO] IPUIPlugin:80 - create IPUIPlugin
2026-04-04 16:31:04,126 [INFO] PluginManager:220 - loadIPPluginJar : add radio
2026-04-04 16:31:04,129 [INFO] IPUIPlugin:80 - create IPUIPlugin
2026-04-04 16:31:04,129 [INFO] PluginManager:220 - loadIPPluginJar : add resmgrutility
2026-04-04 16:31:04,133 [INFO] IPUIPlugin:80 - create IPUIPlugin
2026-04-04 16:31:04,133 [INFO] PluginManager:220 - loadIPPluginJar : add sai
2026-04-04 16:31:04,135 [INFO] IPUIPlugin:80 - create IPUIPlugin
2026-04-04 16:31:04,135 [INFO] PluginManager:220 - loadIPPluginJar : add spi
2026-04-04 16:31:04,142 [INFO] IPUIPlugin:80 - create IPUIPlugin
2026-04-04 16:31:04,142 [INFO] PluginManager:220 - loadIPPluginJar : add stm32_wpan
2026-04-04 16:31:04,144 [INFO] IPUIPlugin:80 - create IPUIPlugin
2026-04-04 16:31:04,144 [INFO] PluginManager:220 - loadIPPluginJar : add tim
2026-04-04 16:31:04,147 [INFO] IPUIPlugin:80 - create IPUIPlugin
2026-04-04 16:31:04,147 [INFO] PluginManager:220 - loadIPPluginJar : add touchsensing
2026-04-04 16:31:04,149 [INFO] IPUIPlugin:80 - create IPUIPlugin
2026-04-04 16:31:04,149 [INFO] PluginManager:220 - loadIPPluginJar : add tracer_emb
2026-04-04 16:31:04,152 [INFO] IPUIPlugin:80 - create IPUIPlugin
2026-04-04 16:31:04,152 [INFO] PluginManager:220 - loadIPPluginJar : add ts
2026-04-04 16:31:04,154 [INFO] IPUIPlugin:80 - create IPUIPlugin
2026-04-04 16:31:04,154 [INFO] PluginManager:220 - loadIPPluginJar : add tsc
2026-04-04 16:31:04,157 [INFO] IPUIPlugin:80 - create IPUIPlugin
2026-04-04 16:31:04,157 [INFO] PluginManager:220 - loadIPPluginJar : add ucpd
2026-04-04 16:31:04,159 [INFO] IPUIPlugin:80 - create IPUIPlugin
2026-04-04 16:31:04,159 [INFO] PluginManager:220 - loadIPPluginJar : add usart
2026-04-04 16:31:04,162 [INFO] IPUIPlugin:80 - create IPUIPlugin
2026-04-04 16:31:04,162 [INFO] PluginManager:220 - loadIPPluginJar : add usbx
2026-04-04 16:31:04,311 [FATAL] Updater:351 - Updater called before beeing initialized
2026-04-04 16:31:04,348 [INFO] RulesReader:64 - Compatibility file has been processed (317 Rules)
2026-04-04 16:31:04,362 [INFO] RulesReader:64 - Compatibility file has been processed (317 Rules)
2026-04-04 16:31:04,379 [INFO] CADModel:165 - CPN selected for project level
2026-04-04 16:31:04,379 [INFO] CADModel:114 - Register for checkConnection events
2026-04-04 16:31:04,379 [FATAL] Updater:351 - Updater called before beeing initialized
2026-04-04 16:31:04,380 [ERROR] CADModel:125 - Updater not yet initialized, retry later 
2026-04-04 16:31:04,595 [FATAL] Updater:351 - Updater called before beeing initialized
2026-04-04 16:31:04,598 [INFO] CADModel:165 - CPN selected for project level
2026-04-04 16:31:04,598 [INFO] CADModel:114 - Register for checkConnection events
2026-04-04 16:31:04,598 [FATAL] Updater:351 - Updater called before beeing initialized
2026-04-04 16:31:04,598 [ERROR] CADModel:125 - Updater not yet initialized, retry later 
2026-04-04 16:31:04,603 [FATAL] Updater:351 - Updater called before beeing initialized
2026-04-04 16:31:04,725 [FATAL] Updater:351 - Updater called before beeing initialized
2026-04-04 16:31:04,731 [INFO] DbMcusAds:53 - JSON generation date=Thu Mar 05 20:02:53 IST 2026 (1772721173054)
2026-04-04 16:31:04,731 [FATAL] Updater:351 - Updater called before beeing initialized
2026-04-04 16:31:04,763 [WARN] DetailPanel:346 - Failed to get advertising image, set to default
2026-04-04 16:31:04,856 [FATAL] Updater:351 - Updater called before beeing initialized
2026-04-04 16:31:04,858 [FATAL] Updater:351 - Updater called before beeing initialized
2026-04-04 16:31:04,858 [FATAL] Updater:351 - Updater called before beeing initialized
2026-04-04 16:31:04,858 [WARN] DetailPanel:346 - Failed to get advertising image, set to default
2026-04-04 16:31:04,859 [FATAL] Updater:351 - Updater called before beeing initialized
2026-04-04 16:31:04,910 [ERROR] Updater:1198 - MainUpdater not yet initialized. External WinMGr cannot be set.
2026-04-04 16:31:04,913 [INFO] Updater:1134 - Updater Version found : 6.15.0
2026-04-04 16:31:04,929 [INFO] ApplicationProperties:184 - Using Application install path: C:\ST\STM32CubeIDE_1.19.0\STM32CubeIDE\plugins\com.st.stm32cube.common.mx_6.15.0.202507011659
2026-04-04 16:31:06,409 [INFO] ThirdPartyUpdaterWithRetryManager:70 - Updater plugin not ready yet. [2/15]
2026-04-04 16:31:06,501 [ERROR] LogOutputStream:75 - [STDERR_REDIRECT] Apr 04, 2026 4:31:06 PM java.util.prefs.WindowsPreferences <init>
2026-04-04 16:31:06,502 [ERROR] LogOutputStream:75 - [STDERR_REDIRECT] WARNING: Could not open/create prefs root node Software\JavaSoft\Prefs at root 0xffffffff80000002. Windows RegCreateKeyEx(...) returned error code 5.
2026-04-04 16:31:06,503 [ERROR] LogOutputStream:75 - [STDERR_REDIRECT] 
2026-04-04 16:31:07,086 [INFO] MainUpdater:2872 - connection check result : 10
2026-04-04 16:31:07,087 [INFO] MainUpdater:289 - Updater Check For Update Now.
2026-04-04 16:31:07,087 [INFO] MicroXplorer:498 - Change Database Version : DB.6.0.150
2026-04-04 16:31:07,100 [INFO] McuFinderGlobals:63 - Set McuFinder mode to 2 (CubeIDE integrated)
2026-04-04 16:31:07,100 [INFO] UserAuth:171 - activating auth plugin
2026-04-04 16:31:07,103 [INFO] UserAuth:487 - Internet connection configuration mode: 1
2026-04-04 16:31:07,129 [INFO] JxBrowserEngine:152 - Initiate JxBrowser Engine with user profile folder
2026-04-04 16:31:07,303 [INFO] CheckServerUpdateThread:120 - End of CheckServer Thread
2026-04-04 16:31:07,885 [INFO] WebApp:169 - Instantiating new browser for Auth
2026-04-04 16:31:09,180 [INFO] WebApp:463 - Apply proxy settings
2026-04-04 16:31:09,181 [INFO] WebApp:548 - Chromium requires no authentication
2026-04-04 16:31:09,201 [INFO] WebApp:491 - Direct internet connection detected
2026-04-04 16:31:09,263 [INFO] WebApp:900 - Register for checkConnection events
2026-04-04 16:31:09,263 [INFO] WebApp:463 - Apply proxy settings
2026-04-04 16:31:09,264 [INFO] WebApp:548 - Chromium requires no authentication
2026-04-04 16:31:09,266 [INFO] WebApp:491 - Direct internet connection detected
2026-04-04 16:31:09,796 [WARN] PackLoader:240 - Cannot read IP mode file for STMicroelectronics.X-CUBE-AZRTOS-H7.3.5.0
2026-04-04 16:31:09,810 [WARN] PackLoader:240 - Cannot read IP mode file for STMicroelectronics.FP-SNS-MOTENVWB1.1.4.0
2026-04-04 16:31:09,834 [WARN] PackLoader:240 - Cannot read IP mode file for STMicroelectronics.FP-ATR-ASTRA1.2.0.2
2026-04-04 16:31:09,837 [INFO] WebApp:225 - Starting web application
2026-04-04 16:31:09,837 [INFO] WebApp:593 - Web application path used C:\ST\STM32CubeIDE_1.19.0\STM32CubeIDE\plugins\com.st.stm32cube.common.mx_6.15.0.202507011659\db\plugins\mcufinder\reactClient1\index.html
2026-04-04 16:31:09,851 [WARN] PackLoader:240 - Cannot read IP mode file for STMicroelectronics.X-CUBE-SMBUS.2.1.0
2026-04-04 16:31:09,887 [WARN] PackLoader:240 - Cannot read IP mode file for STMicroelectronics.X-CUBE-AZRTOS-F7.1.1.0
2026-04-04 16:31:09,905 [WARN] PackLoader:240 - Cannot read IP mode file for WES.I-CUBE-Cesium.1.4.0
2026-04-04 16:31:09,937 [WARN] PackLoader:240 - Cannot read IP mode file for STMicroelectronics.X-CUBE-AZRTOS-H7.3.4.0
2026-04-04 16:31:09,954 [WARN] PackLoader:240 - Cannot read IP mode file for STMicroelectronics.X-CUBE-DISPLAY.3.0.0
2026-04-04 16:31:09,967 [WARN] PackLoader:240 - Cannot read IP mode file for STMicroelectronics.FP-SNS-MOTENVWB1.1.5.0
2026-04-04 16:31:09,987 [WARN] PackLoader:240 - Cannot read IP mode file for STMicroelectronics.X-CUBE-NFC10.1.0.0
2026-04-04 16:31:09,998 [WARN] PackLoader:240 - Cannot read IP mode file for emotas.I-CUBE-CANOPEN.1.3.0
2026-04-04 16:31:10,007 [WARN] PackLoader:240 - Cannot read IP mode file for STMicroelectronics.FP-SNS-SMARTAG2.1.2.0
2026-04-04 16:31:10,017 [WARN] PackLoader:240 - Cannot read IP mode file for STMicroelectronics.FP-SNS-FLIGHT1.5.1.0
2026-04-04 16:31:10,049 [INFO] LogOutputStream:77 - [STDOUT_REDIRECT] 1 : Invalid condition id : UX_CORESTACK_Condition cause : null
2026-04-04 16:31:10,051 [INFO] LogOutputStream:77 - [STDOUT_REDIRECT] 1 : Invalid condition id : UX_CORESTACK_Condition cause : null
2026-04-04 16:31:10,053 [INFO] LogOutputStream:77 - [STDOUT_REDIRECT] 1 : Invalid condition id : UX_CORESTACK_Condition cause : null
2026-04-04 16:31:10,056 [INFO] LogOutputStream:77 - [STDOUT_REDIRECT] 1 : Invalid condition id : UX_CORESTACK_Condition cause : null
2026-04-04 16:31:10,058 [INFO] LogOutputStream:77 - [STDOUT_REDIRECT] 1 : Invalid condition id : UX_CORESTACK_Condition cause : null
2026-04-04 16:31:10,064 [WARN] PackLoader:240 - Cannot read IP mode file for STMicroelectronics.X-CUBE-AZRTOS-WL.2.0.0
2026-04-04 16:31:10,074 [WARN] PackLoader:240 - Cannot read IP mode file for STMicroelectronics.X-CUBE-BLE2.3.3.0
2026-04-04 16:31:10,137 [WARN] PackLoader:240 - Cannot read IP mode file for Infineon.AIROC-Wi-Fi-Bluetooth-STM32.1.8.0
2026-04-04 16:31:10,149 [INFO] WebApp:191 - Connection restablished
2026-04-04 16:31:10,156 [WARN] PackLoader:240 - Cannot read IP mode file for STMicroelectronics.X-CUBE-NFC9.1.0.0
2026-04-04 16:31:10,168 [WARN] PackLoader:240 - Cannot read IP mode file for STMicroelectronics.X-CUBE-BLE1.7.1.0
2026-04-04 16:31:10,176 [WARN] PackLoader:240 - Cannot read IP mode file for wolfSSL.I-CUBE-wolfMQTT.1.19.2
2026-04-04 16:31:10,188 [WARN] PackLoader:240 - Cannot read IP mode file for STMicroelectronics.X-CUBE-FREERTOS.1.4.0
2026-04-04 16:31:10,197 [WARN] PackLoader:240 - Cannot read IP mode file for wolfSSL.I-CUBE-wolfSSL.5.8.4
2026-04-04 16:31:10,208 [WARN] PackLoader:240 - Cannot read IP mode file for Cesanta.I-CUBE-Mongoose.7.20.0
2026-04-04 16:31:10,239 [WARN] PackLoader:240 - Cannot read IP mode file for STMicroelectronics.X-CUBE-AZRTOS-G0.1.1.0
2026-04-04 16:31:10,255 [WARN] PackLoader:240 - Cannot read IP mode file for STMicroelectronics.X-CUBE-NFC4.3.0.0
2026-04-04 16:31:10,268 [WARN] PackLoader:240 - Cannot read IP mode file for EmbeddedOffice.I-CUBE-FS-RTOS.1.0.1
2026-04-04 16:31:10,279 [WARN] PackLoader:240 - Cannot read IP mode file for STMicroelectronics.X-CUBE-WB05N.2.0.0
2026-04-04 16:31:10,289 [WARN] PackLoader:240 - Cannot read IP mode file for wolfSSL.I-CUBE-wolfTPM.3.8.0
2026-04-04 16:31:10,300 [WARN] PackLoader:240 - Cannot read IP mode file for STMicroelectronics.X-CUBE-TCPP.4.2.0
2026-04-04 16:31:10,310 [WARN] PackLoader:240 - Cannot read IP mode file for RealThread.X-CUBE-RT-Thread_Nano.4.1.1
2026-04-04 16:31:10,318 [WARN] PackLoader:240 - Cannot read IP mode file for STMicroelectronics.FP-ATR-SIGFOX1.3.2.0
2026-04-04 16:31:10,327 [WARN] PackLoader:240 - Cannot read IP mode file for STMicroelectronics.X-CUBE-FREERTOS.1.5.0
2026-04-04 16:31:10,336 [WARN] PackLoader:240 - Cannot read IP mode file for ITTIA_DB.I-CUBE-ITTIADB.8.9.0
2026-04-04 16:31:10,346 [WARN] PackLoader:240 - Cannot read IP mode file for STMicroelectronics.X-CUBE-NFC6.3.2.0
2026-04-04 16:31:10,389 [WARN] PackLoader:240 - Cannot read IP mode file for SEGGER.I-CUBE-embOS.1.3.1
2026-04-04 16:31:10,443 [WARN] PackLoader:240 - Cannot read IP mode file for STMicroelectronics.X-CUBE-ALGOBUILD.1.4.0
2026-04-04 16:31:10,452 [WARN] PackLoader:240 - Cannot read IP mode file for STMicroelectronics.X-CUBE-PM33A1.1.0.0
2026-04-04 16:31:10,483 [WARN] PackLoader:240 - Cannot read IP mode file for STMicroelectronics.X-CUBE-AZRTOS-F4.1.1.0
2026-04-04 16:31:10,494 [WARN] PackLoader:240 - Cannot read IP mode file for STMicroelectronics.X-CUBE-ISPU.2.1.0
2026-04-04 16:31:10,501 [WARN] PackLoader:240 - Cannot read IP mode file for STMicroelectronics.eDS-WB_DPC_TT-BIDIR.2.1.1
2026-04-04 16:31:10,530 [WARN] PackLoader:240 - Cannot read IP mode file for STMicroelectronics.X-CUBE-AZRTOS-L5.2.0.0
2026-04-04 16:31:10,583 [WARN] PackLoader:240 - Cannot read IP mode file for STMicroelectronics.X-CUBE-NFC6.3.1.0
2026-04-04 16:31:10,592 [WARN] PackLoader:240 - Cannot read IP mode file for STMicroelectronics.eDS-WB_DPC_VIENNA.1.2.0
2026-04-04 16:31:10,593 [ERROR] LogOutputStream:75 - [STDERR_REDIRECT] [Fatal Error] :1:1: Premature end of file.
2026-04-04 16:31:10,595 [ERROR] LogOutputStream:75 - [STDERR_REDIRECT] 
2026-04-04 16:31:10,599 [WARN] PackLoader:240 - Cannot read IP mode file for STMicroelectronics.eDS-WB_DPC_3PH2L-BIDIR.1.1.1
2026-04-04 16:31:10,611 [WARN] PackLoader:240 - Cannot read IP mode file for STMicroelectronics.X-CUBE-TOUCHGFX.4.26.0
2026-04-04 16:31:10,620 [WARN] PackLoader:240 - Cannot read IP mode file for STMicroelectronics.X-CUBE-TOUCHGFX.4.26.1
2026-04-04 16:31:10,630 [WARN] PackLoader:240 - Cannot read IP mode file for STMicroelectronics.X-CUBE-DPower.1.3.0
2026-04-04 16:31:10,654 [WARN] ConditionMgr:438 - getConditionDescription Invalid condition id : LAN8742 Phy interface Condition cause : null
2026-04-04 16:31:10,655 [WARN] PackLoader:240 - Cannot read IP mode file for STMicroelectronics.X-CUBE-AZRTOS-L4.2.0.0
2026-04-04 16:31:10,658 [WARN] ConditionMgr:1044 - genDependencies : Invalid condition id : LAN8742 Phy interface Condition cause : null
2026-04-04 16:31:10,659 [WARN] ConditionMgr:1044 - genDependencies : Invalid condition id : LAN8742 Phy interface Condition cause : null
2026-04-04 16:31:10,660 [WARN] ConditionMgr:1044 - genDependencies : Invalid condition id : LAN8742 Phy interface Condition cause : null
2026-04-04 16:31:10,673 [WARN] PackLoader:240 - Cannot read IP mode file for STMicroelectronics.X-CUBE-SFXS2LP1.4.0.0
2026-04-04 16:31:10,685 [WARN] PackLoader:240 - Cannot read IP mode file for STMicroelectronics.X-CUBE-ST67W61.1.2.0
2026-04-04 16:31:10,707 [WARN] ConditionMgr:438 - getConditionDescription Invalid condition id : UX DEVICE CLASS RTOS Condition cause : null
2026-04-04 16:31:10,707 [WARN] ConditionMgr:438 - getConditionDescription Invalid condition id : UX DEVICE CLASS RTOS Condition cause : null
2026-04-04 16:31:10,710 [WARN] PackLoader:240 - Cannot read IP mode file for STMicroelectronics.X-CUBE-AZRTOS-WB.2.0.0
2026-04-04 16:31:10,711 [WARN] ConditionMgr:1044 - genDependencies : Invalid condition id : UX DEVICE CLASS RTOS Condition cause : null
2026-04-04 16:31:10,712 [WARN] ConditionMgr:1044 - genDependencies : Invalid condition id : UX DEVICE CLASS RTOS Condition cause : null
2026-04-04 16:31:10,712 [WARN] ConditionMgr:1044 - genDependencies : Invalid condition id : UX DEVICE CLASS RTOS Condition cause : null
2026-04-04 16:31:10,713 [WARN] ConditionMgr:1044 - genDependencies : Invalid condition id : UX DEVICE CLASS RTOS Condition cause : null
2026-04-04 16:31:10,713 [WARN] ConditionMgr:1044 - genDependencies : Invalid condition id : UX DEVICE CLASS RTOS Condition cause : null
2026-04-04 16:31:10,721 [WARN] ConditionMgr:438 - getConditionDescription Invalid condition id : Cortex-A Device cause : null
2026-04-04 16:31:10,735 [WARN] ConditionMgr:1044 - genDependencies : Invalid condition id : Cortex-A Device cause : null
2026-04-04 16:31:10,736 [WARN] ConditionMgr:1044 - genDependencies : Invalid condition id : Cortex-A Device cause : null
2026-04-04 16:31:10,737 [WARN] ConditionMgr:1044 - genDependencies : Invalid condition id : Cortex-A Device cause : null
2026-04-04 16:31:10,747 [WARN] PackLoader:240 - Cannot read IP mode file for STMicroelectronics.X-CUBE-STSE01.2.0.0
2026-04-04 16:31:10,762 [WARN] PackLoader:240 - Cannot read IP mode file for STMicroelectronics.X-CUBE-SUBG2.5.0.0
2026-04-04 16:31:10,787 [WARN] PackLoader:240 - Cannot read IP mode file for STMicroelectronics.X-CUBE-AZRTOS-G4.2.0.0
2026-04-04 16:31:10,799 [WARN] PackLoader:240 - Cannot read IP mode file for wolfSSL.I-CUBE-wolfSSH.1.4.20
2026-04-04 16:31:10,810 [WARN] PackLoader:240 - Cannot read IP mode file for STMicroelectronics.X-CUBE-NFC7.2.0.0
2026-04-04 16:31:10,821 [WARN] PackLoader:240 - Cannot read IP mode file for STMicroelectronics.X-CUBE-ALS.1.0.2
2026-04-04 16:31:10,831 [WARN] PackLoader:240 - Cannot read IP mode file for STMicroelectronics.X-CUBE-STSE01.1.0.0
2026-04-04 16:31:10,855 [WARN] PackLoader:240 - Cannot read IP mode file for STMicroelectronics.X-CUBE-TOF1.3.4.3
2026-04-04 16:31:10,881 [INFO] ThirdParty:978 - Integrity check success = true
2026-04-04 16:31:10,882 [INFO] IntegrityCheckThread:100 - exiting critical section [integrity check]
2026-04-04 16:31:10,882 [INFO] IntegrityCheckThread:103 - End integrity checks thread
2026-04-04 16:31:11,443 [ERROR] LogOutputStream:75 - [STDERR_REDIRECT] [Fatal Error] :1:1: Premature end of file.
2026-04-04 16:31:11,444 [ERROR] LogOutputStream:75 - [STDERR_REDIRECT] 
2026-04-04 16:31:12,421 [ERROR] LogOutputStream:75 - [STDERR_REDIRECT] [Fatal Error] :1:1: Premature end of file.
2026-04-04 16:31:12,421 [ERROR] LogOutputStream:75 - [STDERR_REDIRECT] 
2026-04-04 16:31:13,459 [ERROR] LogOutputStream:75 - [STDERR_REDIRECT] [Fatal Error] :1:1: Premature end of file.
2026-04-04 16:31:13,460 [ERROR] LogOutputStream:75 - [STDERR_REDIRECT] 
2026-04-04 16:31:14,414 [ERROR] LogOutputStream:75 - [STDERR_REDIRECT] [Fatal Error] :1:1: Premature end of file.
2026-04-04 16:31:14,414 [ERROR] LogOutputStream:75 - [STDERR_REDIRECT] 
2026-04-04 16:31:15,413 [ERROR] LogOutputStream:75 - [STDERR_REDIRECT] [Fatal Error] :1:1: Premature end of file.
2026-04-04 16:31:15,413 [ERROR] LogOutputStream:75 - [STDERR_REDIRECT] 
2026-04-04 16:31:16,404 [ERROR] LogOutputStream:75 - [STDERR_REDIRECT] [Fatal Error] :1:1: Premature end of file.
2026-04-04 16:31:16,404 [ERROR] LogOutputStream:75 - [STDERR_REDIRECT] 
2026-04-04 16:31:17,409 [ERROR] LogOutputStream:75 - [STDERR_REDIRECT] [Fatal Error] :1:1: Premature end of file.
2026-04-04 16:31:17,409 [ERROR] LogOutputStream:75 - [STDERR_REDIRECT] 
2026-04-04 16:31:18,403 [ERROR] LogOutputStream:75 - [STDERR_REDIRECT] [Fatal Error] :1:1: Premature end of file.
2026-04-04 16:31:18,403 [ERROR] LogOutputStream:75 - [STDERR_REDIRECT] 
2026-04-04 16:31:19,399 [ERROR] LogOutputStream:75 - [STDERR_REDIRECT] [Fatal Error] :1:1: Premature end of file.
2026-04-04 16:31:19,399 [ERROR] LogOutputStream:75 - [STDERR_REDIRECT] 
2026-04-04 16:31:20,409 [ERROR] LogOutputStream:75 - [STDERR_REDIRECT] [Fatal Error] :1:1: Premature end of file.
2026-04-04 16:31:20,410 [ERROR] LogOutputStream:75 - [STDERR_REDIRECT] 
2026-04-04 16:31:21,411 [ERROR] LogOutputStream:75 - [STDERR_REDIRECT] [Fatal Error] :1:1: Premature end of file.
2026-04-04 16:31:21,411 [ERROR] LogOutputStream:75 - [STDERR_REDIRECT] 
2026-04-04 16:31:22,425 [ERROR] LogOutputStream:75 - [STDERR_REDIRECT] [Fatal Error] :1:1: Premature end of file.
2026-04-04 16:31:22,425 [ERROR] LogOutputStream:75 - [STDERR_REDIRECT] 
2026-04-04 16:31:23,419 [ERROR] LogOutputStream:75 - [STDERR_REDIRECT] [Fatal Error] :1:1: Premature end of file.
2026-04-04 16:31:23,419 [ERROR] LogOutputStream:75 - [STDERR_REDIRECT] 
2026-04-04 16:31:24,412 [ERROR] LogOutputStream:75 - [STDERR_REDIRECT] [Fatal Error] :1:1: Premature end of file.
2026-04-04 16:31:24,412 [ERROR] LogOutputStream:75 - [STDERR_REDIRECT] 
2026-04-04 16:31:25,404 [ERROR] LogOutputStream:75 - [STDERR_REDIRECT] [Fatal Error] :1:1: Premature end of file.
2026-04-04 16:31:25,405 [ERROR] LogOutputStream:75 - [STDERR_REDIRECT] 
2026-04-04 16:31:26,409 [ERROR] LogOutputStream:75 - [STDERR_REDIRECT] [Fatal Error] :1:1: Premature end of file.
2026-04-04 16:31:26,410 [ERROR] LogOutputStream:75 - [STDERR_REDIRECT] 
2026-04-04 16:31:27,409 [ERROR] LogOutputStream:75 - [STDERR_REDIRECT] [Fatal Error] :1:1: Premature end of file.
2026-04-04 16:31:27,409 [ERROR] LogOutputStream:75 - [STDERR_REDIRECT] 
2026-04-04 16:31:28,418 [ERROR] LogOutputStream:75 - [STDERR_REDIRECT] [Fatal Error] :1:1: Premature end of file.
2026-04-04 16:31:28,418 [ERROR] LogOutputStream:75 - [STDERR_REDIRECT] 
2026-04-04 16:31:29,407 [ERROR] LogOutputStream:75 - [STDERR_REDIRECT] [Fatal Error] :1:1: Premature end of file.
2026-04-04 16:31:29,408 [ERROR] LogOutputStream:75 - [STDERR_REDIRECT] 
2026-04-04 16:31:30,435 [ERROR] LogOutputStream:75 - [STDERR_REDIRECT] [Fatal Error] :1:1: Premature end of file.
2026-04-04 16:31:30,436 [ERROR] LogOutputStream:75 - [STDERR_REDIRECT] 
2026-04-04 16:31:31,393 [ERROR] LogOutputStream:75 - [STDERR_REDIRECT] [Fatal Error] :1:1: Premature end of file.
2026-04-04 16:31:31,395 [ERROR] LogOutputStream:75 - [STDERR_REDIRECT] 
2026-04-04 16:31:32,398 [ERROR] LogOutputStream:75 - [STDERR_REDIRECT] [Fatal Error] :1:1: Premature end of file.
2026-04-04 16:31:32,398 [ERROR] LogOutputStream:75 - [STDERR_REDIRECT] 
2026-04-04 16:31:33,426 [ERROR] LogOutputStream:75 - [STDERR_REDIRECT] [Fatal Error] :1:1: Premature end of file.
2026-04-04 16:31:33,427 [ERROR] LogOutputStream:75 - [STDERR_REDIRECT] 
2026-04-04 16:31:34,410 [ERROR] LogOutputStream:75 - [STDERR_REDIRECT] [Fatal Error] :1:1: Premature end of file.
2026-04-04 16:31:34,410 [ERROR] LogOutputStream:75 - [STDERR_REDIRECT] 
2026-04-04 16:31:35,425 [ERROR] LogOutputStream:75 - [STDERR_REDIRECT] [Fatal Error] :1:1: Premature end of file.
2026-04-04 16:31:35,426 [ERROR] LogOutputStream:75 - [STDERR_REDIRECT] 
2026-04-04 16:31:36,430 [ERROR] LogOutputStream:75 - [STDERR_REDIRECT] [Fatal Error] :1:1: Premature end of file.
2026-04-04 16:31:36,431 [ERROR] LogOutputStream:75 - [STDERR_REDIRECT] 
2026-04-04 16:31:37,413 [ERROR] LogOutputStream:75 - [STDERR_REDIRECT] [Fatal Error] :1:1: Premature end of file.
2026-04-04 16:31:37,414 [ERROR] LogOutputStream:75 - [STDERR_REDIRECT] 
2026-04-04 16:31:38,462 [ERROR] LogOutputStream:75 - [STDERR_REDIRECT] [Fatal Error] :1:1: Premature end of file.
2026-04-04 16:31:38,462 [ERROR] LogOutputStream:75 - [STDERR_REDIRECT] 
2026-04-04 16:31:39,424 [ERROR] LogOutputStream:75 - [STDERR_REDIRECT] [Fatal Error] :1:1: Premature end of file.
2026-04-04 16:31:39,426 [ERROR] LogOutputStream:75 - [STDERR_REDIRECT] 
2026-04-04 16:31:40,410 [ERROR] LogOutputStream:75 - [STDERR_REDIRECT] [Fatal Error] :1:1: Premature end of file.
2026-04-04 16:31:40,411 [ERROR] LogOutputStream:75 - [STDERR_REDIRECT] 
2026-04-04 16:31:41,430 [ERROR] LogOutputStream:75 - [STDERR_REDIRECT] [Fatal Error] :1:1: Premature end of file.
2026-04-04 16:31:41,430 [ERROR] LogOutputStream:75 - [STDERR_REDIRECT] 
2026-04-04 16:31:42,419 [ERROR] LogOutputStream:75 - [STDERR_REDIRECT] [Fatal Error] :1:1: Premature end of file.
2026-04-04 16:31:42,419 [ERROR] LogOutputStream:75 - [STDERR_REDIRECT] 
2026-04-04 16:31:43,457 [ERROR] LogOutputStream:75 - [STDERR_REDIRECT] [Fatal Error] :1:1: Premature end of file.
2026-04-04 16:31:43,459 [ERROR] LogOutputStream:75 - [STDERR_REDIRECT] 
2026-04-04 16:31:44,441 [ERROR] LogOutputStream:75 - [STDERR_REDIRECT] [Fatal Error] :1:1: Premature end of file.
2026-04-04 16:31:44,441 [ERROR] LogOutputStream:75 - [STDERR_REDIRECT] 
2026-04-04 16:31:45,419 [ERROR] LogOutputStream:75 - [STDERR_REDIRECT] [Fatal Error] :1:1: Premature end of file.
2026-04-04 16:31:45,420 [ERROR] LogOutputStream:75 - [STDERR_REDIRECT] 
2026-04-04 16:31:46,411 [ERROR] LogOutputStream:75 - [STDERR_REDIRECT] [Fatal Error] :1:1: Premature end of file.
2026-04-04 16:31:46,413 [ERROR] LogOutputStream:75 - [STDERR_REDIRECT] 
2026-04-04 16:31:47,477 [ERROR] LogOutputStream:75 - [STDERR_REDIRECT] [Fatal Error] :1:1: Premature end of file.
2026-04-04 16:31:47,478 [ERROR] LogOutputStream:75 - [STDERR_REDIRECT] 
2026-04-04 16:31:48,426 [ERROR] LogOutputStream:75 - [STDERR_REDIRECT] [Fatal Error] :1:1: Premature end of file.
2026-04-04 16:31:48,427 [ERROR] LogOutputStream:75 - [STDERR_REDIRECT] 
2026-04-04 16:31:49,409 [ERROR] LogOutputStream:75 - [STDERR_REDIRECT] [Fatal Error] :1:1: Premature end of file.
2026-04-04 16:31:49,410 [ERROR] LogOutputStream:75 - [STDERR_REDIRECT] 
2026-04-04 16:31:50,417 [ERROR] LogOutputStream:75 - [STDERR_REDIRECT] [Fatal Error] :1:1: Premature end of file.
2026-04-04 16:31:50,417 [ERROR] LogOutputStream:75 - [STDERR_REDIRECT] 
2026-04-04 16:31:51,407 [ERROR] LogOutputStream:75 - [STDERR_REDIRECT] [Fatal Error] :1:1: Premature end of file.
2026-04-04 16:31:51,408 [ERROR] LogOutputStream:75 - [STDERR_REDIRECT] 
2026-04-04 16:31:52,406 [ERROR] LogOutputStream:75 - [STDERR_REDIRECT] [Fatal Error] :1:1: Premature end of file.
2026-04-04 16:31:52,407 [ERROR] LogOutputStream:75 - [STDERR_REDIRECT] 
2026-04-04 16:31:53,403 [ERROR] LogOutputStream:75 - [STDERR_REDIRECT] [Fatal Error] :1:1: Premature end of file.
2026-04-04 16:31:53,404 [ERROR] LogOutputStream:75 - [STDERR_REDIRECT] 
2026-04-04 16:31:54,435 [ERROR] LogOutputStream:75 - [STDERR_REDIRECT] [Fatal Error] :1:1: Premature end of file.
2026-04-04 16:31:54,436 [ERROR] LogOutputStream:75 - [STDERR_REDIRECT] 
2026-04-04 16:31:55,403 [ERROR] LogOutputStream:75 - [STDERR_REDIRECT] [Fatal Error] :1:1: Premature end of file.
2026-04-04 16:31:55,404 [ERROR] LogOutputStream:75 - [STDERR_REDIRECT] 
2026-04-04 16:31:56,407 [ERROR] LogOutputStream:75 - [STDERR_REDIRECT] [Fatal Error] :1:1: Premature end of file.
2026-04-04 16:31:56,407 [ERROR] LogOutputStream:75 - [STDERR_REDIRECT] 
2026-04-04 16:31:57,405 [ERROR] LogOutputStream:75 - [STDERR_REDIRECT] [Fatal Error] :1:1: Premature end of file.
2026-04-04 16:31:57,405 [ERROR] LogOutputStream:75 - [STDERR_REDIRECT] 
2026-04-04 16:31:58,332 [ERROR] ConfigurationRetriever:142 - IOException on connection: Read timed out
2026-04-04 16:31:58,403 [ERROR] LogOutputStream:75 - [STDERR_REDIRECT] [Fatal Error] :1:1: Premature end of file.
2026-04-04 16:31:58,404 [ERROR] LogOutputStream:75 - [STDERR_REDIRECT] 
2026-04-04 16:31:59,409 [ERROR] LogOutputStream:75 - [STDERR_REDIRECT] [Fatal Error] :1:1: Premature end of file.
2026-04-04 16:31:59,409 [ERROR] LogOutputStream:75 - [STDERR_REDIRECT] 
2026-04-04 16:32:00,415 [ERROR] LogOutputStream:75 - [STDERR_REDIRECT] [Fatal Error] :1:1: Premature end of file.
2026-04-04 16:32:00,415 [ERROR] LogOutputStream:75 - [STDERR_REDIRECT] 
2026-04-04 16:32:01,415 [ERROR] LogOutputStream:75 - [STDERR_REDIRECT] [Fatal Error] :1:1: Premature end of file.
2026-04-04 16:32:01,415 [ERROR] LogOutputStream:75 - [STDERR_REDIRECT] 
2026-04-04 16:32:02,445 [ERROR] LogOutputStream:75 - [STDERR_REDIRECT] [Fatal Error] :1:1: Premature end of file.
2026-04-04 16:32:02,445 [ERROR] LogOutputStream:75 - [STDERR_REDIRECT] 
2026-04-04 16:32:03,464 [ERROR] LogOutputStream:75 - [STDERR_REDIRECT] [Fatal Error] :1:1: Premature end of file.
2026-04-04 16:32:03,465 [ERROR] LogOutputStream:75 - [STDERR_REDIRECT] 
2026-04-04 16:32:04,430 [ERROR] LogOutputStream:75 - [STDERR_REDIRECT] [Fatal Error] :1:1: Premature end of file.
2026-04-04 16:32:04,430 [ERROR] LogOutputStream:75 - [STDERR_REDIRECT] 
2026-04-04 16:32:04,999 [ERROR] ConfigurationRetriever:142 - IOException on connection: Read timed out
2026-04-04 16:32:05,449 [ERROR] LogOutputStream:75 - [STDERR_REDIRECT] [Fatal Error] :1:1: Premature end of file.
2026-04-04 16:32:05,449 [ERROR] LogOutputStream:75 - [STDERR_REDIRECT] 
2026-04-04 16:32:06,449 [ERROR] LogOutputStream:75 - [STDERR_REDIRECT] [Fatal Error] :1:1: Premature end of file.
2026-04-04 16:32:06,450 [ERROR] LogOutputStream:75 - [STDERR_REDIRECT] 
2026-04-04 16:32:07,013 [ERROR] ConfigurationRetriever:142 - IOException on connection: Read timed out
2026-04-04 16:32:07,439 [ERROR] LogOutputStream:75 - [STDERR_REDIRECT] [Fatal Error] :1:1: Premature end of file.
2026-04-04 16:32:07,441 [ERROR] LogOutputStream:75 - [STDERR_REDIRECT] 
2026-04-04 16:32:08,491 [ERROR] LogOutputStream:75 - [STDERR_REDIRECT] [Fatal Error] :1:1: Premature end of file.
2026-04-04 16:32:08,492 [ERROR] LogOutputStream:75 - [STDERR_REDIRECT] 
2026-04-04 16:32:09,462 [ERROR] LogOutputStream:75 - [STDERR_REDIRECT] [Fatal Error] :1:1: Premature end of file.
2026-04-04 16:32:09,463 [ERROR] LogOutputStream:75 - [STDERR_REDIRECT] 
2026-04-04 16:32:10,412 [ERROR] LogOutputStream:75 - [STDERR_REDIRECT] [Fatal Error] :1:1: Premature end of file.
2026-04-04 16:32:10,413 [ERROR] LogOutputStream:75 - [STDERR_REDIRECT] 
2026-04-04 16:32:11,434 [ERROR] LogOutputStream:75 - [STDERR_REDIRECT] [Fatal Error] :1:1: Premature end of file.
2026-04-04 16:32:11,434 [ERROR] LogOutputStream:75 - [STDERR_REDIRECT] 
2026-04-04 16:32:12,438 [ERROR] LogOutputStream:75 - [STDERR_REDIRECT] [Fatal Error] :1:1: Premature end of file.
2026-04-04 16:32:12,440 [ERROR] LogOutputStream:75 - [STDERR_REDIRECT] 
2026-04-04 16:32:13,416 [ERROR] LogOutputStream:75 - [STDERR_REDIRECT] [Fatal Error] :1:1: Premature end of file.
2026-04-04 16:32:13,416 [ERROR] LogOutputStream:75 - [STDERR_REDIRECT] 
2026-04-04 16:32:14,405 [ERROR] LogOutputStream:75 - [STDERR_REDIRECT] [Fatal Error] :1:1: Premature end of file.
2026-04-04 16:32:14,406 [ERROR] LogOutputStream:75 - [STDERR_REDIRECT] 
2026-04-04 16:32:15,409 [ERROR] LogOutputStream:75 - [STDERR_REDIRECT] [Fatal Error] :1:1: Premature end of file.
2026-04-04 16:32:15,410 [ERROR] LogOutputStream:75 - [STDERR_REDIRECT] 
2026-04-04 16:32:16,396 [ERROR] LogOutputStream:75 - [STDERR_REDIRECT] [Fatal Error] :1:1: Premature end of file.
2026-04-04 16:32:16,396 [ERROR] LogOutputStream:75 - [STDERR_REDIRECT] 
2026-04-04 16:32:17,403 [ERROR] LogOutputStream:75 - [STDERR_REDIRECT] [Fatal Error] :1:1: Premature end of file.
2026-04-04 16:32:17,403 [ERROR] LogOutputStream:75 - [STDERR_REDIRECT] 
2026-04-04 16:32:18,412 [ERROR] LogOutputStream:75 - [STDERR_REDIRECT] [Fatal Error] :1:1: Premature end of file.
2026-04-04 16:32:18,413 [ERROR] LogOutputStream:75 - [STDERR_REDIRECT] 
2026-04-04 16:32:19,412 [ERROR] LogOutputStream:75 - [STDERR_REDIRECT] [Fatal Error] :1:1: Premature end of file.
2026-04-04 16:32:19,413 [ERROR] LogOutputStream:75 - [STDERR_REDIRECT] 
2026-04-04 16:32:20,413 [ERROR] LogOutputStream:75 - [STDERR_REDIRECT] [Fatal Error] :1:1: Premature end of file.
2026-04-04 16:32:20,413 [ERROR] LogOutputStream:75 - [STDERR_REDIRECT] 
2026-04-04 16:32:21,408 [ERROR] LogOutputStream:75 - [STDERR_REDIRECT] [Fatal Error] :1:1: Premature end of file.
2026-04-04 16:32:21,408 [ERROR] LogOutputStream:75 - [STDERR_REDIRECT] 
2026-04-04 16:32:22,409 [ERROR] LogOutputStream:75 - [STDERR_REDIRECT] [Fatal Error] :1:1: Premature end of file.
2026-04-04 16:32:22,409 [ERROR] LogOutputStream:75 - [STDERR_REDIRECT] 
2026-04-04 16:32:23,422 [ERROR] LogOutputStream:75 - [STDERR_REDIRECT] [Fatal Error] :1:1: Premature end of file.
2026-04-04 16:32:23,422 [ERROR] LogOutputStream:75 - [STDERR_REDIRECT] 
2026-04-04 16:32:24,424 [ERROR] LogOutputStream:75 - [STDERR_REDIRECT] [Fatal Error] :1:1: Premature end of file.
2026-04-04 16:32:24,424 [ERROR] LogOutputStream:75 - [STDERR_REDIRECT] 
2026-04-04 16:32:25,410 [ERROR] LogOutputStream:75 - [STDERR_REDIRECT] [Fatal Error] :1:1: Premature end of file.
2026-04-04 16:32:25,410 [ERROR] LogOutputStream:75 - [STDERR_REDIRECT] 
2026-04-04 16:32:26,417 [ERROR] LogOutputStream:75 - [STDERR_REDIRECT] [Fatal Error] :1:1: Premature end of file.
2026-04-04 16:32:26,418 [ERROR] LogOutputStream:75 - [STDERR_REDIRECT] 
2026-04-04 16:32:27,412 [ERROR] LogOutputStream:75 - [STDERR_REDIRECT] [Fatal Error] :1:1: Premature end of file.
2026-04-04 16:32:27,413 [ERROR] LogOutputStream:75 - [STDERR_REDIRECT] 
2026-04-04 16:32:28,401 [ERROR] LogOutputStream:75 - [STDERR_REDIRECT] [Fatal Error] :1:1: Premature end of file.
2026-04-04 16:32:28,402 [ERROR] LogOutputStream:75 - [STDERR_REDIRECT] 
2026-04-04 16:32:29,402 [ERROR] LogOutputStream:75 - [STDERR_REDIRECT] [Fatal Error] :1:1: Premature end of file.
2026-04-04 16:32:29,417 [ERROR] LogOutputStream:75 - [STDERR_REDIRECT] 
2026-04-04 16:32:30,401 [ERROR] LogOutputStream:75 - [STDERR_REDIRECT] [Fatal Error] :1:1: Premature end of file.
2026-04-04 16:32:30,402 [ERROR] LogOutputStream:75 - [STDERR_REDIRECT] 
2026-04-04 16:32:31,407 [ERROR] LogOutputStream:75 - [STDERR_REDIRECT] [Fatal Error] :1:1: Premature end of file.
2026-04-04 16:32:31,407 [ERROR] LogOutputStream:75 - [STDERR_REDIRECT] 
2026-04-04 16:32:32,408 [ERROR] LogOutputStream:75 - [STDERR_REDIRECT] [Fatal Error] :1:1: Premature end of file.
2026-04-04 16:32:32,408 [ERROR] LogOutputStream:75 - [STDERR_REDIRECT] 
2026-04-04 16:32:33,408 [ERROR] LogOutputStream:75 - [STDERR_REDIRECT] [Fatal Error] :1:1: Premature end of file.
2026-04-04 16:32:33,408 [ERROR] LogOutputStream:75 - [STDERR_REDIRECT] 
2026-04-04 16:32:34,418 [ERROR] LogOutputStream:75 - [STDERR_REDIRECT] [Fatal Error] :1:1: Premature end of file.
2026-04-04 16:32:34,418 [ERROR] LogOutputStream:75 - [STDERR_REDIRECT] 
2026-04-04 16:32:35,397 [ERROR] LogOutputStream:75 - [STDERR_REDIRECT] [Fatal Error] :1:1: Premature end of file.
2026-04-04 16:32:35,397 [ERROR] LogOutputStream:75 - [STDERR_REDIRECT] 
2026-04-04 16:32:36,395 [ERROR] LogOutputStream:75 - [STDERR_REDIRECT] [Fatal Error] :1:1: Premature end of file.
2026-04-04 16:32:36,396 [ERROR] LogOutputStream:75 - [STDERR_REDIRECT] 
2026-04-04 16:32:37,448 [ERROR] LogOutputStream:75 - [STDERR_REDIRECT] [Fatal Error] :1:1: Premature end of file.
2026-04-04 16:32:37,449 [ERROR] LogOutputStream:75 - [STDERR_REDIRECT] 
2026-04-04 16:32:38,425 [ERROR] LogOutputStream:75 - [STDERR_REDIRECT] [Fatal Error] :1:1: Premature end of file.
2026-04-04 16:32:38,426 [ERROR] LogOutputStream:75 - [STDERR_REDIRECT] 
2026-04-04 16:32:39,446 [ERROR] LogOutputStream:75 - [STDERR_REDIRECT] [Fatal Error] :1:1: Premature end of file.
2026-04-04 16:32:39,446 [ERROR] LogOutputStream:75 - [STDERR_REDIRECT] 
2026-04-04 16:32:40,405 [ERROR] LogOutputStream:75 - [STDERR_REDIRECT] [Fatal Error] :1:1: Premature end of file.
2026-04-04 16:32:40,405 [ERROR] LogOutputStream:75 - [STDERR_REDIRECT] 
2026-04-04 16:32:41,420 [ERROR] LogOutputStream:75 - [STDERR_REDIRECT] [Fatal Error] :1:1: Premature end of file.
2026-04-04 16:32:41,420 [ERROR] LogOutputStream:75 - [STDERR_REDIRECT] 
2026-04-04 16:32:42,418 [ERROR] LogOutputStream:75 - [STDERR_REDIRECT] [Fatal Error] :1:1: Premature end of file.
2026-04-04 16:32:42,418 [ERROR] LogOutputStream:75 - [STDERR_REDIRECT] 
2026-04-04 16:32:43,401 [ERROR] LogOutputStream:75 - [STDERR_REDIRECT] [Fatal Error] :1:1: Premature end of file.
2026-04-04 16:32:43,401 [ERROR] LogOutputStream:75 - [STDERR_REDIRECT] 
2026-04-04 16:32:44,419 [ERROR] LogOutputStream:75 - [STDERR_REDIRECT] [Fatal Error] :1:1: Premature end of file.
2026-04-04 16:32:44,419 [ERROR] LogOutputStream:75 - [STDERR_REDIRECT] 
2026-04-04 16:32:45,401 [ERROR] LogOutputStream:75 - [STDERR_REDIRECT] [Fatal Error] :1:1: Premature end of file.
2026-04-04 16:32:45,401 [ERROR] LogOutputStream:75 - [STDERR_REDIRECT] 
2026-04-04 16:32:46,422 [ERROR] LogOutputStream:75 - [STDERR_REDIRECT] [Fatal Error] :1:1: Premature end of file.
2026-04-04 16:32:46,422 [ERROR] LogOutputStream:75 - [STDERR_REDIRECT] 
2026-04-04 16:32:47,410 [ERROR] LogOutputStream:75 - [STDERR_REDIRECT] [Fatal Error] :1:1: Premature end of file.
2026-04-04 16:32:47,411 [ERROR] LogOutputStream:75 - [STDERR_REDIRECT] 
2026-04-04 16:32:48,408 [ERROR] LogOutputStream:75 - [STDERR_REDIRECT] [Fatal Error] :1:1: Premature end of file.
2026-04-04 16:32:48,408 [ERROR] LogOutputStream:75 - [STDERR_REDIRECT] 
2026-04-04 16:32:49,424 [ERROR] LogOutputStream:75 - [STDERR_REDIRECT] [Fatal Error] :1:1: Premature end of file.
2026-04-04 16:32:49,424 [ERROR] LogOutputStream:75 - [STDERR_REDIRECT] 
2026-04-04 16:32:50,411 [ERROR] LogOutputStream:75 - [STDERR_REDIRECT] [Fatal Error] :1:1: Premature end of file.
2026-04-04 16:32:50,412 [ERROR] LogOutputStream:75 - [STDERR_REDIRECT] 
2026-04-04 16:32:51,400 [ERROR] LogOutputStream:75 - [STDERR_REDIRECT] [Fatal Error] :1:1: Premature end of file.
2026-04-04 16:32:51,400 [ERROR] LogOutputStream:75 - [STDERR_REDIRECT] 
2026-04-04 16:32:52,400 [ERROR] LogOutputStream:75 - [STDERR_REDIRECT] [Fatal Error] :1:1: Premature end of file.
2026-04-04 16:32:52,400 [ERROR] LogOutputStream:75 - [STDERR_REDIRECT] 
2026-04-04 16:32:53,401 [ERROR] LogOutputStream:75 - [STDERR_REDIRECT] [Fatal Error] :1:1: Premature end of file.
2026-04-04 16:32:53,401 [ERROR] LogOutputStream:75 - [STDERR_REDIRECT] 
2026-04-04 16:32:54,408 [ERROR] LogOutputStream:75 - [STDERR_REDIRECT] [Fatal Error] :1:1: Premature end of file.
2026-04-04 16:32:54,408 [ERROR] LogOutputStream:75 - [STDERR_REDIRECT] 
2026-04-04 16:32:55,396 [ERROR] LogOutputStream:75 - [STDERR_REDIRECT] [Fatal Error] :1:1: Premature end of file.
2026-04-04 16:32:55,396 [ERROR] LogOutputStream:75 - [STDERR_REDIRECT] 
2026-04-04 16:32:56,409 [ERROR] LogOutputStream:75 - [STDERR_REDIRECT] [Fatal Error] :1:1: Premature end of file.
2026-04-04 16:32:56,409 [ERROR] LogOutputStream:75 - [STDERR_REDIRECT] 
2026-04-04 16:32:57,401 [ERROR] LogOutputStream:75 - [STDERR_REDIRECT] [Fatal Error] :1:1: Premature end of file.
2026-04-04 16:32:57,401 [ERROR] LogOutputStream:75 - [STDERR_REDIRECT] 
2026-04-04 16:32:58,398 [ERROR] LogOutputStream:75 - [STDERR_REDIRECT] [Fatal Error] :1:1: Premature end of file.
2026-04-04 16:32:58,398 [ERROR] LogOutputStream:75 - [STDERR_REDIRECT] 
2026-04-04 16:32:59,398 [ERROR] LogOutputStream:75 - [STDERR_REDIRECT] [Fatal Error] :1:1: Premature end of file.
2026-04-04 16:32:59,399 [ERROR] LogOutputStream:75 - [STDERR_REDIRECT] 
2026-04-04 16:33:00,403 [ERROR] LogOutputStream:75 - [STDERR_REDIRECT] [Fatal Error] :1:1: Premature end of file.
2026-04-04 16:33:00,403 [ERROR] LogOutputStream:75 - [STDERR_REDIRECT] 
2026-04-04 16:33:01,400 [ERROR] LogOutputStream:75 - [STDERR_REDIRECT] [Fatal Error] :1:1: Premature end of file.
2026-04-04 16:33:01,400 [ERROR] LogOutputStream:75 - [STDERR_REDIRECT] 
2026-04-04 16:33:02,405 [ERROR] LogOutputStream:75 - [STDERR_REDIRECT] [Fatal Error] :1:1: Premature end of file.
2026-04-04 16:33:02,405 [ERROR] LogOutputStream:75 - [STDERR_REDIRECT] 
2026-04-04 16:33:03,409 [ERROR] LogOutputStream:75 - [STDERR_REDIRECT] [Fatal Error] :1:1: Premature end of file.
2026-04-04 16:33:03,409 [ERROR] LogOutputStream:75 - [STDERR_REDIRECT] 
2026-04-04 16:33:04,405 [ERROR] LogOutputStream:75 - [STDERR_REDIRECT] [Fatal Error] :1:1: Premature end of file.
2026-04-04 16:33:04,405 [ERROR] LogOutputStream:75 - [STDERR_REDIRECT] 
2026-04-04 16:33:05,407 [ERROR] LogOutputStream:75 - [STDERR_REDIRECT] [Fatal Error] :1:1: Premature end of file.
2026-04-04 16:33:05,407 [ERROR] LogOutputStream:75 - [STDERR_REDIRECT] 
2026-04-04 16:33:06,433 [ERROR] LogOutputStream:75 - [STDERR_REDIRECT] [Fatal Error] :1:1: Premature end of file.
2026-04-04 16:33:06,433 [ERROR] LogOutputStream:75 - [STDERR_REDIRECT] 
2026-04-04 16:33:07,427 [ERROR] LogOutputStream:75 - [STDERR_REDIRECT] [Fatal Error] :1:1: Premature end of file.
2026-04-04 16:33:07,427 [ERROR] LogOutputStream:75 - [STDERR_REDIRECT] 
2026-04-04 16:33:08,421 [ERROR] LogOutputStream:75 - [STDERR_REDIRECT] [Fatal Error] :1:1: Premature end of file.
2026-04-04 16:33:08,421 [ERROR] LogOutputStream:75 - [STDERR_REDIRECT] 
2026-04-04 16:33:09,398 [ERROR] LogOutputStream:75 - [STDERR_REDIRECT] [Fatal Error] :1:1: Premature end of file.
2026-04-04 16:33:09,399 [ERROR] LogOutputStream:75 - [STDERR_REDIRECT] 
2026-04-04 16:33:10,408 [ERROR] LogOutputStream:75 - [STDERR_REDIRECT] [Fatal Error] :1:1: Premature end of file.
2026-04-04 16:33:10,409 [ERROR] LogOutputStream:75 - [STDERR_REDIRECT] 
2026-04-04 16:33:11,400 [ERROR] LogOutputStream:75 - [STDERR_REDIRECT] [Fatal Error] :1:1: Premature end of file.
2026-04-04 16:33:11,401 [ERROR] LogOutputStream:75 - [STDERR_REDIRECT] 
2026-04-04 16:33:12,419 [ERROR] LogOutputStream:75 - [STDERR_REDIRECT] [Fatal Error] :1:1: Premature end of file.
2026-04-04 16:33:12,419 [ERROR] LogOutputStream:75 - [STDERR_REDIRECT] 
2026-04-04 16:33:13,399 [ERROR] LogOutputStream:75 - [STDERR_REDIRECT] [Fatal Error] :1:1: Premature end of file.
2026-04-04 16:33:13,399 [ERROR] LogOutputStream:75 - [STDERR_REDIRECT] 
2026-04-04 16:33:14,413 [ERROR] LogOutputStream:75 - [STDERR_REDIRECT] [Fatal Error] :1:1: Premature end of file.
2026-04-04 16:33:14,413 [ERROR] LogOutputStream:75 - [STDERR_REDIRECT] 
2026-04-04 16:33:15,410 [ERROR] LogOutputStream:75 - [STDERR_REDIRECT] [Fatal Error] :1:1: Premature end of file.
2026-04-04 16:33:15,410 [ERROR] LogOutputStream:75 - [STDERR_REDIRECT] 
2026-04-04 16:33:16,408 [ERROR] LogOutputStream:75 - [STDERR_REDIRECT] [Fatal Error] :1:1: Premature end of file.
2026-04-04 16:33:16,408 [ERROR] LogOutputStream:75 - [STDERR_REDIRECT] 
2026-04-04 16:33:17,403 [ERROR] LogOutputStream:75 - [STDERR_REDIRECT] [Fatal Error] :1:1: Premature end of file.
2026-04-04 16:33:17,403 [ERROR] LogOutputStream:75 - [STDERR_REDIRECT] 
2026-04-04 16:33:18,407 [ERROR] LogOutputStream:75 - [STDERR_REDIRECT] [Fatal Error] :1:1: Premature end of file.
2026-04-04 16:33:18,407 [ERROR] LogOutputStream:75 - [STDERR_REDIRECT] 
2026-04-04 16:33:19,417 [ERROR] LogOutputStream:75 - [STDERR_REDIRECT] [Fatal Error] :1:1: Premature end of file.
2026-04-04 16:33:19,417 [ERROR] LogOutputStream:75 - [STDERR_REDIRECT] 
2026-04-04 16:33:20,409 [ERROR] LogOutputStream:75 - [STDERR_REDIRECT] [Fatal Error] :1:1: Premature end of file.
2026-04-04 16:33:20,409 [ERROR] LogOutputStream:75 - [STDERR_REDIRECT] 
2026-04-04 16:33:21,400 [ERROR] LogOutputStream:75 - [STDERR_REDIRECT] [Fatal Error] :1:1: Premature end of file.
2026-04-04 16:33:21,401 [ERROR] LogOutputStream:75 - [STDERR_REDIRECT] 
2026-04-04 16:33:22,411 [ERROR] LogOutputStream:75 - [STDERR_REDIRECT] [Fatal Error] :1:1: Premature end of file.
2026-04-04 16:33:22,411 [ERROR] LogOutputStream:75 - [STDERR_REDIRECT] 
2026-04-04 16:33:23,406 [ERROR] LogOutputStream:75 - [STDERR_REDIRECT] [Fatal Error] :1:1: Premature end of file.
2026-04-04 16:33:23,406 [ERROR] LogOutputStream:75 - [STDERR_REDIRECT] 
2026-04-04 16:33:24,403 [ERROR] LogOutputStream:75 - [STDERR_REDIRECT] [Fatal Error] :1:1: Premature end of file.
2026-04-04 16:33:24,403 [ERROR] LogOutputStream:75 - [STDERR_REDIRECT] 
2026-04-04 16:33:25,406 [ERROR] LogOutputStream:75 - [STDERR_REDIRECT] [Fatal Error] :1:1: Premature end of file.
2026-04-04 16:33:25,406 [ERROR] LogOutputStream:75 - [STDERR_REDIRECT] 
2026-04-04 16:33:26,417 [ERROR] LogOutputStream:75 - [STDERR_REDIRECT] [Fatal Error] :1:1: Premature end of file.
2026-04-04 16:33:26,417 [ERROR] LogOutputStream:75 - [STDERR_REDIRECT] 
2026-04-04 16:33:27,403 [ERROR] LogOutputStream:75 - [STDERR_REDIRECT] [Fatal Error] :1:1: Premature end of file.
2026-04-04 16:33:27,404 [ERROR] LogOutputStream:75 - [STDERR_REDIRECT] 
2026-04-04 16:33:28,394 [ERROR] LogOutputStream:75 - [STDERR_REDIRECT] [Fatal Error] :1:1: Premature end of file.
2026-04-04 16:33:28,395 [ERROR] LogOutputStream:75 - [STDERR_REDIRECT] 
2026-04-04 16:33:29,415 [ERROR] LogOutputStream:75 - [STDERR_REDIRECT] [Fatal Error] :1:1: Premature end of file.
2026-04-04 16:33:29,415 [ERROR] LogOutputStream:75 - [STDERR_REDIRECT] 
2026-04-04 16:33:30,401 [ERROR] LogOutputStream:75 - [STDERR_REDIRECT] [Fatal Error] :1:1: Premature end of file.
2026-04-04 16:33:30,401 [ERROR] LogOutputStream:75 - [STDERR_REDIRECT] 
2026-04-04 16:33:31,414 [ERROR] LogOutputStream:75 - [STDERR_REDIRECT] [Fatal Error] :1:1: Premature end of file.
2026-04-04 16:33:31,414 [ERROR] LogOutputStream:75 - [STDERR_REDIRECT] 
2026-04-04 16:33:32,408 [ERROR] LogOutputStream:75 - [STDERR_REDIRECT] [Fatal Error] :1:1: Premature end of file.
2026-04-04 16:33:32,408 [ERROR] LogOutputStream:75 - [STDERR_REDIRECT] 
2026-04-04 16:33:33,421 [ERROR] LogOutputStream:75 - [STDERR_REDIRECT] [Fatal Error] :1:1: Premature end of file.
2026-04-04 16:33:33,421 [ERROR] LogOutputStream:75 - [STDERR_REDIRECT] 
2026-04-04 16:33:34,412 [ERROR] LogOutputStream:75 - [STDERR_REDIRECT] [Fatal Error] :1:1: Premature end of file.
2026-04-04 16:33:34,413 [ERROR] LogOutputStream:75 - [STDERR_REDIRECT] 
2026-04-04 16:33:35,403 [ERROR] LogOutputStream:75 - [STDERR_REDIRECT] [Fatal Error] :1:1: Premature end of file.
2026-04-04 16:33:35,404 [ERROR] LogOutputStream:75 - [STDERR_REDIRECT] 
2026-04-04 16:33:36,406 [ERROR] LogOutputStream:75 - [STDERR_REDIRECT] [Fatal Error] :1:1: Premature end of file.
2026-04-04 16:33:36,407 [ERROR] LogOutputStream:75 - [STDERR_REDIRECT] 
2026-04-04 16:33:37,439 [ERROR] LogOutputStream:75 - [STDERR_REDIRECT] [Fatal Error] :1:1: Premature end of file.
2026-04-04 16:33:37,439 [ERROR] LogOutputStream:75 - [STDERR_REDIRECT] 
2026-04-04 16:33:38,441 [ERROR] LogOutputStream:75 - [STDERR_REDIRECT] [Fatal Error] :1:1: Premature end of file.
2026-04-04 16:33:38,442 [ERROR] LogOutputStream:75 - [STDERR_REDIRECT] 
2026-04-04 16:33:39,435 [ERROR] LogOutputStream:75 - [STDERR_REDIRECT] [Fatal Error] :1:1: Premature end of file.
2026-04-04 16:33:39,435 [ERROR] LogOutputStream:75 - [STDERR_REDIRECT] 
2026-04-04 16:33:40,413 [ERROR] LogOutputStream:75 - [STDERR_REDIRECT] [Fatal Error] :1:1: Premature end of file.
2026-04-04 16:33:40,413 [ERROR] LogOutputStream:75 - [STDERR_REDIRECT] 
2026-04-04 16:33:41,399 [ERROR] LogOutputStream:75 - [STDERR_REDIRECT] [Fatal Error] :1:1: Premature end of file.
2026-04-04 16:33:41,399 [ERROR] LogOutputStream:75 - [STDERR_REDIRECT] 
2026-04-04 16:33:42,399 [ERROR] LogOutputStream:75 - [STDERR_REDIRECT] [Fatal Error] :1:1: Premature end of file.
2026-04-04 16:33:42,400 [ERROR] LogOutputStream:75 - [STDERR_REDIRECT] 
2026-04-04 16:33:43,409 [ERROR] LogOutputStream:75 - [STDERR_REDIRECT] [Fatal Error] :1:1: Premature end of file.
2026-04-04 16:33:43,409 [ERROR] LogOutputStream:75 - [STDERR_REDIRECT] 
2026-04-04 16:33:44,428 [ERROR] LogOutputStream:75 - [STDERR_REDIRECT] [Fatal Error] :1:1: Premature end of file.
2026-04-04 16:33:44,428 [ERROR] LogOutputStream:75 - [STDERR_REDIRECT] 
2026-04-04 16:33:45,416 [ERROR] LogOutputStream:75 - [STDERR_REDIRECT] [Fatal Error] :1:1: Premature end of file.
2026-04-04 16:33:45,416 [ERROR] LogOutputStream:75 - [STDERR_REDIRECT] 
2026-04-04 16:33:46,408 [ERROR] LogOutputStream:75 - [STDERR_REDIRECT] [Fatal Error] :1:1: Premature end of file.
2026-04-04 16:33:46,408 [ERROR] LogOutputStream:75 - [STDERR_REDIRECT] 
2026-04-04 16:33:47,395 [ERROR] LogOutputStream:75 - [STDERR_REDIRECT] [Fatal Error] :1:1: Premature end of file.
2026-04-04 16:33:47,396 [ERROR] LogOutputStream:75 - [STDERR_REDIRECT] 
2026-04-04 16:33:48,401 [ERROR] LogOutputStream:75 - [STDERR_REDIRECT] [Fatal Error] :1:1: Premature end of file.
2026-04-04 16:33:48,402 [ERROR] LogOutputStream:75 - [STDERR_REDIRECT] 
2026-04-04 16:33:49,406 [ERROR] LogOutputStream:75 - [STDERR_REDIRECT] [Fatal Error] :1:1: Premature end of file.
2026-04-04 16:33:49,406 [ERROR] LogOutputStream:75 - [STDERR_REDIRECT] 
2026-04-04 16:33:50,421 [ERROR] LogOutputStream:75 - [STDERR_REDIRECT] [Fatal Error] :1:1: Premature end of file.
2026-04-04 16:33:50,421 [ERROR] LogOutputStream:75 - [STDERR_REDIRECT] 
2026-04-04 16:33:51,402 [ERROR] LogOutputStream:75 - [STDERR_REDIRECT] [Fatal Error] :1:1: Premature end of file.
2026-04-04 16:33:51,402 [ERROR] LogOutputStream:75 - [STDERR_REDIRECT] 
2026-04-04 16:33:52,409 [ERROR] LogOutputStream:75 - [STDERR_REDIRECT] [Fatal Error] :1:1: Premature end of file.
2026-04-04 16:33:52,409 [ERROR] LogOutputStream:75 - [STDERR_REDIRECT] 
2026-04-04 16:33:53,411 [ERROR] LogOutputStream:75 - [STDERR_REDIRECT] [Fatal Error] :1:1: Premature end of file.
2026-04-04 16:33:53,411 [ERROR] LogOutputStream:75 - [STDERR_REDIRECT] 
2026-04-04 16:33:54,407 [ERROR] LogOutputStream:75 - [STDERR_REDIRECT] [Fatal Error] :1:1: Premature end of file.
2026-04-04 16:33:54,408 [ERROR] LogOutputStream:75 - [STDERR_REDIRECT] 
2026-04-04 16:33:55,398 [ERROR] LogOutputStream:75 - [STDERR_REDIRECT] [Fatal Error] :1:1: Premature end of file.
2026-04-04 16:33:55,398 [ERROR] LogOutputStream:75 - [STDERR_REDIRECT] 
2026-04-04 16:33:56,435 [ERROR] LogOutputStream:75 - [STDERR_REDIRECT] [Fatal Error] :1:1: Premature end of file.
2026-04-04 16:33:56,435 [ERROR] LogOutputStream:75 - [STDERR_REDIRECT] 
2026-04-04 16:33:57,410 [ERROR] LogOutputStream:75 - [STDERR_REDIRECT] [Fatal Error] :1:1: Premature end of file.
2026-04-04 16:33:57,410 [ERROR] LogOutputStream:75 - [STDERR_REDIRECT] 
2026-04-04 16:33:58,421 [ERROR] LogOutputStream:75 - [STDERR_REDIRECT] [Fatal Error] :1:1: Premature end of file.
2026-04-04 16:33:58,422 [ERROR] LogOutputStream:75 - [STDERR_REDIRECT] 
2026-04-04 16:33:59,421 [ERROR] LogOutputStream:75 - [STDERR_REDIRECT] [Fatal Error] :1:1: Premature end of file.
2026-04-04 16:33:59,422 [ERROR] LogOutputStream:75 - [STDERR_REDIRECT] 
2026-04-04 16:34:00,435 [ERROR] LogOutputStream:75 - [STDERR_REDIRECT] [Fatal Error] :1:1: Premature end of file.
2026-04-04 16:34:00,435 [ERROR] LogOutputStream:75 - [STDERR_REDIRECT] 
2026-04-04 16:34:01,405 [ERROR] LogOutputStream:75 - [STDERR_REDIRECT] [Fatal Error] :1:1: Premature end of file.
2026-04-04 16:34:01,406 [ERROR] LogOutputStream:75 - [STDERR_REDIRECT] 
2026-04-04 16:34:02,417 [ERROR] LogOutputStream:75 - [STDERR_REDIRECT] [Fatal Error] :1:1: Premature end of file.
2026-04-04 16:34:02,417 [ERROR] LogOutputStream:75 - [STDERR_REDIRECT] 
2026-04-04 16:34:03,434 [ERROR] LogOutputStream:75 - [STDERR_REDIRECT] [Fatal Error] :1:1: Premature end of file.
2026-04-04 16:34:03,434 [ERROR] LogOutputStream:75 - [STDERR_REDIRECT] 
2026-04-04 16:34:04,417 [ERROR] LogOutputStream:75 - [STDERR_REDIRECT] [Fatal Error] :1:1: Premature end of file.
2026-04-04 16:34:04,417 [ERROR] LogOutputStream:75 - [STDERR_REDIRECT] 
2026-04-04 16:34:05,515 [ERROR] LogOutputStream:75 - [STDERR_REDIRECT] [Fatal Error] :1:1: Premature end of file.
2026-04-04 16:34:05,515 [ERROR] LogOutputStream:75 - [STDERR_REDIRECT] 
2026-04-04 16:34:06,955 [ERROR] LogOutputStream:75 - [STDERR_REDIRECT] [Fatal Error] :1:1: Premature end of file.
2026-04-04 16:34:06,971 [ERROR] LogOutputStream:75 - [STDERR_REDIRECT] 
2026-04-04 16:34:07,540 [ERROR] LogOutputStream:75 - [STDERR_REDIRECT] [Fatal Error] :1:1: Premature end of file.
2026-04-04 16:34:07,540 [ERROR] LogOutputStream:75 - [STDERR_REDIRECT] 
2026-04-04 16:34:08,493 [ERROR] LogOutputStream:75 - [STDERR_REDIRECT] [Fatal Error] :1:1: Premature end of file.
2026-04-04 16:34:08,509 [ERROR] LogOutputStream:75 - [STDERR_REDIRECT] 
2026-04-04 16:34:09,475 [ERROR] LogOutputStream:75 - [STDERR_REDIRECT] [Fatal Error] :1:1: Premature end of file.
2026-04-04 16:34:09,476 [ERROR] LogOutputStream:75 - [STDERR_REDIRECT] 
2026-04-04 16:34:09,973 [ERROR] LogOutputStream:75 - [STDERR_REDIRECT] 
2026-04-04 16:34:09,977 [ERROR] LogOutputStream:75 - [STDERR_REDIRECT] 
2026-04-04 16:37:05,491 [INFO] Activator:176 - 


2026-04-04 16:37:05,493 [INFO] Activator:177 - !SESSION log4j initialized
2026-04-04 16:37:13,329 [INFO] LogOutputStream:77 - [STDOUT_REDIRECT] 
2026-04-04 16:37:14,581 [INFO] ApplicationProperties:184 - Using Application install path: C:\ST\STM32CubeIDE_1.19.0\STM32CubeIDE\plugins\com.st.stm32cube.common.mx_6.15.0.202507011659
2026-04-04 16:37:14,602 [INFO] DbMcusXml:78 - Set database path to: C:\ST\STM32CubeIDE_1.19.0\STM32CubeIDE\plugins\com.st.stm32cube.common.mx_6.15.0.202507011659\\db\/mcu/
2026-04-04 16:37:14,603 [INFO] ApiDb:274 - Set plugin database path to: C:\ST\STM32CubeIDE_1.19.0\STM32CubeIDE\plugins\com.st.stm32cube.common.mx_6.15.0.202507011659\\db\/plugins/boardmanager/
2026-04-04 16:37:14,603 [WARN] ApiDb:259 - Overriding images path with different value:  => C:\ST\STM32CubeIDE_1.19.0\STM32CubeIDE\plugins\com.st.stm32cube.common.mx_6.15.0.202507011659\\db\/plugins/mcufinder/images/
2026-04-04 16:37:14,609 [INFO] ApiDb:250 - Set database path to: C:\Users\welcome\.stmcufinder\plugins\mcufinder//mcu/
2026-04-04 16:37:14,610 [INFO] DbMcusAds:125 - Set database path to: C:\Users\welcome\.stmcufinder\plugins\mcufinder//mcu/
2026-04-04 16:37:14,613 [INFO] CrossReferenceDbSqlite:203 - Set database path to: C:\Users\welcome\.stmcufinder\plugins\mcufinder//mcu/cs/
2026-04-04 16:37:14,755 [INFO] RulesReader:64 - Compatibility file has been processed (317 Rules)
2026-04-04 16:37:14,889 [INFO] DbMcusXml:78 - Set database path to: C:\ST\STM32CubeIDE_1.19.0\STM32CubeIDE\plugins\com.st.stm32cube.common.mx_6.15.0.202507011659\\db\/mcu/
2026-04-04 16:37:14,889 [INFO] ApiDb:274 - Set plugin database path to: C:\ST\STM32CubeIDE_1.19.0\STM32CubeIDE\plugins\com.st.stm32cube.common.mx_6.15.0.202507011659\\db\/plugins/boardmanager/
2026-04-04 16:37:14,889 [INFO] ApiDb:261 - Set plugin images path to: C:\ST\STM32CubeIDE_1.19.0\STM32CubeIDE\plugins\com.st.stm32cube.common.mx_6.15.0.202507011659\\db\/plugins/mcufinder/images/
2026-04-04 16:37:14,889 [WARN] DbFile:41 - Overriding database path with different value: C:\Users\welcome\.stmcufinder\plugins\mcufinder/ => C:\Users\welcome\.stmcufinder\plugins\mcufinder
2026-04-04 16:37:14,890 [INFO] ApiDb:250 - Set database path to: C:\Users\welcome\.stmcufinder\plugins\mcufinder//mcu/
2026-04-04 16:37:14,890 [WARN] DbFile:41 - Overriding database path with different value: C:\Users\welcome\.stmcufinder\plugins\mcufinder/ => C:\Users\welcome\.stmcufinder\plugins\mcufinder
2026-04-04 16:37:14,890 [INFO] DbMcusAds:125 - Set database path to: C:\Users\welcome\.stmcufinder\plugins\mcufinder//mcu/
2026-04-04 16:37:14,890 [WARN] DbFile:41 - Overriding database path with different value: C:\Users\welcome\.stmcufinder\plugins\mcufinder/ => C:\Users\welcome\.stmcufinder\plugins\mcufinder
2026-04-04 16:37:14,890 [WARN] DbFile:41 - Overriding database path with different value: C:\Users\welcome\.stmcufinder\plugins\mcufinder/ => C:\Users\welcome\.stmcufinder\plugins\mcufinder
2026-04-04 16:37:14,890 [INFO] CrossReferenceDbSqlite:203 - Set database path to: C:\Users\welcome\.stmcufinder\plugins\mcufinder//mcu/cs/
2026-04-04 16:37:14,989 [INFO] MainPanel:274 - HeapMemory: 268435456
2026-04-04 16:37:15,105 [INFO] DbMcusXml:78 - Set database path to: C:\ST\STM32CubeIDE_1.19.0\STM32CubeIDE\plugins\com.st.stm32cube.common.mx_6.15.0.202507011659\\db\/mcu/
2026-04-04 16:37:15,105 [INFO] ApiDb:274 - Set plugin database path to: C:\ST\STM32CubeIDE_1.19.0\STM32CubeIDE\plugins\com.st.stm32cube.common.mx_6.15.0.202507011659\\db\/plugins/boardmanager/
2026-04-04 16:37:15,105 [INFO] ApiDb:261 - Set plugin images path to: C:\ST\STM32CubeIDE_1.19.0\STM32CubeIDE\plugins\com.st.stm32cube.common.mx_6.15.0.202507011659\\db\/plugins/mcufinder/images/
2026-04-04 16:37:15,106 [WARN] DbFile:41 - Overriding database path with different value: C:\Users\welcome\.stmcufinder\plugins\mcufinder/ => C:\Users\welcome\.stmcufinder\plugins\mcufinder
2026-04-04 16:37:15,106 [INFO] ApiDb:250 - Set database path to: C:\Users\welcome\.stmcufinder\plugins\mcufinder//mcu/
2026-04-04 16:37:15,107 [WARN] DbFile:41 - Overriding database path with different value: C:\Users\welcome\.stmcufinder\plugins\mcufinder/ => C:\Users\welcome\.stmcufinder\plugins\mcufinder
2026-04-04 16:37:15,107 [INFO] DbMcusAds:125 - Set database path to: C:\Users\welcome\.stmcufinder\plugins\mcufinder//mcu/
2026-04-04 16:37:15,107 [WARN] DbFile:41 - Overriding database path with different value: C:\Users\welcome\.stmcufinder\plugins\mcufinder/ => C:\Users\welcome\.stmcufinder\plugins\mcufinder
2026-04-04 16:37:15,107 [WARN] DbFile:41 - Overriding database path with different value: C:\Users\welcome\.stmcufinder\plugins\mcufinder/ => C:\Users\welcome\.stmcufinder\plugins\mcufinder
2026-04-04 16:37:15,107 [INFO] CrossReferenceDbSqlite:203 - Set database path to: C:\Users\welcome\.stmcufinder\plugins\mcufinder//mcu/cs/
2026-04-04 16:37:15,148 [INFO] ApplicationProperties:184 - Using Application install path: C:\ST\STM32CubeIDE_1.19.0\STM32CubeIDE\plugins\com.st.stm32cube.common.mx_6.15.0.202507011659
2026-04-04 16:37:15,150 [INFO] PluginManage:196 - Search for loadable plugins [exclusion list=, ]
2026-04-04 16:37:15,151 [INFO] PluginManage:310 - Check plugin analytics
2026-04-04 16:37:15,514 [INFO] AnalyticsPlugin:253 - Accepted Software Licenses: 
2026-04-04 16:37:15,515 [INFO] AnalyticsPlugin:255 - Accepted CMSIS Pack Licenses: 
2026-04-04 16:37:15,515 [INFO] AnalyticsPlugin:257 - Accepted Firmware Licenses: FW.F4.1.28.0
2026-04-04 16:37:15,521 [INFO] PluginManage:359 - Loaded plugin analytics (category:tool,tabindex:-1)
2026-04-04 16:37:15,522 [INFO] PluginManage:310 - Check plugin cadmodel
2026-04-04 16:37:15,528 [INFO] CADModel:105 - Init CAD model plugin
2026-04-04 16:37:15,528 [INFO] PluginManage:359 - Loaded plugin cadmodel (category:power,tabindex:5)
2026-04-04 16:37:15,528 [INFO] PluginManage:310 - Check plugin clock
2026-04-04 16:37:15,541 [INFO] PluginManage:359 - Loaded plugin clock (category:base,tabindex:2)
2026-04-04 16:37:15,541 [INFO] PluginManage:310 - Check plugin ddr
2026-04-04 16:37:15,544 [INFO] PluginManage:359 - Loaded plugin ddr (category:tool,tabindex:6)
2026-04-04 16:37:15,545 [INFO] PluginManage:310 - Check plugin filemanager
2026-04-04 16:37:15,807 [INFO] PluginManage:359 - Loaded plugin filemanager (category:base,tabindex:10)
2026-04-04 16:37:15,807 [INFO] PluginManage:310 - Check plugin ipmanager
2026-04-04 16:37:15,816 [INFO] PluginManage:359 - Loaded plugin ipmanager (category:base,tabindex:5)
2026-04-04 16:37:15,816 [INFO] PluginManage:310 - Check plugin lpbam
2026-04-04 16:37:15,828 [INFO] PluginManage:359 - Loaded plugin lpbam (category:base,tabindex:0)
2026-04-04 16:37:15,828 [INFO] PluginManage:310 - Check plugin memorymap
2026-04-04 16:37:15,845 [INFO] PluginManage:359 - Loaded plugin memorymap (category:base,tabindex:4)
2026-04-04 16:37:15,846 [INFO] PluginManage:310 - Check plugin pinoutandconfiguration
2026-04-04 16:37:15,860 [INFO] PluginManage:359 - Loaded plugin pinoutandconfiguration (category:base,tabindex:1)
2026-04-04 16:37:15,860 [INFO] PluginManage:310 - Check plugin pinoutconfig
2026-04-04 16:37:16,056 [WARN] SupportedApi:132 - Cannot load RTOS API schema: s4s-elt-must-match.1: The content of 'definitions' must match (annotation?, (simpleType | complexType)?, (unique | key | keyref)*)). A problem was found starting at: attribute.
2026-04-04 16:37:16,229 [INFO] PluginManage:359 - Loaded plugin pinoutconfig (category:base,tabindex:0)
2026-04-04 16:37:16,230 [INFO] PluginManage:310 - Check plugin power
2026-04-04 16:37:16,244 [INFO] PluginManage:359 - Loaded plugin power (category:power,tabindex:4)
2026-04-04 16:37:16,244 [INFO] PluginManage:310 - Check plugin projectmanager
2026-04-04 16:37:16,270 [INFO] PluginManage:359 - Loaded plugin projectmanager (category:projectmanager,tabindex:4)
2026-04-04 16:37:16,271 [INFO] PluginManage:310 - Check plugin rif
2026-04-04 16:37:16,291 [INFO] PluginManage:359 - Loaded plugin rif (category:base,tabindex:3)
2026-04-04 16:37:16,292 [INFO] PluginManage:310 - Check plugin thirdparty
2026-04-04 16:37:16,487 [WARN] IntegrityCheckThread:84 - waiting for thirdparty lock release [integrity check]
2026-04-04 16:37:16,488 [INFO] IntegrityCheckThread:86 - entering critical section [integrity check]
2026-04-04 16:37:16,488 [INFO] ThirdPartyUpdaterWithRetryManager:70 - Updater plugin not ready yet. [1/15]
2026-04-04 16:37:16,490 [INFO] PluginManage:359 - Loaded plugin thirdparty (category:base,tabindex:-1)
2026-04-04 16:37:16,490 [INFO] PluginManage:310 - Check plugin tools
2026-04-04 16:37:16,500 [INFO] PluginManage:359 - Loaded plugin tools (category:base,tabindex:7)
2026-04-04 16:37:16,501 [INFO] PluginManage:310 - Check plugin tutovideos
2026-04-04 16:37:16,761 [INFO] PluginManage:359 - Loaded plugin tutovideos (category:base,tabindex:-1)
2026-04-04 16:37:16,761 [INFO] PluginManage:310 - Check plugin updater
2026-04-04 16:37:16,790 [INFO] PluginManage:359 - Loaded plugin updater (category:base,tabindex:12)
2026-04-04 16:37:16,791 [INFO] PluginManage:310 - Check plugin userauth
2026-04-04 16:37:16,795 [INFO] UserAuth:118 - Init User Auth plugin
2026-04-04 16:37:16,796 [INFO] PluginManage:359 - Loaded plugin userauth (category:base,tabindex:14)
2026-04-04 16:37:16,796 [INFO] PluginManage:283 - PluginManage : Loaded plugins [18]
2026-04-04 16:37:17,119 [INFO] PinOutPanel:1589 - setPackage(No Configuration,No Configuration)
2026-04-04 16:37:17,226 [INFO] CADModel:165 - CPN selected for project level
2026-04-04 16:37:17,227 [INFO] CADModel:114 - Register for checkConnection events
2026-04-04 16:37:17,254 [INFO] IPUIPlugin:80 - create IPUIPlugin
2026-04-04 16:37:17,254 [INFO] PluginManager:220 - loadIPPluginJar : add adc
2026-04-04 16:37:17,259 [INFO] IPUIPlugin:80 - create IPUIPlugin
2026-04-04 16:37:17,259 [INFO] PluginManager:220 - loadIPPluginJar : add aes
2026-04-04 16:37:17,262 [INFO] IPUIPlugin:80 - create IPUIPlugin
2026-04-04 16:37:17,263 [INFO] PluginManager:220 - loadIPPluginJar : add can
2026-04-04 16:37:17,265 [INFO] IPUIPlugin:80 - create IPUIPlugin
2026-04-04 16:37:17,265 [INFO] PluginManager:220 - loadIPPluginJar : add comp
2026-04-04 16:37:17,268 [INFO] IPUIPlugin:80 - create IPUIPlugin
2026-04-04 16:37:17,268 [INFO] PluginManager:220 - loadIPPluginJar : add cryp
2026-04-04 16:37:17,271 [INFO] IPUIPlugin:80 - create IPUIPlugin
2026-04-04 16:37:17,271 [INFO] PluginManager:220 - loadIPPluginJar : add ddr_ctrl_phy
2026-04-04 16:37:17,274 [INFO] IPUIPlugin:80 - create IPUIPlugin
2026-04-04 16:37:17,274 [INFO] PluginManager:220 - loadIPPluginJar : add dfsdm
2026-04-04 16:37:17,281 [INFO] IPUIPlugin:80 - create IPUIPlugin
2026-04-04 16:37:17,282 [INFO] PluginManager:220 - loadIPPluginJar : add dma
2026-04-04 16:37:17,285 [INFO] IPUIPlugin:80 - create IPUIPlugin
2026-04-04 16:37:17,285 [INFO] PluginManager:220 - loadIPPluginJar : add dma3
2026-04-04 16:37:17,289 [INFO] IPUIPlugin:80 - create IPUIPlugin
2026-04-04 16:37:17,289 [INFO] PluginManager:220 - loadIPPluginJar : add extmemmanager
2026-04-04 16:37:17,291 [INFO] IPUIPlugin:80 - create IPUIPlugin
2026-04-04 16:37:17,291 [INFO] PluginManager:220 - loadIPPluginJar : add fatfs
2026-04-04 16:37:17,296 [INFO] IPUIPlugin:80 - create IPUIPlugin
2026-04-04 16:37:17,296 [INFO] PluginManager:220 - loadIPPluginJar : add fmc
2026-04-04 16:37:17,303 [INFO] IPUIPlugin:80 - create IPUIPlugin
2026-04-04 16:37:17,303 [INFO] PluginManager:220 - loadIPPluginJar : add freertos
2026-04-04 16:37:17,305 [INFO] IPUIPlugin:80 - create IPUIPlugin
2026-04-04 16:37:17,305 [INFO] PluginManager:220 - loadIPPluginJar : add genericplugin
2026-04-04 16:37:17,308 [INFO] IPUIPlugin:80 - create IPUIPlugin
2026-04-04 16:37:17,308 [INFO] PluginManager:220 - loadIPPluginJar : add gfxmmu
2026-04-04 16:37:17,313 [INFO] IPUIPlugin:80 - create IPUIPlugin
2026-04-04 16:37:17,313 [INFO] PluginManager:220 - loadIPPluginJar : add gic
2026-04-04 16:37:17,319 [INFO] IPUIPlugin:80 - create IPUIPlugin
2026-04-04 16:37:17,319 [INFO] PluginManager:220 - loadIPPluginJar : add gpio
2026-04-04 16:37:17,323 [INFO] IPUIPlugin:80 - create IPUIPlugin
2026-04-04 16:37:17,324 [INFO] PluginManager:220 - loadIPPluginJar : add gtzc
2026-04-04 16:37:17,327 [INFO] IPUIPlugin:80 - create IPUIPlugin
2026-04-04 16:37:17,327 [INFO] PluginManager:220 - loadIPPluginJar : add hash
2026-04-04 16:37:17,331 [INFO] IPUIPlugin:80 - create IPUIPlugin
2026-04-04 16:37:17,331 [INFO] PluginManager:220 - loadIPPluginJar : add i2c
2026-04-04 16:37:17,336 [INFO] IPUIPlugin:80 - create IPUIPlugin
2026-04-04 16:37:17,336 [INFO] PluginManager:220 - loadIPPluginJar : add i2s
2026-04-04 16:37:17,339 [INFO] IPUIPlugin:80 - create IPUIPlugin
2026-04-04 16:37:17,339 [INFO] PluginManager:220 - loadIPPluginJar : add i3c
2026-04-04 16:37:17,345 [INFO] IPUIPlugin:80 - create IPUIPlugin
2026-04-04 16:37:17,346 [INFO] PluginManager:220 - loadIPPluginJar : add ipddr
2026-04-04 16:37:17,355 [INFO] IPUIPlugin:80 - create IPUIPlugin
2026-04-04 16:37:17,355 [INFO] PluginManager:220 - loadIPPluginJar : add linkedlist
2026-04-04 16:37:17,359 [INFO] IPUIPlugin:80 - create IPUIPlugin
2026-04-04 16:37:17,359 [INFO] PluginManager:220 - loadIPPluginJar : add lorawan
2026-04-04 16:37:17,362 [INFO] IPUIPlugin:80 - create IPUIPlugin
2026-04-04 16:37:17,362 [INFO] PluginManager:220 - loadIPPluginJar : add ltdc
2026-04-04 16:37:17,369 [INFO] IPUIPlugin:80 - create IPUIPlugin
2026-04-04 16:37:17,370 [INFO] PluginManager:220 - loadIPPluginJar : add mdma
2026-04-04 16:37:17,373 [INFO] IPUIPlugin:80 - create IPUIPlugin
2026-04-04 16:37:17,373 [INFO] PluginManager:220 - loadIPPluginJar : add nvic
2026-04-04 16:37:17,377 [INFO] IPUIPlugin:80 - create IPUIPlugin
2026-04-04 16:37:17,377 [INFO] PluginManager:220 - loadIPPluginJar : add opamp
2026-04-04 16:37:17,381 [INFO] IPUIPlugin:80 - create IPUIPlugin
2026-04-04 16:37:17,381 [INFO] PluginManager:220 - loadIPPluginJar : add openamp
2026-04-04 16:37:17,385 [INFO] IPUIPlugin:80 - create IPUIPlugin
2026-04-04 16:37:17,385 [INFO] PluginManager:220 - loadIPPluginJar : add pdm2pcm
2026-04-04 16:37:17,391 [INFO] IPUIPlugin:80 - create IPUIPlugin
2026-04-04 16:37:17,394 [INFO] PluginManager:220 - loadIPPluginJar : add plateformsettings
2026-04-04 16:37:17,396 [INFO] IPUIPlugin:80 - create IPUIPlugin
2026-04-04 16:37:17,396 [INFO] PluginManager:220 - loadIPPluginJar : add quadspi
2026-04-04 16:37:17,398 [INFO] IPUIPlugin:80 - create IPUIPlugin
2026-04-04 16:37:17,399 [INFO] PluginManager:220 - loadIPPluginJar : add radio
2026-04-04 16:37:17,403 [INFO] IPUIPlugin:80 - create IPUIPlugin
2026-04-04 16:37:17,403 [INFO] PluginManager:220 - loadIPPluginJar : add resmgrutility
2026-04-04 16:37:17,409 [INFO] IPUIPlugin:80 - create IPUIPlugin
2026-04-04 16:37:17,409 [INFO] PluginManager:220 - loadIPPluginJar : add sai
2026-04-04 16:37:17,413 [INFO] IPUIPlugin:80 - create IPUIPlugin
2026-04-04 16:37:17,413 [INFO] PluginManager:220 - loadIPPluginJar : add spi
2026-04-04 16:37:17,422 [INFO] IPUIPlugin:80 - create IPUIPlugin
2026-04-04 16:37:17,422 [INFO] PluginManager:220 - loadIPPluginJar : add stm32_wpan
2026-04-04 16:37:17,426 [INFO] IPUIPlugin:80 - create IPUIPlugin
2026-04-04 16:37:17,426 [INFO] PluginManager:220 - loadIPPluginJar : add tim
2026-04-04 16:37:17,430 [INFO] IPUIPlugin:80 - create IPUIPlugin
2026-04-04 16:37:17,430 [INFO] PluginManager:220 - loadIPPluginJar : add touchsensing
2026-04-04 16:37:17,432 [INFO] IPUIPlugin:80 - create IPUIPlugin
2026-04-04 16:37:17,432 [INFO] PluginManager:220 - loadIPPluginJar : add tracer_emb
2026-04-04 16:37:17,434 [INFO] IPUIPlugin:80 - create IPUIPlugin
2026-04-04 16:37:17,434 [INFO] PluginManager:220 - loadIPPluginJar : add ts
2026-04-04 16:37:17,436 [INFO] IPUIPlugin:80 - create IPUIPlugin
2026-04-04 16:37:17,436 [INFO] PluginManager:220 - loadIPPluginJar : add tsc
2026-04-04 16:37:17,439 [INFO] IPUIPlugin:80 - create IPUIPlugin
2026-04-04 16:37:17,439 [INFO] PluginManager:220 - loadIPPluginJar : add ucpd
2026-04-04 16:37:17,442 [INFO] IPUIPlugin:80 - create IPUIPlugin
2026-04-04 16:37:17,443 [INFO] PluginManager:220 - loadIPPluginJar : add usart
2026-04-04 16:37:17,448 [INFO] IPUIPlugin:80 - create IPUIPlugin
2026-04-04 16:37:17,448 [INFO] PluginManager:220 - loadIPPluginJar : add usbx
2026-04-04 16:37:17,625 [FATAL] Updater:351 - Updater called before beeing initialized
2026-04-04 16:37:17,663 [INFO] RulesReader:64 - Compatibility file has been processed (317 Rules)
2026-04-04 16:37:17,675 [INFO] RulesReader:64 - Compatibility file has been processed (317 Rules)
2026-04-04 16:37:17,688 [INFO] CADModel:165 - CPN selected for project level
2026-04-04 16:37:17,688 [INFO] CADModel:114 - Register for checkConnection events
2026-04-04 16:37:17,688 [FATAL] Updater:351 - Updater called before beeing initialized
2026-04-04 16:37:17,689 [ERROR] CADModel:125 - Updater not yet initialized, retry later 
2026-04-04 16:37:17,979 [FATAL] Updater:351 - Updater called before beeing initialized
2026-04-04 16:37:17,983 [INFO] CADModel:165 - CPN selected for project level
2026-04-04 16:37:17,983 [INFO] CADModel:114 - Register for checkConnection events
2026-04-04 16:37:17,983 [FATAL] Updater:351 - Updater called before beeing initialized
2026-04-04 16:37:17,983 [ERROR] CADModel:125 - Updater not yet initialized, retry later 
2026-04-04 16:37:17,988 [FATAL] Updater:351 - Updater called before beeing initialized
2026-04-04 16:37:18,215 [FATAL] Updater:351 - Updater called before beeing initialized
2026-04-04 16:37:18,219 [INFO] DbMcusAds:53 - JSON generation date=Thu Mar 05 20:02:53 IST 2026 (1772721173054)
2026-04-04 16:37:18,220 [FATAL] Updater:351 - Updater called before beeing initialized
2026-04-04 16:37:18,262 [WARN] DetailPanel:346 - Failed to get advertising image, set to default
2026-04-04 16:37:18,356 [FATAL] Updater:351 - Updater called before beeing initialized
2026-04-04 16:37:18,358 [FATAL] Updater:351 - Updater called before beeing initialized
2026-04-04 16:37:18,358 [FATAL] Updater:351 - Updater called before beeing initialized
2026-04-04 16:37:18,359 [WARN] DetailPanel:346 - Failed to get advertising image, set to default
2026-04-04 16:37:18,359 [FATAL] Updater:351 - Updater called before beeing initialized
2026-04-04 16:37:18,433 [ERROR] Updater:1198 - MainUpdater not yet initialized. External WinMGr cannot be set.
2026-04-04 16:37:18,435 [INFO] Updater:1134 - Updater Version found : 6.15.0
2026-04-04 16:37:18,458 [INFO] ApplicationProperties:184 - Using Application install path: C:\ST\STM32CubeIDE_1.19.0\STM32CubeIDE\plugins\com.st.stm32cube.common.mx_6.15.0.202507011659
2026-04-04 16:37:19,489 [INFO] ThirdPartyUpdaterWithRetryManager:70 - Updater plugin not ready yet. [2/15]
2026-04-04 16:37:20,042 [ERROR] LogOutputStream:75 - [STDERR_REDIRECT] Apr 04, 2026 4:37:20 PM java.util.prefs.WindowsPreferences <init>
2026-04-04 16:37:20,044 [ERROR] LogOutputStream:75 - [STDERR_REDIRECT] WARNING: Could not open/create prefs root node Software\JavaSoft\Prefs at root 0xffffffff80000002. Windows RegCreateKeyEx(...) returned error code 5.
2026-04-04 16:37:20,044 [ERROR] LogOutputStream:75 - [STDERR_REDIRECT] 
2026-04-04 16:37:20,547 [INFO] MainUpdater:2872 - connection check result : 10
2026-04-04 16:37:20,548 [INFO] MainUpdater:289 - Updater Check For Update Now.
2026-04-04 16:37:20,548 [INFO] MicroXplorer:498 - Change Database Version : DB.6.0.150
2026-04-04 16:37:20,555 [INFO] McuFinderGlobals:63 - Set McuFinder mode to 2 (CubeIDE integrated)
2026-04-04 16:37:20,556 [INFO] UserAuth:171 - activating auth plugin
2026-04-04 16:37:20,560 [INFO] UserAuth:487 - Internet connection configuration mode: 1
2026-04-04 16:37:20,603 [INFO] JxBrowserEngine:152 - Initiate JxBrowser Engine with user profile folder
2026-04-04 16:37:20,778 [INFO] CheckServerUpdateThread:120 - End of CheckServer Thread
2026-04-04 16:37:21,488 [INFO] WebApp:169 - Instantiating new browser for Auth
2026-04-04 16:37:22,463 [INFO] WebApp:463 - Apply proxy settings
2026-04-04 16:37:22,464 [INFO] WebApp:548 - Chromium requires no authentication
2026-04-04 16:37:22,478 [INFO] WebApp:491 - Direct internet connection detected
2026-04-04 16:37:22,524 [INFO] WebApp:900 - Register for checkConnection events
2026-04-04 16:37:22,524 [INFO] WebApp:463 - Apply proxy settings
2026-04-04 16:37:22,525 [INFO] WebApp:548 - Chromium requires no authentication
2026-04-04 16:37:22,526 [INFO] WebApp:491 - Direct internet connection detected
2026-04-04 16:37:22,848 [WARN] PackLoader:240 - Cannot read IP mode file for STMicroelectronics.X-CUBE-AZRTOS-H7.3.5.0
2026-04-04 16:37:22,859 [WARN] PackLoader:240 - Cannot read IP mode file for STMicroelectronics.FP-SNS-MOTENVWB1.1.4.0
2026-04-04 16:37:22,867 [WARN] PackLoader:240 - Cannot read IP mode file for STMicroelectronics.FP-ATR-ASTRA1.2.0.2
2026-04-04 16:37:22,886 [WARN] PackLoader:240 - Cannot read IP mode file for STMicroelectronics.X-CUBE-SMBUS.2.1.0
2026-04-04 16:37:22,915 [WARN] PackLoader:240 - Cannot read IP mode file for STMicroelectronics.X-CUBE-AZRTOS-F7.1.1.0
2026-04-04 16:37:22,939 [WARN] PackLoader:240 - Cannot read IP mode file for WES.I-CUBE-Cesium.1.4.0
2026-04-04 16:37:22,972 [WARN] PackLoader:240 - Cannot read IP mode file for STMicroelectronics.X-CUBE-AZRTOS-H7.3.4.0
2026-04-04 16:37:23,000 [WARN] PackLoader:240 - Cannot read IP mode file for STMicroelectronics.X-CUBE-DISPLAY.3.0.0
2026-04-04 16:37:23,009 [WARN] PackLoader:240 - Cannot read IP mode file for STMicroelectronics.FP-SNS-MOTENVWB1.1.5.0
2026-04-04 16:37:23,022 [WARN] PackLoader:240 - Cannot read IP mode file for STMicroelectronics.X-CUBE-NFC10.1.0.0
2026-04-04 16:37:23,030 [WARN] PackLoader:240 - Cannot read IP mode file for emotas.I-CUBE-CANOPEN.1.3.0
2026-04-04 16:37:23,036 [WARN] PackLoader:240 - Cannot read IP mode file for STMicroelectronics.FP-SNS-SMARTAG2.1.2.0
2026-04-04 16:37:23,042 [WARN] PackLoader:240 - Cannot read IP mode file for STMicroelectronics.FP-SNS-FLIGHT1.5.1.0
2026-04-04 16:37:23,073 [INFO] LogOutputStream:77 - [STDOUT_REDIRECT] 1 : Invalid condition id : UX_CORESTACK_Condition cause : null
2026-04-04 16:37:23,075 [INFO] LogOutputStream:77 - [STDOUT_REDIRECT] 1 : Invalid condition id : UX_CORESTACK_Condition cause : null
2026-04-04 16:37:23,077 [INFO] LogOutputStream:77 - [STDOUT_REDIRECT] 1 : Invalid condition id : UX_CORESTACK_Condition cause : null
2026-04-04 16:37:23,078 [INFO] LogOutputStream:77 - [STDOUT_REDIRECT] 1 : Invalid condition id : UX_CORESTACK_Condition cause : null
2026-04-04 16:37:23,080 [INFO] LogOutputStream:77 - [STDOUT_REDIRECT] 1 : Invalid condition id : UX_CORESTACK_Condition cause : null
2026-04-04 16:37:23,085 [WARN] PackLoader:240 - Cannot read IP mode file for STMicroelectronics.X-CUBE-AZRTOS-WL.2.0.0
2026-04-04 16:37:23,101 [WARN] PackLoader:240 - Cannot read IP mode file for STMicroelectronics.X-CUBE-BLE2.3.3.0
2026-04-04 16:37:23,172 [INFO] WebApp:225 - Starting web application
2026-04-04 16:37:23,172 [INFO] WebApp:593 - Web application path used C:\ST\STM32CubeIDE_1.19.0\STM32CubeIDE\plugins\com.st.stm32cube.common.mx_6.15.0.202507011659\db\plugins\mcufinder\reactClient1\index.html
2026-04-04 16:37:23,186 [WARN] PackLoader:240 - Cannot read IP mode file for Infineon.AIROC-Wi-Fi-Bluetooth-STM32.1.8.0
2026-04-04 16:37:23,200 [INFO] WebApp:191 - Connection restablished
2026-04-04 16:37:23,213 [WARN] PackLoader:240 - Cannot read IP mode file for STMicroelectronics.X-CUBE-NFC9.1.0.0
2026-04-04 16:37:23,227 [WARN] PackLoader:240 - Cannot read IP mode file for STMicroelectronics.X-CUBE-BLE1.7.1.0
2026-04-04 16:37:23,236 [WARN] PackLoader:240 - Cannot read IP mode file for wolfSSL.I-CUBE-wolfMQTT.1.19.2
2026-04-04 16:37:23,246 [WARN] PackLoader:240 - Cannot read IP mode file for STMicroelectronics.X-CUBE-FREERTOS.1.4.0
2026-04-04 16:37:23,252 [WARN] PackLoader:240 - Cannot read IP mode file for wolfSSL.I-CUBE-wolfSSL.5.8.4
2026-04-04 16:37:23,258 [WARN] PackLoader:240 - Cannot read IP mode file for Cesanta.I-CUBE-Mongoose.7.20.0
2026-04-04 16:37:23,276 [WARN] PackLoader:240 - Cannot read IP mode file for STMicroelectronics.X-CUBE-AZRTOS-G0.1.1.0
2026-04-04 16:37:23,290 [WARN] PackLoader:240 - Cannot read IP mode file for STMicroelectronics.X-CUBE-NFC4.3.0.0
2026-04-04 16:37:23,303 [WARN] PackLoader:240 - Cannot read IP mode file for EmbeddedOffice.I-CUBE-FS-RTOS.1.0.1
2026-04-04 16:37:23,312 [WARN] PackLoader:240 - Cannot read IP mode file for STMicroelectronics.X-CUBE-WB05N.2.0.0
2026-04-04 16:37:23,320 [WARN] PackLoader:240 - Cannot read IP mode file for wolfSSL.I-CUBE-wolfTPM.3.8.0
2026-04-04 16:37:23,329 [WARN] PackLoader:240 - Cannot read IP mode file for STMicroelectronics.X-CUBE-TCPP.4.2.0
2026-04-04 16:37:23,339 [WARN] PackLoader:240 - Cannot read IP mode file for RealThread.X-CUBE-RT-Thread_Nano.4.1.1
2026-04-04 16:37:23,346 [WARN] PackLoader:240 - Cannot read IP mode file for STMicroelectronics.FP-ATR-SIGFOX1.3.2.0
2026-04-04 16:37:23,354 [WARN] PackLoader:240 - Cannot read IP mode file for STMicroelectronics.X-CUBE-FREERTOS.1.5.0
2026-04-04 16:37:23,363 [WARN] PackLoader:240 - Cannot read IP mode file for ITTIA_DB.I-CUBE-ITTIADB.8.9.0
2026-04-04 16:37:23,372 [WARN] PackLoader:240 - Cannot read IP mode file for STMicroelectronics.X-CUBE-NFC6.3.2.0
2026-04-04 16:37:23,414 [WARN] PackLoader:240 - Cannot read IP mode file for SEGGER.I-CUBE-embOS.1.3.1
2026-04-04 16:37:23,478 [WARN] PackLoader:240 - Cannot read IP mode file for STMicroelectronics.X-CUBE-ALGOBUILD.1.4.0
2026-04-04 16:37:23,487 [WARN] PackLoader:240 - Cannot read IP mode file for STMicroelectronics.X-CUBE-PM33A1.1.0.0
2026-04-04 16:37:23,552 [WARN] PackLoader:240 - Cannot read IP mode file for STMicroelectronics.X-CUBE-AZRTOS-F4.1.1.0
2026-04-04 16:37:23,569 [WARN] PackLoader:240 - Cannot read IP mode file for STMicroelectronics.X-CUBE-ISPU.2.1.0
2026-04-04 16:37:23,578 [WARN] PackLoader:240 - Cannot read IP mode file for STMicroelectronics.eDS-WB_DPC_TT-BIDIR.2.1.1
2026-04-04 16:37:23,604 [WARN] PackLoader:240 - Cannot read IP mode file for STMicroelectronics.X-CUBE-AZRTOS-L5.2.0.0
2026-04-04 16:37:23,621 [WARN] PackLoader:240 - Cannot read IP mode file for STMicroelectronics.X-CUBE-NFC6.3.1.0
2026-04-04 16:37:23,637 [WARN] PackLoader:240 - Cannot read IP mode file for STMicroelectronics.eDS-WB_DPC_VIENNA.1.2.0
2026-04-04 16:37:23,644 [WARN] PackLoader:240 - Cannot read IP mode file for STMicroelectronics.eDS-WB_DPC_3PH2L-BIDIR.1.1.1
2026-04-04 16:37:23,653 [WARN] PackLoader:240 - Cannot read IP mode file for STMicroelectronics.X-CUBE-TOUCHGFX.4.26.0
2026-04-04 16:37:23,658 [WARN] PackLoader:240 - Cannot read IP mode file for STMicroelectronics.X-CUBE-TOUCHGFX.4.26.1
2026-04-04 16:37:23,668 [WARN] PackLoader:240 - Cannot read IP mode file for STMicroelectronics.X-CUBE-DPower.1.3.0
2026-04-04 16:37:23,694 [WARN] ConditionMgr:438 - getConditionDescription Invalid condition id : LAN8742 Phy interface Condition cause : null
2026-04-04 16:37:23,695 [WARN] PackLoader:240 - Cannot read IP mode file for STMicroelectronics.X-CUBE-AZRTOS-L4.2.0.0
2026-04-04 16:37:23,698 [WARN] ConditionMgr:1044 - genDependencies : Invalid condition id : LAN8742 Phy interface Condition cause : null
2026-04-04 16:37:23,698 [WARN] ConditionMgr:1044 - genDependencies : Invalid condition id : LAN8742 Phy interface Condition cause : null
2026-04-04 16:37:23,700 [WARN] ConditionMgr:1044 - genDependencies : Invalid condition id : LAN8742 Phy interface Condition cause : null
2026-04-04 16:37:23,714 [WARN] PackLoader:240 - Cannot read IP mode file for STMicroelectronics.X-CUBE-SFXS2LP1.4.0.0
2026-04-04 16:37:23,729 [WARN] PackLoader:240 - Cannot read IP mode file for STMicroelectronics.X-CUBE-ST67W61.1.2.0
2026-04-04 16:37:23,745 [WARN] ConditionMgr:438 - getConditionDescription Invalid condition id : UX DEVICE CLASS RTOS Condition cause : null
2026-04-04 16:37:23,746 [WARN] ConditionMgr:438 - getConditionDescription Invalid condition id : UX DEVICE CLASS RTOS Condition cause : null
2026-04-04 16:37:23,749 [WARN] PackLoader:240 - Cannot read IP mode file for STMicroelectronics.X-CUBE-AZRTOS-WB.2.0.0
2026-04-04 16:37:23,750 [WARN] ConditionMgr:1044 - genDependencies : Invalid condition id : UX DEVICE CLASS RTOS Condition cause : null
2026-04-04 16:37:23,751 [WARN] ConditionMgr:1044 - genDependencies : Invalid condition id : UX DEVICE CLASS RTOS Condition cause : null
2026-04-04 16:37:23,751 [WARN] ConditionMgr:1044 - genDependencies : Invalid condition id : UX DEVICE CLASS RTOS Condition cause : null
2026-04-04 16:37:23,752 [WARN] ConditionMgr:1044 - genDependencies : Invalid condition id : UX DEVICE CLASS RTOS Condition cause : null
2026-04-04 16:37:23,752 [WARN] ConditionMgr:1044 - genDependencies : Invalid condition id : UX DEVICE CLASS RTOS Condition cause : null
2026-04-04 16:37:23,763 [WARN] ConditionMgr:438 - getConditionDescription Invalid condition id : Cortex-A Device cause : null
2026-04-04 16:37:23,779 [WARN] ConditionMgr:1044 - genDependencies : Invalid condition id : Cortex-A Device cause : null
2026-04-04 16:37:23,780 [WARN] ConditionMgr:1044 - genDependencies : Invalid condition id : Cortex-A Device cause : null
2026-04-04 16:37:23,780 [WARN] ConditionMgr:1044 - genDependencies : Invalid condition id : Cortex-A Device cause : null
2026-04-04 16:37:23,793 [WARN] PackLoader:240 - Cannot read IP mode file for STMicroelectronics.X-CUBE-STSE01.2.0.0
2026-04-04 16:37:23,819 [WARN] PackLoader:240 - Cannot read IP mode file for STMicroelectronics.X-CUBE-SUBG2.5.0.0
2026-04-04 16:37:23,847 [WARN] PackLoader:240 - Cannot read IP mode file for STMicroelectronics.X-CUBE-AZRTOS-G4.2.0.0
2026-04-04 16:37:23,858 [WARN] PackLoader:240 - Cannot read IP mode file for wolfSSL.I-CUBE-wolfSSH.1.4.20
2026-04-04 16:37:23,868 [WARN] PackLoader:240 - Cannot read IP mode file for STMicroelectronics.X-CUBE-NFC7.2.0.0
2026-04-04 16:37:23,878 [WARN] PackLoader:240 - Cannot read IP mode file for STMicroelectronics.X-CUBE-ALS.1.0.2
2026-04-04 16:37:23,889 [WARN] PackLoader:240 - Cannot read IP mode file for STMicroelectronics.X-CUBE-STSE01.1.0.0
2026-04-04 16:37:23,894 [ERROR] LogOutputStream:75 - [STDERR_REDIRECT] [Fatal Error] :1:1: Premature end of file.
2026-04-04 16:37:23,896 [ERROR] LogOutputStream:75 - [STDERR_REDIRECT] 
2026-04-04 16:37:23,903 [WARN] PackLoader:240 - Cannot read IP mode file for STMicroelectronics.X-CUBE-TOF1.3.4.3
2026-04-04 16:37:23,919 [INFO] ThirdParty:978 - Integrity check success = true
2026-04-04 16:37:23,919 [INFO] IntegrityCheckThread:100 - exiting critical section [integrity check]
2026-04-04 16:37:23,920 [INFO] IntegrityCheckThread:103 - End integrity checks thread
2026-04-04 16:37:24,681 [ERROR] LogOutputStream:75 - [STDERR_REDIRECT] [Fatal Error] :1:1: Premature end of file.
2026-04-04 16:37:24,681 [ERROR] LogOutputStream:75 - [STDERR_REDIRECT] 
2026-04-04 16:37:25,687 [ERROR] LogOutputStream:75 - [STDERR_REDIRECT] [Fatal Error] :1:1: Premature end of file.
2026-04-04 16:37:25,688 [ERROR] LogOutputStream:75 - [STDERR_REDIRECT] 
2026-04-04 16:37:26,693 [ERROR] LogOutputStream:75 - [STDERR_REDIRECT] [Fatal Error] :1:1: Premature end of file.
2026-04-04 16:37:26,693 [ERROR] LogOutputStream:75 - [STDERR_REDIRECT] 
2026-04-04 16:37:27,686 [ERROR] LogOutputStream:75 - [STDERR_REDIRECT] [Fatal Error] :1:1: Premature end of file.
2026-04-04 16:37:27,686 [ERROR] LogOutputStream:75 - [STDERR_REDIRECT] 
2026-04-04 16:37:28,662 [ERROR] LogOutputStream:75 - [STDERR_REDIRECT] [Fatal Error] :1:1: Premature end of file.
2026-04-04 16:37:28,663 [ERROR] LogOutputStream:75 - [STDERR_REDIRECT] 
2026-04-04 16:37:29,675 [ERROR] LogOutputStream:75 - [STDERR_REDIRECT] [Fatal Error] :1:1: Premature end of file.
2026-04-04 16:37:29,676 [ERROR] LogOutputStream:75 - [STDERR_REDIRECT] 
2026-04-04 16:37:30,665 [ERROR] LogOutputStream:75 - [STDERR_REDIRECT] [Fatal Error] :1:1: Premature end of file.
2026-04-04 16:37:30,665 [ERROR] LogOutputStream:75 - [STDERR_REDIRECT] 
2026-04-04 16:37:31,663 [ERROR] LogOutputStream:75 - [STDERR_REDIRECT] [Fatal Error] :1:1: Premature end of file.
2026-04-04 16:37:31,663 [ERROR] LogOutputStream:75 - [STDERR_REDIRECT] 
2026-04-04 16:37:32,662 [ERROR] LogOutputStream:75 - [STDERR_REDIRECT] [Fatal Error] :1:1: Premature end of file.
2026-04-04 16:37:32,662 [ERROR] LogOutputStream:75 - [STDERR_REDIRECT] 
2026-04-04 16:37:33,665 [ERROR] LogOutputStream:75 - [STDERR_REDIRECT] [Fatal Error] :1:1: Premature end of file.
2026-04-04 16:37:33,666 [ERROR] LogOutputStream:75 - [STDERR_REDIRECT] 
2026-04-04 16:37:34,670 [ERROR] LogOutputStream:75 - [STDERR_REDIRECT] [Fatal Error] :1:1: Premature end of file.
2026-04-04 16:37:34,670 [ERROR] LogOutputStream:75 - [STDERR_REDIRECT] 
2026-04-04 16:37:35,677 [ERROR] LogOutputStream:75 - [STDERR_REDIRECT] [Fatal Error] :1:1: Premature end of file.
2026-04-04 16:37:35,677 [ERROR] LogOutputStream:75 - [STDERR_REDIRECT] 
2026-04-04 16:37:36,672 [ERROR] LogOutputStream:75 - [STDERR_REDIRECT] [Fatal Error] :1:1: Premature end of file.
2026-04-04 16:37:36,672 [ERROR] LogOutputStream:75 - [STDERR_REDIRECT] 
2026-04-04 16:37:37,671 [ERROR] LogOutputStream:75 - [STDERR_REDIRECT] [Fatal Error] :1:1: Premature end of file.
2026-04-04 16:37:37,671 [ERROR] LogOutputStream:75 - [STDERR_REDIRECT] 
2026-04-04 16:37:38,669 [ERROR] LogOutputStream:75 - [STDERR_REDIRECT] [Fatal Error] :1:1: Premature end of file.
2026-04-04 16:37:38,674 [ERROR] LogOutputStream:75 - [STDERR_REDIRECT] 
2026-04-04 16:37:39,672 [ERROR] LogOutputStream:75 - [STDERR_REDIRECT] [Fatal Error] :1:1: Premature end of file.
2026-04-04 16:37:39,672 [ERROR] LogOutputStream:75 - [STDERR_REDIRECT] 
2026-04-04 16:37:40,666 [ERROR] LogOutputStream:75 - [STDERR_REDIRECT] [Fatal Error] :1:1: Premature end of file.
2026-04-04 16:37:40,666 [ERROR] LogOutputStream:75 - [STDERR_REDIRECT] 
2026-04-04 16:37:41,663 [ERROR] LogOutputStream:75 - [STDERR_REDIRECT] [Fatal Error] :1:1: Premature end of file.
2026-04-04 16:37:41,663 [ERROR] LogOutputStream:75 - [STDERR_REDIRECT] 
2026-04-04 16:37:42,669 [ERROR] LogOutputStream:75 - [STDERR_REDIRECT] [Fatal Error] :1:1: Premature end of file.
2026-04-04 16:37:42,670 [ERROR] LogOutputStream:75 - [STDERR_REDIRECT] 
2026-04-04 16:37:43,670 [ERROR] LogOutputStream:75 - [STDERR_REDIRECT] [Fatal Error] :1:1: Premature end of file.
2026-04-04 16:37:43,670 [ERROR] LogOutputStream:75 - [STDERR_REDIRECT] 
2026-04-04 16:37:44,652 [ERROR] LogOutputStream:75 - [STDERR_REDIRECT] [Fatal Error] :1:1: Premature end of file.
2026-04-04 16:37:44,652 [ERROR] LogOutputStream:75 - [STDERR_REDIRECT] 
2026-04-04 16:37:45,670 [ERROR] LogOutputStream:75 - [STDERR_REDIRECT] [Fatal Error] :1:1: Premature end of file.
2026-04-04 16:37:45,670 [ERROR] LogOutputStream:75 - [STDERR_REDIRECT] 
2026-04-04 16:37:46,663 [ERROR] LogOutputStream:75 - [STDERR_REDIRECT] [Fatal Error] :1:1: Premature end of file.
2026-04-04 16:37:46,664 [ERROR] LogOutputStream:75 - [STDERR_REDIRECT] 
2026-04-04 16:37:47,672 [ERROR] LogOutputStream:75 - [STDERR_REDIRECT] [Fatal Error] :1:1: Premature end of file.
2026-04-04 16:37:47,672 [ERROR] LogOutputStream:75 - [STDERR_REDIRECT] 
2026-04-04 16:37:48,649 [ERROR] LogOutputStream:75 - [STDERR_REDIRECT] [Fatal Error] :1:1: Premature end of file.
2026-04-04 16:37:48,650 [ERROR] LogOutputStream:75 - [STDERR_REDIRECT] 
2026-04-04 16:37:49,672 [ERROR] LogOutputStream:75 - [STDERR_REDIRECT] [Fatal Error] :1:1: Premature end of file.
2026-04-04 16:37:49,672 [ERROR] LogOutputStream:75 - [STDERR_REDIRECT] 
2026-04-04 16:37:50,672 [ERROR] LogOutputStream:75 - [STDERR_REDIRECT] [Fatal Error] :1:1: Premature end of file.
2026-04-04 16:37:50,673 [ERROR] LogOutputStream:75 - [STDERR_REDIRECT] 
2026-04-04 16:37:51,660 [ERROR] LogOutputStream:75 - [STDERR_REDIRECT] [Fatal Error] :1:1: Premature end of file.
2026-04-04 16:37:51,660 [ERROR] LogOutputStream:75 - [STDERR_REDIRECT] 
2026-04-04 16:37:52,653 [ERROR] LogOutputStream:75 - [STDERR_REDIRECT] [Fatal Error] :1:1: Premature end of file.
2026-04-04 16:37:52,653 [ERROR] LogOutputStream:75 - [STDERR_REDIRECT] 
2026-04-04 16:37:53,663 [ERROR] LogOutputStream:75 - [STDERR_REDIRECT] [Fatal Error] :1:1: Premature end of file.
2026-04-04 16:37:53,664 [ERROR] LogOutputStream:75 - [STDERR_REDIRECT] 
2026-04-04 16:37:54,686 [ERROR] LogOutputStream:75 - [STDERR_REDIRECT] [Fatal Error] :1:1: Premature end of file.
2026-04-04 16:37:54,686 [ERROR] LogOutputStream:75 - [STDERR_REDIRECT] 
2026-04-04 16:37:55,688 [ERROR] LogOutputStream:75 - [STDERR_REDIRECT] [Fatal Error] :1:1: Premature end of file.
2026-04-04 16:37:55,689 [ERROR] LogOutputStream:75 - [STDERR_REDIRECT] 
2026-04-04 16:37:56,687 [ERROR] LogOutputStream:75 - [STDERR_REDIRECT] [Fatal Error] :1:1: Premature end of file.
2026-04-04 16:37:56,687 [ERROR] LogOutputStream:75 - [STDERR_REDIRECT] 
2026-04-04 16:37:57,680 [ERROR] LogOutputStream:75 - [STDERR_REDIRECT] [Fatal Error] :1:1: Premature end of file.
2026-04-04 16:37:57,680 [ERROR] LogOutputStream:75 - [STDERR_REDIRECT] 
2026-04-04 16:37:58,663 [ERROR] LogOutputStream:75 - [STDERR_REDIRECT] [Fatal Error] :1:1: Premature end of file.
2026-04-04 16:37:58,664 [ERROR] LogOutputStream:75 - [STDERR_REDIRECT] 
2026-04-04 16:37:59,678 [ERROR] LogOutputStream:75 - [STDERR_REDIRECT] [Fatal Error] :1:1: Premature end of file.
2026-04-04 16:37:59,679 [ERROR] LogOutputStream:75 - [STDERR_REDIRECT] 
2026-04-04 16:38:00,654 [ERROR] LogOutputStream:75 - [STDERR_REDIRECT] [Fatal Error] :1:1: Premature end of file.
2026-04-04 16:38:00,654 [ERROR] LogOutputStream:75 - [STDERR_REDIRECT] 
2026-04-04 16:38:01,670 [ERROR] LogOutputStream:75 - [STDERR_REDIRECT] [Fatal Error] :1:1: Premature end of file.
2026-04-04 16:38:01,670 [ERROR] LogOutputStream:75 - [STDERR_REDIRECT] 
2026-04-04 16:38:02,668 [ERROR] LogOutputStream:75 - [STDERR_REDIRECT] [Fatal Error] :1:1: Premature end of file.
2026-04-04 16:38:02,668 [ERROR] LogOutputStream:75 - [STDERR_REDIRECT] 
2026-04-04 16:38:03,669 [ERROR] LogOutputStream:75 - [STDERR_REDIRECT] [Fatal Error] :1:1: Premature end of file.
2026-04-04 16:38:03,670 [ERROR] LogOutputStream:75 - [STDERR_REDIRECT] 
2026-04-04 16:38:04,667 [ERROR] LogOutputStream:75 - [STDERR_REDIRECT] [Fatal Error] :1:1: Premature end of file.
2026-04-04 16:38:04,669 [ERROR] LogOutputStream:75 - [STDERR_REDIRECT] 
2026-04-04 16:38:05,660 [ERROR] LogOutputStream:75 - [STDERR_REDIRECT] [Fatal Error] :1:1: Premature end of file.
2026-04-04 16:38:05,660 [ERROR] LogOutputStream:75 - [STDERR_REDIRECT] 
2026-04-04 16:38:06,672 [ERROR] LogOutputStream:75 - [STDERR_REDIRECT] [Fatal Error] :1:1: Premature end of file.
2026-04-04 16:38:06,673 [ERROR] LogOutputStream:75 - [STDERR_REDIRECT] 
2026-04-04 16:38:07,676 [ERROR] LogOutputStream:75 - [STDERR_REDIRECT] [Fatal Error] :1:1: Premature end of file.
2026-04-04 16:38:07,676 [ERROR] LogOutputStream:75 - [STDERR_REDIRECT] 
2026-04-04 16:38:08,654 [ERROR] LogOutputStream:75 - [STDERR_REDIRECT] [Fatal Error] :1:1: Premature end of file.
2026-04-04 16:38:08,655 [ERROR] LogOutputStream:75 - [STDERR_REDIRECT] 
2026-04-04 16:38:09,676 [ERROR] LogOutputStream:75 - [STDERR_REDIRECT] [Fatal Error] :1:1: Premature end of file.
2026-04-04 16:38:09,677 [ERROR] LogOutputStream:75 - [STDERR_REDIRECT] 
2026-04-04 16:38:10,647 [ERROR] LogOutputStream:75 - [STDERR_REDIRECT] [Fatal Error] :1:1: Premature end of file.
2026-04-04 16:38:10,648 [ERROR] LogOutputStream:75 - [STDERR_REDIRECT] 
2026-04-04 16:38:11,678 [ERROR] LogOutputStream:75 - [STDERR_REDIRECT] [Fatal Error] :1:1: Premature end of file.
2026-04-04 16:38:11,679 [ERROR] LogOutputStream:75 - [STDERR_REDIRECT] 
2026-04-04 16:38:12,671 [ERROR] LogOutputStream:75 - [STDERR_REDIRECT] [Fatal Error] :1:1: Premature end of file.
2026-04-04 16:38:12,671 [ERROR] LogOutputStream:75 - [STDERR_REDIRECT] 
2026-04-04 16:38:13,668 [ERROR] LogOutputStream:75 - [STDERR_REDIRECT] [Fatal Error] :1:1: Premature end of file.
2026-04-04 16:38:13,668 [ERROR] LogOutputStream:75 - [STDERR_REDIRECT] 
2026-04-04 16:38:14,665 [ERROR] LogOutputStream:75 - [STDERR_REDIRECT] [Fatal Error] :1:1: Premature end of file.
2026-04-04 16:38:14,665 [ERROR] LogOutputStream:75 - [STDERR_REDIRECT] 
2026-04-04 16:38:15,684 [ERROR] LogOutputStream:75 - [STDERR_REDIRECT] [Fatal Error] :1:1: Premature end of file.
2026-04-04 16:38:15,684 [ERROR] LogOutputStream:75 - [STDERR_REDIRECT] 
2026-04-04 16:38:16,671 [ERROR] LogOutputStream:75 - [STDERR_REDIRECT] [Fatal Error] :1:1: Premature end of file.
2026-04-04 16:38:16,672 [ERROR] LogOutputStream:75 - [STDERR_REDIRECT] 
2026-04-04 16:38:17,657 [ERROR] LogOutputStream:75 - [STDERR_REDIRECT] [Fatal Error] :1:1: Premature end of file.
2026-04-04 16:38:17,657 [ERROR] LogOutputStream:75 - [STDERR_REDIRECT] 
2026-04-04 16:38:18,650 [ERROR] LogOutputStream:75 - [STDERR_REDIRECT] [Fatal Error] :1:1: Premature end of file.
2026-04-04 16:38:18,650 [ERROR] LogOutputStream:75 - [STDERR_REDIRECT] 
2026-04-04 16:38:19,657 [ERROR] LogOutputStream:75 - [STDERR_REDIRECT] [Fatal Error] :1:1: Premature end of file.
2026-04-04 16:38:19,659 [ERROR] LogOutputStream:75 - [STDERR_REDIRECT] 
2026-04-04 16:38:20,669 [ERROR] LogOutputStream:75 - [STDERR_REDIRECT] [Fatal Error] :1:1: Premature end of file.
2026-04-04 16:38:20,669 [ERROR] LogOutputStream:75 - [STDERR_REDIRECT] 
2026-04-04 16:38:21,656 [ERROR] LogOutputStream:75 - [STDERR_REDIRECT] [Fatal Error] :1:1: Premature end of file.
2026-04-04 16:38:21,656 [ERROR] LogOutputStream:75 - [STDERR_REDIRECT] 
2026-04-04 16:38:22,699 [ERROR] LogOutputStream:75 - [STDERR_REDIRECT] [Fatal Error] :1:1: Premature end of file.
2026-04-04 16:38:22,699 [ERROR] LogOutputStream:75 - [STDERR_REDIRECT] 
2026-04-04 16:38:23,692 [ERROR] LogOutputStream:75 - [STDERR_REDIRECT] [Fatal Error] :1:1: Premature end of file.
2026-04-04 16:38:23,692 [ERROR] LogOutputStream:75 - [STDERR_REDIRECT] 
2026-04-04 16:38:24,676 [ERROR] LogOutputStream:75 - [STDERR_REDIRECT] [Fatal Error] :1:1: Premature end of file.
2026-04-04 16:38:24,676 [ERROR] LogOutputStream:75 - [STDERR_REDIRECT] 
2026-04-04 16:38:25,690 [ERROR] LogOutputStream:75 - [STDERR_REDIRECT] [Fatal Error] :1:1: Premature end of file.
2026-04-04 16:38:25,691 [ERROR] LogOutputStream:75 - [STDERR_REDIRECT] 
2026-04-04 16:38:26,694 [ERROR] LogOutputStream:75 - [STDERR_REDIRECT] [Fatal Error] :1:1: Premature end of file.
2026-04-04 16:38:26,695 [ERROR] LogOutputStream:75 - [STDERR_REDIRECT] 
2026-04-04 16:38:27,698 [ERROR] LogOutputStream:75 - [STDERR_REDIRECT] [Fatal Error] :1:1: Premature end of file.
2026-04-04 16:38:27,699 [ERROR] LogOutputStream:75 - [STDERR_REDIRECT] 
2026-04-04 16:38:28,660 [ERROR] LogOutputStream:75 - [STDERR_REDIRECT] [Fatal Error] :1:1: Premature end of file.
2026-04-04 16:38:28,660 [ERROR] LogOutputStream:75 - [STDERR_REDIRECT] 
2026-04-04 16:38:29,655 [ERROR] LogOutputStream:75 - [STDERR_REDIRECT] [Fatal Error] :1:1: Premature end of file.
2026-04-04 16:38:29,655 [ERROR] LogOutputStream:75 - [STDERR_REDIRECT] 
2026-04-04 16:38:30,689 [ERROR] LogOutputStream:75 - [STDERR_REDIRECT] [Fatal Error] :1:1: Premature end of file.
2026-04-04 16:38:30,689 [ERROR] LogOutputStream:75 - [STDERR_REDIRECT] 
2026-04-04 16:38:31,671 [ERROR] LogOutputStream:75 - [STDERR_REDIRECT] [Fatal Error] :1:1: Premature end of file.
2026-04-04 16:38:31,671 [ERROR] LogOutputStream:75 - [STDERR_REDIRECT] 
2026-04-04 16:38:32,656 [ERROR] LogOutputStream:75 - [STDERR_REDIRECT] [Fatal Error] :1:1: Premature end of file.
2026-04-04 16:38:32,656 [ERROR] LogOutputStream:75 - [STDERR_REDIRECT] 
2026-04-04 16:38:33,676 [ERROR] LogOutputStream:75 - [STDERR_REDIRECT] [Fatal Error] :1:1: Premature end of file.
2026-04-04 16:38:33,676 [ERROR] LogOutputStream:75 - [STDERR_REDIRECT] 
2026-04-04 16:38:34,666 [ERROR] LogOutputStream:75 - [STDERR_REDIRECT] [Fatal Error] :1:1: Premature end of file.
2026-04-04 16:38:34,667 [ERROR] LogOutputStream:75 - [STDERR_REDIRECT] 
2026-04-04 16:38:35,660 [ERROR] LogOutputStream:75 - [STDERR_REDIRECT] [Fatal Error] :1:1: Premature end of file.
2026-04-04 16:38:35,660 [ERROR] LogOutputStream:75 - [STDERR_REDIRECT] 
2026-04-04 16:38:36,668 [ERROR] LogOutputStream:75 - [STDERR_REDIRECT] [Fatal Error] :1:1: Premature end of file.
2026-04-04 16:38:36,668 [ERROR] LogOutputStream:75 - [STDERR_REDIRECT] 
2026-04-04 16:38:37,670 [ERROR] LogOutputStream:75 - [STDERR_REDIRECT] [Fatal Error] :1:1: Premature end of file.
2026-04-04 16:38:37,670 [ERROR] LogOutputStream:75 - [STDERR_REDIRECT] 
2026-04-04 16:38:38,651 [ERROR] LogOutputStream:75 - [STDERR_REDIRECT] [Fatal Error] :1:1: Premature end of file.
2026-04-04 16:38:38,651 [ERROR] LogOutputStream:75 - [STDERR_REDIRECT] 
2026-04-04 16:38:39,661 [ERROR] LogOutputStream:75 - [STDERR_REDIRECT] [Fatal Error] :1:1: Premature end of file.
2026-04-04 16:38:39,662 [ERROR] LogOutputStream:75 - [STDERR_REDIRECT] 
2026-04-04 16:38:40,668 [ERROR] LogOutputStream:75 - [STDERR_REDIRECT] [Fatal Error] :1:1: Premature end of file.
2026-04-04 16:38:40,669 [ERROR] LogOutputStream:75 - [STDERR_REDIRECT] 
2026-04-04 16:38:41,677 [ERROR] LogOutputStream:75 - [STDERR_REDIRECT] [Fatal Error] :1:1: Premature end of file.
2026-04-04 16:38:41,677 [ERROR] LogOutputStream:75 - [STDERR_REDIRECT] 
2026-04-04 16:38:42,677 [ERROR] LogOutputStream:75 - [STDERR_REDIRECT] [Fatal Error] :1:1: Premature end of file.
2026-04-04 16:38:42,677 [ERROR] LogOutputStream:75 - [STDERR_REDIRECT] 
2026-04-04 16:38:43,675 [ERROR] LogOutputStream:75 - [STDERR_REDIRECT] [Fatal Error] :1:1: Premature end of file.
2026-04-04 16:38:43,676 [ERROR] LogOutputStream:75 - [STDERR_REDIRECT] 
2026-04-04 16:38:44,656 [ERROR] LogOutputStream:75 - [STDERR_REDIRECT] [Fatal Error] :1:1: Premature end of file.
2026-04-04 16:38:44,656 [ERROR] LogOutputStream:75 - [STDERR_REDIRECT] 
2026-04-04 16:38:45,669 [ERROR] LogOutputStream:75 - [STDERR_REDIRECT] [Fatal Error] :1:1: Premature end of file.
2026-04-04 16:38:45,669 [ERROR] LogOutputStream:75 - [STDERR_REDIRECT] 
2026-04-04 16:38:46,674 [ERROR] LogOutputStream:75 - [STDERR_REDIRECT] [Fatal Error] :1:1: Premature end of file.
2026-04-04 16:38:46,675 [ERROR] LogOutputStream:75 - [STDERR_REDIRECT] 
2026-04-04 16:38:47,678 [ERROR] LogOutputStream:75 - [STDERR_REDIRECT] [Fatal Error] :1:1: Premature end of file.
2026-04-04 16:38:47,678 [ERROR] LogOutputStream:75 - [STDERR_REDIRECT] 
2026-04-04 16:38:48,663 [ERROR] LogOutputStream:75 - [STDERR_REDIRECT] [Fatal Error] :1:1: Premature end of file.
2026-04-04 16:38:48,663 [ERROR] LogOutputStream:75 - [STDERR_REDIRECT] 
2026-04-04 16:38:49,653 [ERROR] LogOutputStream:75 - [STDERR_REDIRECT] [Fatal Error] :1:1: Premature end of file.
2026-04-04 16:38:49,653 [ERROR] LogOutputStream:75 - [STDERR_REDIRECT] 
2026-04-04 16:38:50,661 [ERROR] LogOutputStream:75 - [STDERR_REDIRECT] [Fatal Error] :1:1: Premature end of file.
2026-04-04 16:38:50,661 [ERROR] LogOutputStream:75 - [STDERR_REDIRECT] 
2026-04-04 16:38:51,666 [ERROR] LogOutputStream:75 - [STDERR_REDIRECT] [Fatal Error] :1:1: Premature end of file.
2026-04-04 16:38:51,666 [ERROR] LogOutputStream:75 - [STDERR_REDIRECT] 
2026-04-04 16:38:52,656 [ERROR] LogOutputStream:75 - [STDERR_REDIRECT] [Fatal Error] :1:1: Premature end of file.
2026-04-04 16:38:52,656 [ERROR] LogOutputStream:75 - [STDERR_REDIRECT] 
2026-04-04 16:38:53,660 [ERROR] LogOutputStream:75 - [STDERR_REDIRECT] [Fatal Error] :1:1: Premature end of file.
2026-04-04 16:38:53,661 [ERROR] LogOutputStream:75 - [STDERR_REDIRECT] 
2026-04-04 16:38:54,689 [ERROR] LogOutputStream:75 - [STDERR_REDIRECT] [Fatal Error] :1:1: Premature end of file.
2026-04-04 16:38:54,690 [ERROR] LogOutputStream:75 - [STDERR_REDIRECT] 
2026-04-04 16:38:55,685 [ERROR] LogOutputStream:75 - [STDERR_REDIRECT] [Fatal Error] :1:1: Premature end of file.
2026-04-04 16:38:55,685 [ERROR] LogOutputStream:75 - [STDERR_REDIRECT] 
2026-04-04 16:38:56,664 [ERROR] LogOutputStream:75 - [STDERR_REDIRECT] [Fatal Error] :1:1: Premature end of file.
2026-04-04 16:38:56,664 [ERROR] LogOutputStream:75 - [STDERR_REDIRECT] 
2026-04-04 16:38:57,679 [ERROR] LogOutputStream:75 - [STDERR_REDIRECT] [Fatal Error] :1:1: Premature end of file.
2026-04-04 16:38:57,679 [ERROR] LogOutputStream:75 - [STDERR_REDIRECT] 
2026-04-04 16:38:58,679 [ERROR] LogOutputStream:75 - [STDERR_REDIRECT] [Fatal Error] :1:1: Premature end of file.
2026-04-04 16:38:58,679 [ERROR] LogOutputStream:75 - [STDERR_REDIRECT] 
2026-04-04 16:38:59,673 [ERROR] LogOutputStream:75 - [STDERR_REDIRECT] [Fatal Error] :1:1: Premature end of file.
2026-04-04 16:38:59,674 [ERROR] LogOutputStream:75 - [STDERR_REDIRECT] 
2026-04-04 16:39:00,668 [ERROR] LogOutputStream:75 - [STDERR_REDIRECT] [Fatal Error] :1:1: Premature end of file.
2026-04-04 16:39:00,670 [ERROR] LogOutputStream:75 - [STDERR_REDIRECT] 
2026-04-04 16:39:01,663 [ERROR] LogOutputStream:75 - [STDERR_REDIRECT] [Fatal Error] :1:1: Premature end of file.
2026-04-04 16:39:01,663 [ERROR] LogOutputStream:75 - [STDERR_REDIRECT] 
2026-04-04 16:39:02,669 [ERROR] LogOutputStream:75 - [STDERR_REDIRECT] [Fatal Error] :1:1: Premature end of file.
2026-04-04 16:39:02,669 [ERROR] LogOutputStream:75 - [STDERR_REDIRECT] 
2026-04-04 16:39:03,690 [ERROR] LogOutputStream:75 - [STDERR_REDIRECT] [Fatal Error] :1:1: Premature end of file.
2026-04-04 16:39:03,690 [ERROR] LogOutputStream:75 - [STDERR_REDIRECT] 
2026-04-04 16:39:04,670 [ERROR] LogOutputStream:75 - [STDERR_REDIRECT] [Fatal Error] :1:1: Premature end of file.
2026-04-04 16:39:04,670 [ERROR] LogOutputStream:75 - [STDERR_REDIRECT] 
2026-04-04 16:39:05,669 [ERROR] LogOutputStream:75 - [STDERR_REDIRECT] [Fatal Error] :1:1: Premature end of file.
2026-04-04 16:39:05,670 [ERROR] LogOutputStream:75 - [STDERR_REDIRECT] 
2026-04-04 16:39:06,675 [ERROR] LogOutputStream:75 - [STDERR_REDIRECT] [Fatal Error] :1:1: Premature end of file.
2026-04-04 16:39:06,675 [ERROR] LogOutputStream:75 - [STDERR_REDIRECT] 
2026-04-04 16:39:07,662 [ERROR] LogOutputStream:75 - [STDERR_REDIRECT] [Fatal Error] :1:1: Premature end of file.
2026-04-04 16:39:07,662 [ERROR] LogOutputStream:75 - [STDERR_REDIRECT] 
2026-04-04 16:39:08,673 [ERROR] LogOutputStream:75 - [STDERR_REDIRECT] [Fatal Error] :1:1: Premature end of file.
2026-04-04 16:39:08,674 [ERROR] LogOutputStream:75 - [STDERR_REDIRECT] 
2026-04-04 16:39:09,657 [ERROR] LogOutputStream:75 - [STDERR_REDIRECT] [Fatal Error] :1:1: Premature end of file.
2026-04-04 16:39:09,657 [ERROR] LogOutputStream:75 - [STDERR_REDIRECT] 
2026-04-04 16:39:10,659 [ERROR] LogOutputStream:75 - [STDERR_REDIRECT] [Fatal Error] :1:1: Premature end of file.
2026-04-04 16:39:10,659 [ERROR] LogOutputStream:75 - [STDERR_REDIRECT] 
2026-04-04 16:39:11,685 [ERROR] LogOutputStream:75 - [STDERR_REDIRECT] [Fatal Error] :1:1: Premature end of file.
2026-04-04 16:39:11,685 [ERROR] LogOutputStream:75 - [STDERR_REDIRECT] 
2026-04-04 16:39:12,680 [ERROR] LogOutputStream:75 - [STDERR_REDIRECT] [Fatal Error] :1:1: Premature end of file.
2026-04-04 16:39:12,681 [ERROR] LogOutputStream:75 - [STDERR_REDIRECT] 
2026-04-04 16:39:13,675 [ERROR] LogOutputStream:75 - [STDERR_REDIRECT] [Fatal Error] :1:1: Premature end of file.
2026-04-04 16:39:13,675 [ERROR] LogOutputStream:75 - [STDERR_REDIRECT] 
2026-04-04 16:39:14,675 [ERROR] LogOutputStream:75 - [STDERR_REDIRECT] [Fatal Error] :1:1: Premature end of file.
2026-04-04 16:39:14,677 [ERROR] LogOutputStream:75 - [STDERR_REDIRECT] 
2026-04-04 16:39:15,664 [ERROR] LogOutputStream:75 - [STDERR_REDIRECT] [Fatal Error] :1:1: Premature end of file.
2026-04-04 16:39:15,664 [ERROR] LogOutputStream:75 - [STDERR_REDIRECT] 
2026-04-04 16:39:16,660 [ERROR] LogOutputStream:75 - [STDERR_REDIRECT] [Fatal Error] :1:1: Premature end of file.
2026-04-04 16:39:16,660 [ERROR] LogOutputStream:75 - [STDERR_REDIRECT] 
2026-04-04 16:39:17,653 [ERROR] LogOutputStream:75 - [STDERR_REDIRECT] [Fatal Error] :1:1: Premature end of file.
2026-04-04 16:39:17,654 [ERROR] LogOutputStream:75 - [STDERR_REDIRECT] 
2026-04-04 16:39:18,668 [ERROR] LogOutputStream:75 - [STDERR_REDIRECT] [Fatal Error] :1:1: Premature end of file.
2026-04-04 16:39:18,669 [ERROR] LogOutputStream:75 - [STDERR_REDIRECT] 
2026-04-04 16:39:19,667 [ERROR] LogOutputStream:75 - [STDERR_REDIRECT] [Fatal Error] :1:1: Premature end of file.
2026-04-04 16:39:19,667 [ERROR] LogOutputStream:75 - [STDERR_REDIRECT] 
2026-04-04 16:39:20,663 [ERROR] LogOutputStream:75 - [STDERR_REDIRECT] [Fatal Error] :1:1: Premature end of file.
2026-04-04 16:39:20,663 [ERROR] LogOutputStream:75 - [STDERR_REDIRECT] 
2026-04-04 16:39:21,661 [ERROR] LogOutputStream:75 - [STDERR_REDIRECT] [Fatal Error] :1:1: Premature end of file.
2026-04-04 16:39:21,661 [ERROR] LogOutputStream:75 - [STDERR_REDIRECT] 
2026-04-04 16:39:22,650 [ERROR] LogOutputStream:75 - [STDERR_REDIRECT] [Fatal Error] :1:1: Premature end of file.
2026-04-04 16:39:22,650 [ERROR] LogOutputStream:75 - [STDERR_REDIRECT] 
2026-04-04 16:39:23,673 [ERROR] LogOutputStream:75 - [STDERR_REDIRECT] [Fatal Error] :1:1: Premature end of file.
2026-04-04 16:39:23,675 [ERROR] LogOutputStream:75 - [STDERR_REDIRECT] 
2026-04-04 16:39:24,724 [ERROR] LogOutputStream:75 - [STDERR_REDIRECT] [Fatal Error] :1:1: Premature end of file.
2026-04-04 16:39:24,725 [ERROR] LogOutputStream:75 - [STDERR_REDIRECT] 
2026-04-04 16:39:25,678 [ERROR] LogOutputStream:75 - [STDERR_REDIRECT] [Fatal Error] :1:1: Premature end of file.
2026-04-04 16:39:25,679 [ERROR] LogOutputStream:75 - [STDERR_REDIRECT] 
2026-04-04 16:39:26,691 [ERROR] LogOutputStream:75 - [STDERR_REDIRECT] [Fatal Error] :1:1: Premature end of file.
2026-04-04 16:39:26,692 [ERROR] LogOutputStream:75 - [STDERR_REDIRECT] 
2026-04-04 16:39:27,655 [ERROR] LogOutputStream:75 - [STDERR_REDIRECT] [Fatal Error] :1:1: Premature end of file.
2026-04-04 16:39:27,655 [ERROR] LogOutputStream:75 - [STDERR_REDIRECT] 
2026-04-04 16:39:28,666 [ERROR] LogOutputStream:75 - [STDERR_REDIRECT] [Fatal Error] :1:1: Premature end of file.
2026-04-04 16:39:28,666 [ERROR] LogOutputStream:75 - [STDERR_REDIRECT] 
2026-04-04 16:39:29,670 [ERROR] LogOutputStream:75 - [STDERR_REDIRECT] [Fatal Error] :1:1: Premature end of file.
2026-04-04 16:39:29,671 [ERROR] LogOutputStream:75 - [STDERR_REDIRECT] 
2026-04-04 16:39:30,668 [ERROR] LogOutputStream:75 - [STDERR_REDIRECT] [Fatal Error] :1:1: Premature end of file.
2026-04-04 16:39:30,668 [ERROR] LogOutputStream:75 - [STDERR_REDIRECT] 
2026-04-04 16:39:31,658 [ERROR] LogOutputStream:75 - [STDERR_REDIRECT] [Fatal Error] :1:1: Premature end of file.
2026-04-04 16:39:31,659 [ERROR] LogOutputStream:75 - [STDERR_REDIRECT] 
2026-04-04 16:39:32,669 [ERROR] LogOutputStream:75 - [STDERR_REDIRECT] [Fatal Error] :1:1: Premature end of file.
2026-04-04 16:39:32,670 [ERROR] LogOutputStream:75 - [STDERR_REDIRECT] 
2026-04-04 16:39:33,650 [ERROR] LogOutputStream:75 - [STDERR_REDIRECT] [Fatal Error] :1:1: Premature end of file.
2026-04-04 16:39:33,650 [ERROR] LogOutputStream:75 - [STDERR_REDIRECT] 
2026-04-04 16:39:34,672 [ERROR] LogOutputStream:75 - [STDERR_REDIRECT] [Fatal Error] :1:1: Premature end of file.
2026-04-04 16:39:34,672 [ERROR] LogOutputStream:75 - [STDERR_REDIRECT] 
2026-04-04 16:39:35,667 [ERROR] LogOutputStream:75 - [STDERR_REDIRECT] [Fatal Error] :1:1: Premature end of file.
2026-04-04 16:39:35,667 [ERROR] LogOutputStream:75 - [STDERR_REDIRECT] 
2026-04-04 16:39:36,674 [ERROR] LogOutputStream:75 - [STDERR_REDIRECT] [Fatal Error] :1:1: Premature end of file.
2026-04-04 16:39:36,674 [ERROR] LogOutputStream:75 - [STDERR_REDIRECT] 
2026-04-04 16:39:37,661 [ERROR] LogOutputStream:75 - [STDERR_REDIRECT] [Fatal Error] :1:1: Premature end of file.
2026-04-04 16:39:37,661 [ERROR] LogOutputStream:75 - [STDERR_REDIRECT] 
2026-04-04 16:39:38,653 [ERROR] LogOutputStream:75 - [STDERR_REDIRECT] [Fatal Error] :1:1: Premature end of file.
2026-04-04 16:39:38,654 [ERROR] LogOutputStream:75 - [STDERR_REDIRECT] 
2026-04-04 16:39:39,649 [ERROR] LogOutputStream:75 - [STDERR_REDIRECT] [Fatal Error] :1:1: Premature end of file.
2026-04-04 16:39:39,649 [ERROR] LogOutputStream:75 - [STDERR_REDIRECT] 
2026-04-04 16:39:40,667 [ERROR] LogOutputStream:75 - [STDERR_REDIRECT] [Fatal Error] :1:1: Premature end of file.
2026-04-04 16:39:40,668 [ERROR] LogOutputStream:75 - [STDERR_REDIRECT] 
2026-04-04 16:39:41,649 [ERROR] LogOutputStream:75 - [STDERR_REDIRECT] [Fatal Error] :1:1: Premature end of file.
2026-04-04 16:39:41,649 [ERROR] LogOutputStream:75 - [STDERR_REDIRECT] 
2026-04-04 16:39:42,651 [ERROR] LogOutputStream:75 - [STDERR_REDIRECT] [Fatal Error] :1:1: Premature end of file.
2026-04-04 16:39:42,651 [ERROR] LogOutputStream:75 - [STDERR_REDIRECT] 
2026-04-04 16:39:43,651 [ERROR] LogOutputStream:75 - [STDERR_REDIRECT] [Fatal Error] :1:1: Premature end of file.
2026-04-04 16:39:43,652 [ERROR] LogOutputStream:75 - [STDERR_REDIRECT] 
2026-04-04 16:39:44,667 [ERROR] LogOutputStream:75 - [STDERR_REDIRECT] [Fatal Error] :1:1: Premature end of file.
2026-04-04 16:39:44,668 [ERROR] LogOutputStream:75 - [STDERR_REDIRECT] 
2026-04-04 16:39:45,660 [ERROR] LogOutputStream:75 - [STDERR_REDIRECT] [Fatal Error] :1:1: Premature end of file.
2026-04-04 16:39:45,661 [ERROR] LogOutputStream:75 - [STDERR_REDIRECT] 
2026-04-04 16:39:46,654 [ERROR] LogOutputStream:75 - [STDERR_REDIRECT] [Fatal Error] :1:1: Premature end of file.
2026-04-04 16:39:46,655 [ERROR] LogOutputStream:75 - [STDERR_REDIRECT] 
2026-04-04 16:39:47,654 [ERROR] LogOutputStream:75 - [STDERR_REDIRECT] [Fatal Error] :1:1: Premature end of file.
2026-04-04 16:39:47,655 [ERROR] LogOutputStream:75 - [STDERR_REDIRECT] 
2026-04-04 16:39:48,663 [ERROR] LogOutputStream:75 - [STDERR_REDIRECT] [Fatal Error] :1:1: Premature end of file.
2026-04-04 16:39:48,663 [ERROR] LogOutputStream:75 - [STDERR_REDIRECT] 
2026-04-04 16:39:49,652 [ERROR] LogOutputStream:75 - [STDERR_REDIRECT] [Fatal Error] :1:1: Premature end of file.
2026-04-04 16:39:49,652 [ERROR] LogOutputStream:75 - [STDERR_REDIRECT] 
2026-04-04 16:39:50,659 [ERROR] LogOutputStream:75 - [STDERR_REDIRECT] [Fatal Error] :1:1: Premature end of file.
2026-04-04 16:39:50,660 [ERROR] LogOutputStream:75 - [STDERR_REDIRECT] 
2026-04-04 16:39:51,667 [ERROR] LogOutputStream:75 - [STDERR_REDIRECT] [Fatal Error] :1:1: Premature end of file.
2026-04-04 16:39:51,667 [ERROR] LogOutputStream:75 - [STDERR_REDIRECT] 
2026-04-04 16:39:52,657 [ERROR] LogOutputStream:75 - [STDERR_REDIRECT] [Fatal Error] :1:1: Premature end of file.
2026-04-04 16:39:52,657 [ERROR] LogOutputStream:75 - [STDERR_REDIRECT] 
2026-04-04 16:39:53,661 [ERROR] LogOutputStream:75 - [STDERR_REDIRECT] [Fatal Error] :1:1: Premature end of file.
2026-04-04 16:39:53,661 [ERROR] LogOutputStream:75 - [STDERR_REDIRECT] 
2026-04-04 16:39:54,680 [ERROR] LogOutputStream:75 - [STDERR_REDIRECT] [Fatal Error] :1:1: Premature end of file.
2026-04-04 16:39:54,680 [ERROR] LogOutputStream:75 - [STDERR_REDIRECT] 
2026-04-04 16:39:55,679 [ERROR] LogOutputStream:75 - [STDERR_REDIRECT] [Fatal Error] :1:1: Premature end of file.
2026-04-04 16:39:55,680 [ERROR] LogOutputStream:75 - [STDERR_REDIRECT] 
2026-04-04 16:39:56,680 [ERROR] LogOutputStream:75 - [STDERR_REDIRECT] [Fatal Error] :1:1: Premature end of file.
2026-04-04 16:39:56,680 [ERROR] LogOutputStream:75 - [STDERR_REDIRECT] 
2026-04-04 16:39:57,665 [ERROR] LogOutputStream:75 - [STDERR_REDIRECT] [Fatal Error] :1:1: Premature end of file.
2026-04-04 16:39:57,666 [ERROR] LogOutputStream:75 - [STDERR_REDIRECT] 
2026-04-04 16:39:58,674 [ERROR] LogOutputStream:75 - [STDERR_REDIRECT] [Fatal Error] :1:1: Premature end of file.
2026-04-04 16:39:58,675 [ERROR] LogOutputStream:75 - [STDERR_REDIRECT] 
2026-04-04 16:39:59,668 [ERROR] LogOutputStream:75 - [STDERR_REDIRECT] [Fatal Error] :1:1: Premature end of file.
2026-04-04 16:39:59,668 [ERROR] LogOutputStream:75 - [STDERR_REDIRECT] 
2026-04-04 16:40:00,676 [ERROR] LogOutputStream:75 - [STDERR_REDIRECT] [Fatal Error] :1:1: Premature end of file.
2026-04-04 16:40:00,677 [ERROR] LogOutputStream:75 - [STDERR_REDIRECT] 
2026-04-04 16:40:01,670 [ERROR] LogOutputStream:75 - [STDERR_REDIRECT] [Fatal Error] :1:1: Premature end of file.
2026-04-04 16:40:01,670 [ERROR] LogOutputStream:75 - [STDERR_REDIRECT] 
2026-04-04 16:40:02,674 [ERROR] LogOutputStream:75 - [STDERR_REDIRECT] [Fatal Error] :1:1: Premature end of file.
2026-04-04 16:40:02,674 [ERROR] LogOutputStream:75 - [STDERR_REDIRECT] 
2026-04-04 16:40:03,671 [ERROR] LogOutputStream:75 - [STDERR_REDIRECT] [Fatal Error] :1:1: Premature end of file.
2026-04-04 16:40:03,671 [ERROR] LogOutputStream:75 - [STDERR_REDIRECT] 
2026-04-04 16:40:04,668 [ERROR] LogOutputStream:75 - [STDERR_REDIRECT] [Fatal Error] :1:1: Premature end of file.
2026-04-04 16:40:04,668 [ERROR] LogOutputStream:75 - [STDERR_REDIRECT] 
2026-04-04 16:40:05,673 [ERROR] LogOutputStream:75 - [STDERR_REDIRECT] [Fatal Error] :1:1: Premature end of file.
2026-04-04 16:40:05,674 [ERROR] LogOutputStream:75 - [STDERR_REDIRECT] 
2026-04-04 16:40:06,664 [ERROR] LogOutputStream:75 - [STDERR_REDIRECT] [Fatal Error] :1:1: Premature end of file.
2026-04-04 16:40:06,664 [ERROR] LogOutputStream:75 - [STDERR_REDIRECT] 
2026-04-04 16:40:07,665 [ERROR] LogOutputStream:75 - [STDERR_REDIRECT] [Fatal Error] :1:1: Premature end of file.
2026-04-04 16:40:07,666 [ERROR] LogOutputStream:75 - [STDERR_REDIRECT] 
2026-04-04 16:40:08,669 [ERROR] LogOutputStream:75 - [STDERR_REDIRECT] [Fatal Error] :1:1: Premature end of file.
2026-04-04 16:40:08,670 [ERROR] LogOutputStream:75 - [STDERR_REDIRECT] 
2026-04-04 16:40:09,673 [ERROR] LogOutputStream:75 - [STDERR_REDIRECT] [Fatal Error] :1:1: Premature end of file.
2026-04-04 16:40:09,673 [ERROR] LogOutputStream:75 - [STDERR_REDIRECT] 
2026-04-04 16:40:10,659 [ERROR] LogOutputStream:75 - [STDERR_REDIRECT] [Fatal Error] :1:1: Premature end of file.
2026-04-04 16:40:10,659 [ERROR] LogOutputStream:75 - [STDERR_REDIRECT] 
2026-04-04 16:40:11,659 [ERROR] LogOutputStream:75 - [STDERR_REDIRECT] [Fatal Error] :1:1: Premature end of file.
2026-04-04 16:40:11,659 [ERROR] LogOutputStream:75 - [STDERR_REDIRECT] 
2026-04-04 16:40:12,661 [ERROR] LogOutputStream:75 - [STDERR_REDIRECT] [Fatal Error] :1:1: Premature end of file.
2026-04-04 16:40:12,661 [ERROR] LogOutputStream:75 - [STDERR_REDIRECT] 
2026-04-04 16:40:13,659 [ERROR] LogOutputStream:75 - [STDERR_REDIRECT] [Fatal Error] :1:1: Premature end of file.
2026-04-04 16:40:13,660 [ERROR] LogOutputStream:75 - [STDERR_REDIRECT] 
2026-04-04 16:40:14,670 [ERROR] LogOutputStream:75 - [STDERR_REDIRECT] [Fatal Error] :1:1: Premature end of file.
2026-04-04 16:40:14,670 [ERROR] LogOutputStream:75 - [STDERR_REDIRECT] 
2026-04-04 16:40:15,662 [ERROR] LogOutputStream:75 - [STDERR_REDIRECT] [Fatal Error] :1:1: Premature end of file.
2026-04-04 16:40:15,662 [ERROR] LogOutputStream:75 - [STDERR_REDIRECT] 
2026-04-04 16:40:16,662 [ERROR] LogOutputStream:75 - [STDERR_REDIRECT] [Fatal Error] :1:1: Premature end of file.
2026-04-04 16:40:16,662 [ERROR] LogOutputStream:75 - [STDERR_REDIRECT] 
2026-04-04 16:40:17,669 [ERROR] LogOutputStream:75 - [STDERR_REDIRECT] [Fatal Error] :1:1: Premature end of file.
2026-04-04 16:40:17,670 [ERROR] LogOutputStream:75 - [STDERR_REDIRECT] 
2026-04-04 16:40:18,674 [ERROR] LogOutputStream:75 - [STDERR_REDIRECT] [Fatal Error] :1:1: Premature end of file.
2026-04-04 16:40:18,675 [ERROR] LogOutputStream:75 - [STDERR_REDIRECT] 
2026-04-04 16:40:19,666 [ERROR] LogOutputStream:75 - [STDERR_REDIRECT] [Fatal Error] :1:1: Premature end of file.
2026-04-04 16:40:19,668 [ERROR] LogOutputStream:75 - [STDERR_REDIRECT] 
2026-04-04 16:40:20,667 [ERROR] LogOutputStream:75 - [STDERR_REDIRECT] [Fatal Error] :1:1: Premature end of file.
2026-04-04 16:40:20,668 [ERROR] LogOutputStream:75 - [STDERR_REDIRECT] 
2026-04-04 16:40:21,666 [ERROR] LogOutputStream:75 - [STDERR_REDIRECT] [Fatal Error] :1:1: Premature end of file.
2026-04-04 16:40:21,666 [ERROR] LogOutputStream:75 - [STDERR_REDIRECT] 
2026-04-04 16:40:22,658 [ERROR] LogOutputStream:75 - [STDERR_REDIRECT] [Fatal Error] :1:1: Premature end of file.
2026-04-04 16:40:22,659 [ERROR] LogOutputStream:75 - [STDERR_REDIRECT] 
2026-04-04 16:40:23,660 [ERROR] LogOutputStream:75 - [STDERR_REDIRECT] [Fatal Error] :1:1: Premature end of file.
2026-04-04 16:40:23,660 [ERROR] LogOutputStream:75 - [STDERR_REDIRECT] 
2026-04-04 16:40:24,685 [ERROR] LogOutputStream:75 - [STDERR_REDIRECT] [Fatal Error] :1:1: Premature end of file.
2026-04-04 16:40:24,685 [ERROR] LogOutputStream:75 - [STDERR_REDIRECT] 
2026-04-04 16:40:25,682 [ERROR] LogOutputStream:75 - [STDERR_REDIRECT] [Fatal Error] :1:1: Premature end of file.
2026-04-04 16:40:25,683 [ERROR] LogOutputStream:75 - [STDERR_REDIRECT] 
2026-04-04 16:40:26,692 [ERROR] LogOutputStream:75 - [STDERR_REDIRECT] [Fatal Error] :1:1: Premature end of file.
2026-04-04 16:40:26,693 [ERROR] LogOutputStream:75 - [STDERR_REDIRECT] 
2026-04-04 16:40:27,666 [ERROR] LogOutputStream:75 - [STDERR_REDIRECT] [Fatal Error] :1:1: Premature end of file.
2026-04-04 16:40:27,667 [ERROR] LogOutputStream:75 - [STDERR_REDIRECT] 
2026-04-04 16:40:28,668 [ERROR] LogOutputStream:75 - [STDERR_REDIRECT] [Fatal Error] :1:1: Premature end of file.
2026-04-04 16:40:28,668 [ERROR] LogOutputStream:75 - [STDERR_REDIRECT] 
2026-04-04 16:40:29,673 [ERROR] LogOutputStream:75 - [STDERR_REDIRECT] [Fatal Error] :1:1: Premature end of file.
2026-04-04 16:40:29,674 [ERROR] LogOutputStream:75 - [STDERR_REDIRECT] 
2026-04-04 16:40:30,666 [ERROR] LogOutputStream:75 - [STDERR_REDIRECT] [Fatal Error] :1:1: Premature end of file.
2026-04-04 16:40:30,666 [ERROR] LogOutputStream:75 - [STDERR_REDIRECT] 
2026-04-04 16:40:31,662 [ERROR] LogOutputStream:75 - [STDERR_REDIRECT] [Fatal Error] :1:1: Premature end of file.
2026-04-04 16:40:31,662 [ERROR] LogOutputStream:75 - [STDERR_REDIRECT] 
2026-04-04 16:40:32,666 [ERROR] LogOutputStream:75 - [STDERR_REDIRECT] [Fatal Error] :1:1: Premature end of file.
2026-04-04 16:40:32,666 [ERROR] LogOutputStream:75 - [STDERR_REDIRECT] 
2026-04-04 16:40:33,660 [ERROR] LogOutputStream:75 - [STDERR_REDIRECT] [Fatal Error] :1:1: Premature end of file.
2026-04-04 16:40:33,660 [ERROR] LogOutputStream:75 - [STDERR_REDIRECT] 
2026-04-04 16:40:34,673 [ERROR] LogOutputStream:75 - [STDERR_REDIRECT] [Fatal Error] :1:1: Premature end of file.
2026-04-04 16:40:34,674 [ERROR] LogOutputStream:75 - [STDERR_REDIRECT] 
2026-04-04 16:40:35,672 [ERROR] LogOutputStream:75 - [STDERR_REDIRECT] [Fatal Error] :1:1: Premature end of file.
2026-04-04 16:40:35,672 [ERROR] LogOutputStream:75 - [STDERR_REDIRECT] 
2026-04-04 16:40:36,679 [ERROR] LogOutputStream:75 - [STDERR_REDIRECT] [Fatal Error] :1:1: Premature end of file.
2026-04-04 16:40:36,680 [ERROR] LogOutputStream:75 - [STDERR_REDIRECT] 
2026-04-04 16:40:37,665 [ERROR] LogOutputStream:75 - [STDERR_REDIRECT] [Fatal Error] :1:1: Premature end of file.
2026-04-04 16:40:37,666 [ERROR] LogOutputStream:75 - [STDERR_REDIRECT] 
2026-04-04 16:40:38,666 [ERROR] LogOutputStream:75 - [STDERR_REDIRECT] [Fatal Error] :1:1: Premature end of file.
2026-04-04 16:40:38,666 [ERROR] LogOutputStream:75 - [STDERR_REDIRECT] 
2026-04-04 16:40:39,667 [ERROR] LogOutputStream:75 - [STDERR_REDIRECT] [Fatal Error] :1:1: Premature end of file.
2026-04-04 16:40:39,668 [ERROR] LogOutputStream:75 - [STDERR_REDIRECT] 
2026-04-04 16:40:40,674 [ERROR] LogOutputStream:75 - [STDERR_REDIRECT] [Fatal Error] :1:1: Premature end of file.
2026-04-04 16:40:40,674 [ERROR] LogOutputStream:75 - [STDERR_REDIRECT] 
2026-04-04 16:40:41,667 [ERROR] LogOutputStream:75 - [STDERR_REDIRECT] [Fatal Error] :1:1: Premature end of file.
2026-04-04 16:40:41,667 [ERROR] LogOutputStream:75 - [STDERR_REDIRECT] 
2026-04-04 16:40:42,666 [ERROR] LogOutputStream:75 - [STDERR_REDIRECT] [Fatal Error] :1:1: Premature end of file.
2026-04-04 16:40:42,666 [ERROR] LogOutputStream:75 - [STDERR_REDIRECT] 
2026-04-04 16:40:43,665 [ERROR] LogOutputStream:75 - [STDERR_REDIRECT] [Fatal Error] :1:1: Premature end of file.
2026-04-04 16:40:43,665 [ERROR] LogOutputStream:75 - [STDERR_REDIRECT] 
2026-04-04 16:40:44,666 [ERROR] LogOutputStream:75 - [STDERR_REDIRECT] [Fatal Error] :1:1: Premature end of file.
2026-04-04 16:40:44,666 [ERROR] LogOutputStream:75 - [STDERR_REDIRECT] 
2026-04-04 16:40:45,671 [ERROR] LogOutputStream:75 - [STDERR_REDIRECT] [Fatal Error] :1:1: Premature end of file.
2026-04-04 16:40:45,671 [ERROR] LogOutputStream:75 - [STDERR_REDIRECT] 
2026-04-04 16:40:46,664 [ERROR] LogOutputStream:75 - [STDERR_REDIRECT] [Fatal Error] :1:1: Premature end of file.
2026-04-04 16:40:46,665 [ERROR] LogOutputStream:75 - [STDERR_REDIRECT] 
2026-04-04 16:40:47,666 [ERROR] LogOutputStream:75 - [STDERR_REDIRECT] [Fatal Error] :1:1: Premature end of file.
2026-04-04 16:40:47,666 [ERROR] LogOutputStream:75 - [STDERR_REDIRECT] 
2026-04-04 16:40:48,663 [ERROR] LogOutputStream:75 - [STDERR_REDIRECT] [Fatal Error] :1:1: Premature end of file.
2026-04-04 16:40:48,664 [ERROR] LogOutputStream:75 - [STDERR_REDIRECT] 
2026-04-04 16:40:49,666 [ERROR] LogOutputStream:75 - [STDERR_REDIRECT] [Fatal Error] :1:1: Premature end of file.
2026-04-04 16:40:49,666 [ERROR] LogOutputStream:75 - [STDERR_REDIRECT] 
2026-04-04 16:40:50,652 [ERROR] LogOutputStream:75 - [STDERR_REDIRECT] [Fatal Error] :1:1: Premature end of file.
2026-04-04 16:40:50,652 [ERROR] LogOutputStream:75 - [STDERR_REDIRECT] 
2026-04-04 16:40:51,683 [ERROR] LogOutputStream:75 - [STDERR_REDIRECT] [Fatal Error] :1:1: Premature end of file.
2026-04-04 16:40:51,684 [ERROR] LogOutputStream:75 - [STDERR_REDIRECT] 
2026-04-04 16:40:52,652 [ERROR] LogOutputStream:75 - [STDERR_REDIRECT] [Fatal Error] :1:1: Premature end of file.
2026-04-04 16:40:52,653 [ERROR] LogOutputStream:75 - [STDERR_REDIRECT] 
2026-04-04 16:40:53,660 [ERROR] LogOutputStream:75 - [STDERR_REDIRECT] [Fatal Error] :1:1: Premature end of file.
2026-04-04 16:40:53,660 [ERROR] LogOutputStream:75 - [STDERR_REDIRECT] 
2026-04-04 16:40:54,695 [ERROR] LogOutputStream:75 - [STDERR_REDIRECT] [Fatal Error] :1:1: Premature end of file.
2026-04-04 16:40:54,695 [ERROR] LogOutputStream:75 - [STDERR_REDIRECT] 
2026-04-04 16:40:55,692 [ERROR] LogOutputStream:75 - [STDERR_REDIRECT] [Fatal Error] :1:1: Premature end of file.
2026-04-04 16:40:55,693 [ERROR] LogOutputStream:75 - [STDERR_REDIRECT] 
2026-04-04 16:40:56,689 [ERROR] LogOutputStream:75 - [STDERR_REDIRECT] [Fatal Error] :1:1: Premature end of file.
2026-04-04 16:40:56,689 [ERROR] LogOutputStream:75 - [STDERR_REDIRECT] 
2026-04-04 16:40:57,674 [ERROR] LogOutputStream:75 - [STDERR_REDIRECT] [Fatal Error] :1:1: Premature end of file.
2026-04-04 16:40:57,674 [ERROR] LogOutputStream:75 - [STDERR_REDIRECT] 
2026-04-04 16:40:58,666 [ERROR] LogOutputStream:75 - [STDERR_REDIRECT] [Fatal Error] :1:1: Premature end of file.
2026-04-04 16:40:58,666 [ERROR] LogOutputStream:75 - [STDERR_REDIRECT] 
2026-04-04 16:40:59,672 [ERROR] LogOutputStream:75 - [STDERR_REDIRECT] [Fatal Error] :1:1: Premature end of file.
2026-04-04 16:40:59,672 [ERROR] LogOutputStream:75 - [STDERR_REDIRECT] 
2026-04-04 16:41:00,652 [ERROR] LogOutputStream:75 - [STDERR_REDIRECT] [Fatal Error] :1:1: Premature end of file.
2026-04-04 16:41:00,653 [ERROR] LogOutputStream:75 - [STDERR_REDIRECT] 
2026-04-04 16:41:01,673 [ERROR] LogOutputStream:75 - [STDERR_REDIRECT] [Fatal Error] :1:1: Premature end of file.
2026-04-04 16:41:01,673 [ERROR] LogOutputStream:75 - [STDERR_REDIRECT] 
2026-04-04 16:41:02,664 [ERROR] LogOutputStream:75 - [STDERR_REDIRECT] [Fatal Error] :1:1: Premature end of file.
2026-04-04 16:41:02,664 [ERROR] LogOutputStream:75 - [STDERR_REDIRECT] 
2026-04-04 16:41:03,670 [ERROR] LogOutputStream:75 - [STDERR_REDIRECT] [Fatal Error] :1:1: Premature end of file.
2026-04-04 16:41:03,670 [ERROR] LogOutputStream:75 - [STDERR_REDIRECT] 
2026-04-04 16:41:04,660 [ERROR] LogOutputStream:75 - [STDERR_REDIRECT] [Fatal Error] :1:1: Premature end of file.
2026-04-04 16:41:04,660 [ERROR] LogOutputStream:75 - [STDERR_REDIRECT] 
2026-04-04 16:41:05,656 [ERROR] LogOutputStream:75 - [STDERR_REDIRECT] [Fatal Error] :1:1: Premature end of file.
2026-04-04 16:41:05,656 [ERROR] LogOutputStream:75 - [STDERR_REDIRECT] 
2026-04-04 16:41:06,660 [ERROR] LogOutputStream:75 - [STDERR_REDIRECT] [Fatal Error] :1:1: Premature end of file.
2026-04-04 16:41:06,660 [ERROR] LogOutputStream:75 - [STDERR_REDIRECT] 
2026-04-04 16:41:07,659 [ERROR] LogOutputStream:75 - [STDERR_REDIRECT] [Fatal Error] :1:1: Premature end of file.
2026-04-04 16:41:07,660 [ERROR] LogOutputStream:75 - [STDERR_REDIRECT] 
2026-04-04 16:41:08,658 [ERROR] LogOutputStream:75 - [STDERR_REDIRECT] [Fatal Error] :1:1: Premature end of file.
2026-04-04 16:41:08,659 [ERROR] LogOutputStream:75 - [STDERR_REDIRECT] 
2026-04-04 16:41:09,652 [ERROR] LogOutputStream:75 - [STDERR_REDIRECT] [Fatal Error] :1:1: Premature end of file.
2026-04-04 16:41:09,653 [ERROR] LogOutputStream:75 - [STDERR_REDIRECT] 
2026-04-04 16:41:10,655 [ERROR] LogOutputStream:75 - [STDERR_REDIRECT] [Fatal Error] :1:1: Premature end of file.
2026-04-04 16:41:10,655 [ERROR] LogOutputStream:75 - [STDERR_REDIRECT] 
2026-04-04 16:41:11,659 [ERROR] LogOutputStream:75 - [STDERR_REDIRECT] [Fatal Error] :1:1: Premature end of file.
2026-04-04 16:41:11,659 [ERROR] LogOutputStream:75 - [STDERR_REDIRECT] 
2026-04-04 16:41:12,667 [ERROR] LogOutputStream:75 - [STDERR_REDIRECT] [Fatal Error] :1:1: Premature end of file.
2026-04-04 16:41:12,667 [ERROR] LogOutputStream:75 - [STDERR_REDIRECT] 
2026-04-04 16:41:13,661 [ERROR] LogOutputStream:75 - [STDERR_REDIRECT] [Fatal Error] :1:1: Premature end of file.
2026-04-04 16:41:13,662 [ERROR] LogOutputStream:75 - [STDERR_REDIRECT] 
2026-04-04 16:41:14,658 [ERROR] LogOutputStream:75 - [STDERR_REDIRECT] [Fatal Error] :1:1: Premature end of file.
2026-04-04 16:41:14,658 [ERROR] LogOutputStream:75 - [STDERR_REDIRECT] 
2026-04-04 16:41:15,720 [ERROR] LogOutputStream:75 - [STDERR_REDIRECT] [Fatal Error] :1:1: Premature end of file.
2026-04-04 16:41:15,721 [ERROR] LogOutputStream:75 - [STDERR_REDIRECT] 
2026-04-04 16:41:16,702 [ERROR] LogOutputStream:75 - [STDERR_REDIRECT] [Fatal Error] :1:1: Premature end of file.
2026-04-04 16:41:16,702 [ERROR] LogOutputStream:75 - [STDERR_REDIRECT] 
2026-04-04 16:41:17,689 [ERROR] LogOutputStream:75 - [STDERR_REDIRECT] [Fatal Error] :1:1: Premature end of file.
2026-04-04 16:41:17,690 [ERROR] LogOutputStream:75 - [STDERR_REDIRECT] 
2026-04-04 16:41:18,682 [ERROR] LogOutputStream:75 - [STDERR_REDIRECT] [Fatal Error] :1:1: Premature end of file.
2026-04-04 16:41:18,682 [ERROR] LogOutputStream:75 - [STDERR_REDIRECT] 
2026-04-04 16:41:19,767 [ERROR] LogOutputStream:75 - [STDERR_REDIRECT] [Fatal Error] :1:1: Premature end of file.
2026-04-04 16:41:19,768 [ERROR] LogOutputStream:75 - [STDERR_REDIRECT] 
2026-04-04 16:41:20,682 [ERROR] LogOutputStream:75 - [STDERR_REDIRECT] [Fatal Error] :1:1: Premature end of file.
2026-04-04 16:41:20,683 [ERROR] LogOutputStream:75 - [STDERR_REDIRECT] 
2026-04-04 16:41:21,728 [ERROR] LogOutputStream:75 - [STDERR_REDIRECT] [Fatal Error] :1:1: Premature end of file.
2026-04-04 16:41:21,729 [ERROR] LogOutputStream:75 - [STDERR_REDIRECT] 
2026-04-04 16:41:23,024 [ERROR] LogOutputStream:75 - [STDERR_REDIRECT] [Fatal Error] :1:1: Premature end of file.
2026-04-04 16:41:23,024 [ERROR] LogOutputStream:75 - [STDERR_REDIRECT] 
2026-04-04 16:41:23,752 [ERROR] LogOutputStream:75 - [STDERR_REDIRECT] [Fatal Error] :1:1: Premature end of file.
2026-04-04 16:41:23,753 [ERROR] LogOutputStream:75 - [STDERR_REDIRECT] 
2026-04-04 16:41:25,001 [ERROR] LogOutputStream:75 - [STDERR_REDIRECT] [Fatal Error] :1:1: Premature end of file.
2026-04-04 16:41:25,001 [ERROR] LogOutputStream:75 - [STDERR_REDIRECT] 
2026-04-04 16:41:25,689 [ERROR] LogOutputStream:75 - [STDERR_REDIRECT] [Fatal Error] :1:1: Premature end of file.
2026-04-04 16:41:25,690 [ERROR] LogOutputStream:75 - [STDERR_REDIRECT] 
2026-04-04 16:41:26,697 [ERROR] LogOutputStream:75 - [STDERR_REDIRECT] [Fatal Error] :1:1: Premature end of file.
2026-04-04 16:41:26,698 [ERROR] LogOutputStream:75 - [STDERR_REDIRECT] 
2026-04-04 16:41:27,731 [ERROR] LogOutputStream:75 - [STDERR_REDIRECT] [Fatal Error] :1:1: Premature end of file.
2026-04-04 16:41:27,732 [ERROR] LogOutputStream:75 - [STDERR_REDIRECT] 
2026-04-04 16:41:28,695 [ERROR] LogOutputStream:75 - [STDERR_REDIRECT] [Fatal Error] :1:1: Premature end of file.
2026-04-04 16:41:28,695 [ERROR] LogOutputStream:75 - [STDERR_REDIRECT] 
2026-04-04 16:41:29,661 [ERROR] LogOutputStream:75 - [STDERR_REDIRECT] [Fatal Error] :1:1: Premature end of file.
2026-04-04 16:41:29,661 [ERROR] LogOutputStream:75 - [STDERR_REDIRECT] 
2026-04-04 16:41:30,663 [ERROR] LogOutputStream:75 - [STDERR_REDIRECT] [Fatal Error] :1:1: Premature end of file.
2026-04-04 16:41:30,663 [ERROR] LogOutputStream:75 - [STDERR_REDIRECT] 
2026-04-04 16:41:31,666 [ERROR] LogOutputStream:75 - [STDERR_REDIRECT] [Fatal Error] :1:1: Premature end of file.
2026-04-04 16:41:31,666 [ERROR] LogOutputStream:75 - [STDERR_REDIRECT] 
2026-04-04 16:41:32,668 [ERROR] LogOutputStream:75 - [STDERR_REDIRECT] [Fatal Error] :1:1: Premature end of file.
2026-04-04 16:41:32,668 [ERROR] LogOutputStream:75 - [STDERR_REDIRECT] 
2026-04-04 16:41:33,673 [ERROR] LogOutputStream:75 - [STDERR_REDIRECT] [Fatal Error] :1:1: Premature end of file.
2026-04-04 16:41:33,673 [ERROR] LogOutputStream:75 - [STDERR_REDIRECT] 
2026-04-04 16:41:34,671 [ERROR] LogOutputStream:75 - [STDERR_REDIRECT] [Fatal Error] :1:1: Premature end of file.
2026-04-04 16:41:34,671 [ERROR] LogOutputStream:75 - [STDERR_REDIRECT] 
2026-04-04 16:41:35,673 [ERROR] LogOutputStream:75 - [STDERR_REDIRECT] [Fatal Error] :1:1: Premature end of file.
2026-04-04 16:41:35,673 [ERROR] LogOutputStream:75 - [STDERR_REDIRECT] 
2026-04-04 16:41:36,672 [ERROR] LogOutputStream:75 - [STDERR_REDIRECT] [Fatal Error] :1:1: Premature end of file.
2026-04-04 16:41:36,672 [ERROR] LogOutputStream:75 - [STDERR_REDIRECT] 
2026-04-04 16:41:37,672 [ERROR] LogOutputStream:75 - [STDERR_REDIRECT] [Fatal Error] :1:1: Premature end of file.
2026-04-04 16:41:37,672 [ERROR] LogOutputStream:75 - [STDERR_REDIRECT] 
2026-04-04 16:41:38,669 [ERROR] LogOutputStream:75 - [STDERR_REDIRECT] [Fatal Error] :1:1: Premature end of file.
2026-04-04 16:41:38,669 [ERROR] LogOutputStream:75 - [STDERR_REDIRECT] 
2026-04-04 16:41:39,671 [ERROR] LogOutputStream:75 - [STDERR_REDIRECT] [Fatal Error] :1:1: Premature end of file.
2026-04-04 16:41:39,671 [ERROR] LogOutputStream:75 - [STDERR_REDIRECT] 
2026-04-04 16:41:40,667 [ERROR] LogOutputStream:75 - [STDERR_REDIRECT] [Fatal Error] :1:1: Premature end of file.
2026-04-04 16:41:40,667 [ERROR] LogOutputStream:75 - [STDERR_REDIRECT] 
2026-04-04 16:41:41,672 [ERROR] LogOutputStream:75 - [STDERR_REDIRECT] [Fatal Error] :1:1: Premature end of file.
2026-04-04 16:41:41,673 [ERROR] LogOutputStream:75 - [STDERR_REDIRECT] 
2026-04-04 16:41:42,671 [ERROR] LogOutputStream:75 - [STDERR_REDIRECT] [Fatal Error] :1:1: Premature end of file.
2026-04-04 16:41:42,671 [ERROR] LogOutputStream:75 - [STDERR_REDIRECT] 
2026-04-04 16:41:43,667 [ERROR] LogOutputStream:75 - [STDERR_REDIRECT] [Fatal Error] :1:1: Premature end of file.
2026-04-04 16:41:43,667 [ERROR] LogOutputStream:75 - [STDERR_REDIRECT] 
2026-04-04 16:41:44,665 [ERROR] LogOutputStream:75 - [STDERR_REDIRECT] [Fatal Error] :1:1: Premature end of file.
2026-04-04 16:41:44,666 [ERROR] LogOutputStream:75 - [STDERR_REDIRECT] 
2026-04-04 16:41:45,669 [ERROR] LogOutputStream:75 - [STDERR_REDIRECT] [Fatal Error] :1:1: Premature end of file.
2026-04-04 16:41:45,669 [ERROR] LogOutputStream:75 - [STDERR_REDIRECT] 
2026-04-04 16:41:46,730 [ERROR] LogOutputStream:75 - [STDERR_REDIRECT] [Fatal Error] :1:1: Premature end of file.
2026-04-04 16:41:46,730 [ERROR] LogOutputStream:75 - [STDERR_REDIRECT] 
2026-04-04 16:41:47,664 [ERROR] LogOutputStream:75 - [STDERR_REDIRECT] [Fatal Error] :1:1: Premature end of file.
2026-04-04 16:41:47,665 [ERROR] LogOutputStream:75 - [STDERR_REDIRECT] 
2026-04-04 16:41:48,663 [ERROR] LogOutputStream:75 - [STDERR_REDIRECT] [Fatal Error] :1:1: Premature end of file.
2026-04-04 16:41:48,663 [ERROR] LogOutputStream:75 - [STDERR_REDIRECT] 
2026-04-04 16:41:49,663 [ERROR] LogOutputStream:75 - [STDERR_REDIRECT] [Fatal Error] :1:1: Premature end of file.
2026-04-04 16:41:49,663 [ERROR] LogOutputStream:75 - [STDERR_REDIRECT] 
2026-04-04 16:41:50,668 [ERROR] LogOutputStream:75 - [STDERR_REDIRECT] [Fatal Error] :1:1: Premature end of file.
2026-04-04 16:41:50,670 [ERROR] LogOutputStream:75 - [STDERR_REDIRECT] 
2026-04-04 16:41:51,667 [ERROR] LogOutputStream:75 - [STDERR_REDIRECT] [Fatal Error] :1:1: Premature end of file.
2026-04-04 16:41:51,667 [ERROR] LogOutputStream:75 - [STDERR_REDIRECT] 
2026-04-04 16:41:52,656 [ERROR] LogOutputStream:75 - [STDERR_REDIRECT] [Fatal Error] :1:1: Premature end of file.
2026-04-04 16:41:52,658 [ERROR] LogOutputStream:75 - [STDERR_REDIRECT] 
2026-04-04 16:41:53,647 [ERROR] LogOutputStream:75 - [STDERR_REDIRECT] [Fatal Error] :1:1: Premature end of file.
2026-04-04 16:41:53,647 [ERROR] LogOutputStream:75 - [STDERR_REDIRECT] 
2026-04-04 16:41:54,694 [ERROR] LogOutputStream:75 - [STDERR_REDIRECT] [Fatal Error] :1:1: Premature end of file.
2026-04-04 16:41:54,694 [ERROR] LogOutputStream:75 - [STDERR_REDIRECT] 
2026-04-04 16:41:55,688 [ERROR] LogOutputStream:75 - [STDERR_REDIRECT] [Fatal Error] :1:1: Premature end of file.
2026-04-04 16:41:55,689 [ERROR] LogOutputStream:75 - [STDERR_REDIRECT] 
2026-04-04 16:41:56,698 [ERROR] LogOutputStream:75 - [STDERR_REDIRECT] [Fatal Error] :1:1: Premature end of file.
2026-04-04 16:41:56,698 [ERROR] LogOutputStream:75 - [STDERR_REDIRECT] 
2026-04-04 16:41:57,654 [ERROR] LogOutputStream:75 - [STDERR_REDIRECT] [Fatal Error] :1:1: Premature end of file.
2026-04-04 16:41:57,654 [ERROR] LogOutputStream:75 - [STDERR_REDIRECT] 
2026-04-04 16:41:58,671 [ERROR] LogOutputStream:75 - [STDERR_REDIRECT] [Fatal Error] :1:1: Premature end of file.
2026-04-04 16:41:58,672 [ERROR] LogOutputStream:75 - [STDERR_REDIRECT] 
2026-04-04 16:41:59,661 [ERROR] LogOutputStream:75 - [STDERR_REDIRECT] [Fatal Error] :1:1: Premature end of file.
2026-04-04 16:41:59,661 [ERROR] LogOutputStream:75 - [STDERR_REDIRECT] 
2026-04-04 16:42:00,673 [ERROR] LogOutputStream:75 - [STDERR_REDIRECT] [Fatal Error] :1:1: Premature end of file.
2026-04-04 16:42:00,673 [ERROR] LogOutputStream:75 - [STDERR_REDIRECT] 
2026-04-04 16:42:01,664 [ERROR] LogOutputStream:75 - [STDERR_REDIRECT] [Fatal Error] :1:1: Premature end of file.
2026-04-04 16:42:01,664 [ERROR] LogOutputStream:75 - [STDERR_REDIRECT] 
2026-04-04 16:42:02,664 [ERROR] LogOutputStream:75 - [STDERR_REDIRECT] [Fatal Error] :1:1: Premature end of file.
2026-04-04 16:42:02,664 [ERROR] LogOutputStream:75 - [STDERR_REDIRECT] 
2026-04-04 16:42:03,656 [ERROR] LogOutputStream:75 - [STDERR_REDIRECT] [Fatal Error] :1:1: Premature end of file.
2026-04-04 16:42:03,656 [ERROR] LogOutputStream:75 - [STDERR_REDIRECT] 
2026-04-04 16:42:04,681 [ERROR] LogOutputStream:75 - [STDERR_REDIRECT] [Fatal Error] :1:1: Premature end of file.
2026-04-04 16:42:04,681 [ERROR] LogOutputStream:75 - [STDERR_REDIRECT] 
2026-04-04 16:42:05,666 [ERROR] LogOutputStream:75 - [STDERR_REDIRECT] [Fatal Error] :1:1: Premature end of file.
2026-04-04 16:42:05,666 [ERROR] LogOutputStream:75 - [STDERR_REDIRECT] 
2026-04-04 16:42:06,672 [ERROR] LogOutputStream:75 - [STDERR_REDIRECT] [Fatal Error] :1:1: Premature end of file.
2026-04-04 16:42:06,672 [ERROR] LogOutputStream:75 - [STDERR_REDIRECT] 
2026-04-04 16:42:07,665 [ERROR] LogOutputStream:75 - [STDERR_REDIRECT] [Fatal Error] :1:1: Premature end of file.
2026-04-04 16:42:07,665 [ERROR] LogOutputStream:75 - [STDERR_REDIRECT] 
2026-04-04 16:42:08,659 [ERROR] LogOutputStream:75 - [STDERR_REDIRECT] [Fatal Error] :1:1: Premature end of file.
2026-04-04 16:42:08,660 [ERROR] LogOutputStream:75 - [STDERR_REDIRECT] 
2026-04-04 16:42:09,679 [ERROR] LogOutputStream:75 - [STDERR_REDIRECT] [Fatal Error] :1:1: Premature end of file.
2026-04-04 16:42:09,680 [ERROR] LogOutputStream:75 - [STDERR_REDIRECT] 
2026-04-04 16:42:10,669 [ERROR] LogOutputStream:75 - [STDERR_REDIRECT] [Fatal Error] :1:1: Premature end of file.
2026-04-04 16:42:10,669 [ERROR] LogOutputStream:75 - [STDERR_REDIRECT] 
2026-04-04 16:42:11,673 [ERROR] LogOutputStream:75 - [STDERR_REDIRECT] [Fatal Error] :1:1: Premature end of file.
2026-04-04 16:42:11,673 [ERROR] LogOutputStream:75 - [STDERR_REDIRECT] 
2026-04-04 16:42:12,651 [ERROR] LogOutputStream:75 - [STDERR_REDIRECT] [Fatal Error] :1:1: Premature end of file.
2026-04-04 16:42:12,651 [ERROR] LogOutputStream:75 - [STDERR_REDIRECT] 
2026-04-04 16:42:13,673 [ERROR] LogOutputStream:75 - [STDERR_REDIRECT] [Fatal Error] :1:1: Premature end of file.
2026-04-04 16:42:13,673 [ERROR] LogOutputStream:75 - [STDERR_REDIRECT] 
2026-04-04 16:42:14,668 [ERROR] LogOutputStream:75 - [STDERR_REDIRECT] [Fatal Error] :1:1: Premature end of file.
2026-04-04 16:42:14,668 [ERROR] LogOutputStream:75 - [STDERR_REDIRECT] 
2026-04-04 16:42:15,672 [ERROR] LogOutputStream:75 - [STDERR_REDIRECT] [Fatal Error] :1:1: Premature end of file.
2026-04-04 16:42:15,673 [ERROR] LogOutputStream:75 - [STDERR_REDIRECT] 
2026-04-04 16:42:16,661 [ERROR] LogOutputStream:75 - [STDERR_REDIRECT] [Fatal Error] :1:1: Premature end of file.
2026-04-04 16:42:16,662 [ERROR] LogOutputStream:75 - [STDERR_REDIRECT] 
2026-04-04 16:42:17,679 [ERROR] LogOutputStream:75 - [STDERR_REDIRECT] [Fatal Error] :1:1: Premature end of file.
2026-04-04 16:42:17,679 [ERROR] LogOutputStream:75 - [STDERR_REDIRECT] 
2026-04-04 16:42:18,665 [ERROR] LogOutputStream:75 - [STDERR_REDIRECT] [Fatal Error] :1:1: Premature end of file.
2026-04-04 16:42:18,665 [ERROR] LogOutputStream:75 - [STDERR_REDIRECT] 
2026-04-04 16:42:19,666 [ERROR] LogOutputStream:75 - [STDERR_REDIRECT] [Fatal Error] :1:1: Premature end of file.
2026-04-04 16:42:19,666 [ERROR] LogOutputStream:75 - [STDERR_REDIRECT] 
2026-04-04 16:42:20,671 [ERROR] LogOutputStream:75 - [STDERR_REDIRECT] [Fatal Error] :1:1: Premature end of file.
2026-04-04 16:42:20,671 [ERROR] LogOutputStream:75 - [STDERR_REDIRECT] 
2026-04-04 16:42:21,668 [ERROR] LogOutputStream:75 - [STDERR_REDIRECT] [Fatal Error] :1:1: Premature end of file.
2026-04-04 16:42:21,669 [ERROR] LogOutputStream:75 - [STDERR_REDIRECT] 
2026-04-04 16:42:22,652 [ERROR] LogOutputStream:75 - [STDERR_REDIRECT] [Fatal Error] :1:1: Premature end of file.
2026-04-04 16:42:22,652 [ERROR] LogOutputStream:75 - [STDERR_REDIRECT] 
2026-04-04 16:42:23,649 [ERROR] LogOutputStream:75 - [STDERR_REDIRECT] [Fatal Error] :1:1: Premature end of file.
2026-04-04 16:42:23,650 [ERROR] LogOutputStream:75 - [STDERR_REDIRECT] 
2026-04-04 16:42:24,688 [ERROR] LogOutputStream:75 - [STDERR_REDIRECT] [Fatal Error] :1:1: Premature end of file.
2026-04-04 16:42:24,688 [ERROR] LogOutputStream:75 - [STDERR_REDIRECT] 
2026-04-04 16:42:25,695 [ERROR] LogOutputStream:75 - [STDERR_REDIRECT] [Fatal Error] :1:1: Premature end of file.
2026-04-04 16:42:25,695 [ERROR] LogOutputStream:75 - [STDERR_REDIRECT] 
2026-04-04 16:42:26,707 [ERROR] LogOutputStream:75 - [STDERR_REDIRECT] [Fatal Error] :1:1: Premature end of file.
2026-04-04 16:42:26,707 [ERROR] LogOutputStream:75 - [STDERR_REDIRECT] 
2026-04-04 16:42:27,664 [ERROR] LogOutputStream:75 - [STDERR_REDIRECT] [Fatal Error] :1:1: Premature end of file.
2026-04-04 16:42:27,664 [ERROR] LogOutputStream:75 - [STDERR_REDIRECT] 
2026-04-04 16:42:28,682 [ERROR] LogOutputStream:75 - [STDERR_REDIRECT] [Fatal Error] :1:1: Premature end of file.
2026-04-04 16:42:28,682 [ERROR] LogOutputStream:75 - [STDERR_REDIRECT] 
2026-04-04 16:42:29,676 [ERROR] LogOutputStream:75 - [STDERR_REDIRECT] [Fatal Error] :1:1: Premature end of file.
2026-04-04 16:42:29,676 [ERROR] LogOutputStream:75 - [STDERR_REDIRECT] 
2026-04-04 16:42:30,666 [ERROR] LogOutputStream:75 - [STDERR_REDIRECT] [Fatal Error] :1:1: Premature end of file.
2026-04-04 16:42:30,666 [ERROR] LogOutputStream:75 - [STDERR_REDIRECT] 
2026-04-04 16:42:31,669 [ERROR] LogOutputStream:75 - [STDERR_REDIRECT] [Fatal Error] :1:1: Premature end of file.
2026-04-04 16:42:31,669 [ERROR] LogOutputStream:75 - [STDERR_REDIRECT] 
2026-04-04 16:42:32,661 [ERROR] LogOutputStream:75 - [STDERR_REDIRECT] [Fatal Error] :1:1: Premature end of file.
2026-04-04 16:42:32,662 [ERROR] LogOutputStream:75 - [STDERR_REDIRECT] 
2026-04-04 16:42:33,685 [ERROR] LogOutputStream:75 - [STDERR_REDIRECT] [Fatal Error] :1:1: Premature end of file.
2026-04-04 16:42:33,686 [ERROR] LogOutputStream:75 - [STDERR_REDIRECT] 
2026-04-04 16:42:34,663 [ERROR] LogOutputStream:75 - [STDERR_REDIRECT] [Fatal Error] :1:1: Premature end of file.
2026-04-04 16:42:34,665 [ERROR] LogOutputStream:75 - [STDERR_REDIRECT] 
2026-04-04 16:42:35,664 [ERROR] LogOutputStream:75 - [STDERR_REDIRECT] [Fatal Error] :1:1: Premature end of file.
2026-04-04 16:42:35,664 [ERROR] LogOutputStream:75 - [STDERR_REDIRECT] 
2026-04-04 16:42:36,657 [ERROR] LogOutputStream:75 - [STDERR_REDIRECT] [Fatal Error] :1:1: Premature end of file.
2026-04-04 16:42:36,658 [ERROR] LogOutputStream:75 - [STDERR_REDIRECT] 
2026-04-04 16:42:37,675 [ERROR] LogOutputStream:75 - [STDERR_REDIRECT] [Fatal Error] :1:1: Premature end of file.
2026-04-04 16:42:37,676 [ERROR] LogOutputStream:75 - [STDERR_REDIRECT] 
2026-04-04 16:42:38,673 [ERROR] LogOutputStream:75 - [STDERR_REDIRECT] [Fatal Error] :1:1: Premature end of file.
2026-04-04 16:42:38,673 [ERROR] LogOutputStream:75 - [STDERR_REDIRECT] 
2026-04-04 16:42:39,675 [ERROR] LogOutputStream:75 - [STDERR_REDIRECT] [Fatal Error] :1:1: Premature end of file.
2026-04-04 16:42:39,675 [ERROR] LogOutputStream:75 - [STDERR_REDIRECT] 
2026-04-04 16:42:40,736 [ERROR] LogOutputStream:75 - [STDERR_REDIRECT] [Fatal Error] :1:1: Premature end of file.
2026-04-04 16:42:40,737 [ERROR] LogOutputStream:75 - [STDERR_REDIRECT] 
2026-04-04 16:42:41,710 [ERROR] LogOutputStream:75 - [STDERR_REDIRECT] [Fatal Error] :1:1: Premature end of file.
2026-04-04 16:42:41,710 [ERROR] LogOutputStream:75 - [STDERR_REDIRECT] 
2026-04-04 16:42:42,683 [ERROR] LogOutputStream:75 - [STDERR_REDIRECT] [Fatal Error] :1:1: Premature end of file.
2026-04-04 16:42:42,684 [ERROR] LogOutputStream:75 - [STDERR_REDIRECT] 
2026-04-04 16:42:43,702 [ERROR] LogOutputStream:75 - [STDERR_REDIRECT] [Fatal Error] :1:1: Premature end of file.
2026-04-04 16:42:43,702 [ERROR] LogOutputStream:75 - [STDERR_REDIRECT] 
2026-04-04 16:42:44,679 [ERROR] LogOutputStream:75 - [STDERR_REDIRECT] [Fatal Error] :1:1: Premature end of file.
2026-04-04 16:42:44,679 [ERROR] LogOutputStream:75 - [STDERR_REDIRECT] 
2026-04-04 16:42:45,698 [ERROR] LogOutputStream:75 - [STDERR_REDIRECT] [Fatal Error] :1:1: Premature end of file.
2026-04-04 16:42:45,699 [ERROR] LogOutputStream:75 - [STDERR_REDIRECT] 
2026-04-04 16:42:46,690 [ERROR] LogOutputStream:75 - [STDERR_REDIRECT] [Fatal Error] :1:1: Premature end of file.
2026-04-04 16:42:46,690 [ERROR] LogOutputStream:75 - [STDERR_REDIRECT] 
2026-04-04 16:42:47,651 [ERROR] LogOutputStream:75 - [STDERR_REDIRECT] [Fatal Error] :1:1: Premature end of file.
2026-04-04 16:42:47,652 [ERROR] LogOutputStream:75 - [STDERR_REDIRECT] 
2026-04-04 16:42:48,671 [ERROR] LogOutputStream:75 - [STDERR_REDIRECT] [Fatal Error] :1:1: Premature end of file.
2026-04-04 16:42:48,671 [ERROR] LogOutputStream:75 - [STDERR_REDIRECT] 
2026-04-04 16:42:49,688 [ERROR] LogOutputStream:75 - [STDERR_REDIRECT] [Fatal Error] :1:1: Premature end of file.
2026-04-04 16:42:49,688 [ERROR] LogOutputStream:75 - [STDERR_REDIRECT] 
2026-04-04 16:42:50,677 [ERROR] LogOutputStream:75 - [STDERR_REDIRECT] [Fatal Error] :1:1: Premature end of file.
2026-04-04 16:42:50,677 [ERROR] LogOutputStream:75 - [STDERR_REDIRECT] 
2026-04-04 16:42:51,675 [ERROR] LogOutputStream:75 - [STDERR_REDIRECT] [Fatal Error] :1:1: Premature end of file.
2026-04-04 16:42:51,675 [ERROR] LogOutputStream:75 - [STDERR_REDIRECT] 
2026-04-04 16:42:52,658 [ERROR] LogOutputStream:75 - [STDERR_REDIRECT] [Fatal Error] :1:1: Premature end of file.
2026-04-04 16:42:52,659 [ERROR] LogOutputStream:75 - [STDERR_REDIRECT] 
2026-04-04 16:42:53,662 [ERROR] LogOutputStream:75 - [STDERR_REDIRECT] [Fatal Error] :1:1: Premature end of file.
2026-04-04 16:42:53,662 [ERROR] LogOutputStream:75 - [STDERR_REDIRECT] 
2026-04-04 16:42:54,694 [ERROR] LogOutputStream:75 - [STDERR_REDIRECT] [Fatal Error] :1:1: Premature end of file.
2026-04-04 16:42:54,694 [ERROR] LogOutputStream:75 - [STDERR_REDIRECT] 
2026-04-04 16:42:55,691 [ERROR] LogOutputStream:75 - [STDERR_REDIRECT] [Fatal Error] :1:1: Premature end of file.
2026-04-04 16:42:55,692 [ERROR] LogOutputStream:75 - [STDERR_REDIRECT] 
2026-04-04 16:42:56,687 [ERROR] LogOutputStream:75 - [STDERR_REDIRECT] [Fatal Error] :1:1: Premature end of file.
2026-04-04 16:42:56,687 [ERROR] LogOutputStream:75 - [STDERR_REDIRECT] 
2026-04-04 16:42:57,665 [ERROR] LogOutputStream:75 - [STDERR_REDIRECT] [Fatal Error] :1:1: Premature end of file.
2026-04-04 16:42:57,665 [ERROR] LogOutputStream:75 - [STDERR_REDIRECT] 
2026-04-04 16:42:58,656 [ERROR] LogOutputStream:75 - [STDERR_REDIRECT] [Fatal Error] :1:1: Premature end of file.
2026-04-04 16:42:58,657 [ERROR] LogOutputStream:75 - [STDERR_REDIRECT] 
2026-04-04 16:42:59,684 [ERROR] LogOutputStream:75 - [STDERR_REDIRECT] [Fatal Error] :1:1: Premature end of file.
2026-04-04 16:42:59,684 [ERROR] LogOutputStream:75 - [STDERR_REDIRECT] 
2026-04-04 16:43:00,683 [ERROR] LogOutputStream:75 - [STDERR_REDIRECT] [Fatal Error] :1:1: Premature end of file.
2026-04-04 16:43:00,684 [ERROR] LogOutputStream:75 - [STDERR_REDIRECT] 
2026-04-04 16:43:01,680 [ERROR] LogOutputStream:75 - [STDERR_REDIRECT] [Fatal Error] :1:1: Premature end of file.
2026-04-04 16:43:01,680 [ERROR] LogOutputStream:75 - [STDERR_REDIRECT] 
2026-04-04 16:43:02,677 [ERROR] LogOutputStream:75 - [STDERR_REDIRECT] [Fatal Error] :1:1: Premature end of file.
2026-04-04 16:43:02,677 [ERROR] LogOutputStream:75 - [STDERR_REDIRECT] 
2026-04-04 16:43:03,675 [ERROR] LogOutputStream:75 - [STDERR_REDIRECT] [Fatal Error] :1:1: Premature end of file.
2026-04-04 16:43:03,676 [ERROR] LogOutputStream:75 - [STDERR_REDIRECT] 
2026-04-04 16:43:04,659 [ERROR] LogOutputStream:75 - [STDERR_REDIRECT] [Fatal Error] :1:1: Premature end of file.
2026-04-04 16:43:04,659 [ERROR] LogOutputStream:75 - [STDERR_REDIRECT] 
2026-04-04 16:43:05,669 [ERROR] LogOutputStream:75 - [STDERR_REDIRECT] [Fatal Error] :1:1: Premature end of file.
2026-04-04 16:43:05,670 [ERROR] LogOutputStream:75 - [STDERR_REDIRECT] 
2026-04-04 16:43:06,703 [ERROR] LogOutputStream:75 - [STDERR_REDIRECT] [Fatal Error] :1:1: Premature end of file.
2026-04-04 16:43:06,704 [ERROR] LogOutputStream:75 - [STDERR_REDIRECT] 
2026-04-04 16:43:07,660 [ERROR] LogOutputStream:75 - [STDERR_REDIRECT] [Fatal Error] :1:1: Premature end of file.
2026-04-04 16:43:07,660 [ERROR] LogOutputStream:75 - [STDERR_REDIRECT] 
2026-04-04 16:43:08,670 [ERROR] LogOutputStream:75 - [STDERR_REDIRECT] [Fatal Error] :1:1: Premature end of file.
2026-04-04 16:43:08,670 [ERROR] LogOutputStream:75 - [STDERR_REDIRECT] 
2026-04-04 16:43:09,662 [ERROR] LogOutputStream:75 - [STDERR_REDIRECT] [Fatal Error] :1:1: Premature end of file.
2026-04-04 16:43:09,662 [ERROR] LogOutputStream:75 - [STDERR_REDIRECT] 
2026-04-04 16:43:10,649 [ERROR] LogOutputStream:75 - [STDERR_REDIRECT] [Fatal Error] :1:1: Premature end of file.
2026-04-04 16:43:10,649 [ERROR] LogOutputStream:75 - [STDERR_REDIRECT] 
2026-04-04 16:43:11,674 [ERROR] LogOutputStream:75 - [STDERR_REDIRECT] [Fatal Error] :1:1: Premature end of file.
2026-04-04 16:43:11,674 [ERROR] LogOutputStream:75 - [STDERR_REDIRECT] 
2026-04-04 16:43:12,673 [ERROR] LogOutputStream:75 - [STDERR_REDIRECT] [Fatal Error] :1:1: Premature end of file.
2026-04-04 16:43:12,673 [ERROR] LogOutputStream:75 - [STDERR_REDIRECT] 
2026-04-04 16:43:13,677 [ERROR] LogOutputStream:75 - [STDERR_REDIRECT] [Fatal Error] :1:1: Premature end of file.
2026-04-04 16:43:13,677 [ERROR] LogOutputStream:75 - [STDERR_REDIRECT] 
2026-04-04 16:43:14,677 [ERROR] LogOutputStream:75 - [STDERR_REDIRECT] [Fatal Error] :1:1: Premature end of file.
2026-04-04 16:43:14,678 [ERROR] LogOutputStream:75 - [STDERR_REDIRECT] 
2026-04-04 16:43:15,669 [ERROR] LogOutputStream:75 - [STDERR_REDIRECT] [Fatal Error] :1:1: Premature end of file.
2026-04-04 16:43:15,669 [ERROR] LogOutputStream:75 - [STDERR_REDIRECT] 
2026-04-04 16:43:16,675 [ERROR] LogOutputStream:75 - [STDERR_REDIRECT] [Fatal Error] :1:1: Premature end of file.
2026-04-04 16:43:16,675 [ERROR] LogOutputStream:75 - [STDERR_REDIRECT] 
2026-04-04 16:43:17,659 [ERROR] LogOutputStream:75 - [STDERR_REDIRECT] [Fatal Error] :1:1: Premature end of file.
2026-04-04 16:43:17,660 [ERROR] LogOutputStream:75 - [STDERR_REDIRECT] 
2026-04-04 16:43:18,673 [ERROR] LogOutputStream:75 - [STDERR_REDIRECT] [Fatal Error] :1:1: Premature end of file.
2026-04-04 16:43:18,673 [ERROR] LogOutputStream:75 - [STDERR_REDIRECT] 
2026-04-04 16:43:19,664 [ERROR] LogOutputStream:75 - [STDERR_REDIRECT] [Fatal Error] :1:1: Premature end of file.
2026-04-04 16:43:19,664 [ERROR] LogOutputStream:75 - [STDERR_REDIRECT] 
2026-04-04 16:43:20,669 [ERROR] LogOutputStream:75 - [STDERR_REDIRECT] [Fatal Error] :1:1: Premature end of file.
2026-04-04 16:43:20,669 [ERROR] LogOutputStream:75 - [STDERR_REDIRECT] 
2026-04-04 16:43:21,669 [ERROR] LogOutputStream:75 - [STDERR_REDIRECT] [Fatal Error] :1:1: Premature end of file.
2026-04-04 16:43:21,669 [ERROR] LogOutputStream:75 - [STDERR_REDIRECT] 
2026-04-04 16:43:22,658 [ERROR] LogOutputStream:75 - [STDERR_REDIRECT] [Fatal Error] :1:1: Premature end of file.
2026-04-04 16:43:22,658 [ERROR] LogOutputStream:75 - [STDERR_REDIRECT] 
2026-04-04 16:43:23,660 [ERROR] LogOutputStream:75 - [STDERR_REDIRECT] [Fatal Error] :1:1: Premature end of file.
2026-04-04 16:43:23,661 [ERROR] LogOutputStream:75 - [STDERR_REDIRECT] 
2026-04-04 16:43:24,658 [ERROR] LogOutputStream:75 - [STDERR_REDIRECT] [Fatal Error] :1:1: Premature end of file.
2026-04-04 16:43:24,658 [ERROR] LogOutputStream:75 - [STDERR_REDIRECT] 
2026-04-04 16:43:25,681 [ERROR] LogOutputStream:75 - [STDERR_REDIRECT] [Fatal Error] :1:1: Premature end of file.
2026-04-04 16:43:25,682 [ERROR] LogOutputStream:75 - [STDERR_REDIRECT] 
2026-04-04 16:43:26,703 [ERROR] LogOutputStream:75 - [STDERR_REDIRECT] [Fatal Error] :1:1: Premature end of file.
2026-04-04 16:43:26,704 [ERROR] LogOutputStream:75 - [STDERR_REDIRECT] 
2026-04-04 16:43:27,670 [ERROR] LogOutputStream:75 - [STDERR_REDIRECT] [Fatal Error] :1:1: Premature end of file.
2026-04-04 16:43:27,670 [ERROR] LogOutputStream:75 - [STDERR_REDIRECT] 
2026-04-04 16:43:28,669 [ERROR] LogOutputStream:75 - [STDERR_REDIRECT] [Fatal Error] :1:1: Premature end of file.
2026-04-04 16:43:28,669 [ERROR] LogOutputStream:75 - [STDERR_REDIRECT] 
2026-04-04 16:43:29,670 [ERROR] LogOutputStream:75 - [STDERR_REDIRECT] [Fatal Error] :1:1: Premature end of file.
2026-04-04 16:43:29,670 [ERROR] LogOutputStream:75 - [STDERR_REDIRECT] 
2026-04-04 16:43:30,674 [ERROR] LogOutputStream:75 - [STDERR_REDIRECT] [Fatal Error] :1:1: Premature end of file.
2026-04-04 16:43:30,674 [ERROR] LogOutputStream:75 - [STDERR_REDIRECT] 
2026-04-04 16:43:31,672 [ERROR] LogOutputStream:75 - [STDERR_REDIRECT] [Fatal Error] :1:1: Premature end of file.
2026-04-04 16:43:31,673 [ERROR] LogOutputStream:75 - [STDERR_REDIRECT] 
2026-04-04 16:43:32,660 [ERROR] LogOutputStream:75 - [STDERR_REDIRECT] [Fatal Error] :1:1: Premature end of file.
2026-04-04 16:43:32,660 [ERROR] LogOutputStream:75 - [STDERR_REDIRECT] 
2026-04-04 16:43:33,671 [ERROR] LogOutputStream:75 - [STDERR_REDIRECT] [Fatal Error] :1:1: Premature end of file.
2026-04-04 16:43:33,671 [ERROR] LogOutputStream:75 - [STDERR_REDIRECT] 
2026-04-04 16:43:34,670 [ERROR] LogOutputStream:75 - [STDERR_REDIRECT] [Fatal Error] :1:1: Premature end of file.
2026-04-04 16:43:34,671 [ERROR] LogOutputStream:75 - [STDERR_REDIRECT] 
2026-04-04 16:43:35,672 [ERROR] LogOutputStream:75 - [STDERR_REDIRECT] [Fatal Error] :1:1: Premature end of file.
2026-04-04 16:43:35,672 [ERROR] LogOutputStream:75 - [STDERR_REDIRECT] 
2026-04-04 16:43:36,661 [ERROR] LogOutputStream:75 - [STDERR_REDIRECT] [Fatal Error] :1:1: Premature end of file.
2026-04-04 16:43:36,662 [ERROR] LogOutputStream:75 - [STDERR_REDIRECT] 
2026-04-04 16:43:37,676 [ERROR] LogOutputStream:75 - [STDERR_REDIRECT] [Fatal Error] :1:1: Premature end of file.
2026-04-04 16:43:37,676 [ERROR] LogOutputStream:75 - [STDERR_REDIRECT] 
2026-04-04 16:43:38,670 [ERROR] LogOutputStream:75 - [STDERR_REDIRECT] [Fatal Error] :1:1: Premature end of file.
2026-04-04 16:43:38,671 [ERROR] LogOutputStream:75 - [STDERR_REDIRECT] 
2026-04-04 16:43:39,675 [ERROR] LogOutputStream:75 - [STDERR_REDIRECT] [Fatal Error] :1:1: Premature end of file.
2026-04-04 16:43:39,675 [ERROR] LogOutputStream:75 - [STDERR_REDIRECT] 
2026-04-04 16:43:40,672 [ERROR] LogOutputStream:75 - [STDERR_REDIRECT] [Fatal Error] :1:1: Premature end of file.
2026-04-04 16:43:40,673 [ERROR] LogOutputStream:75 - [STDERR_REDIRECT] 
2026-04-04 16:43:41,673 [ERROR] LogOutputStream:75 - [STDERR_REDIRECT] [Fatal Error] :1:1: Premature end of file.
2026-04-04 16:43:41,673 [ERROR] LogOutputStream:75 - [STDERR_REDIRECT] 
2026-04-04 16:43:42,674 [ERROR] LogOutputStream:75 - [STDERR_REDIRECT] [Fatal Error] :1:1: Premature end of file.
2026-04-04 16:43:42,675 [ERROR] LogOutputStream:75 - [STDERR_REDIRECT] 
2026-04-04 16:43:43,678 [ERROR] LogOutputStream:75 - [STDERR_REDIRECT] [Fatal Error] :1:1: Premature end of file.
2026-04-04 16:43:43,678 [ERROR] LogOutputStream:75 - [STDERR_REDIRECT] 
2026-04-04 16:43:44,672 [ERROR] LogOutputStream:75 - [STDERR_REDIRECT] [Fatal Error] :1:1: Premature end of file.
2026-04-04 16:43:44,672 [ERROR] LogOutputStream:75 - [STDERR_REDIRECT] 
2026-04-04 16:43:45,680 [ERROR] LogOutputStream:75 - [STDERR_REDIRECT] [Fatal Error] :1:1: Premature end of file.
2026-04-04 16:43:45,681 [ERROR] LogOutputStream:75 - [STDERR_REDIRECT] 
2026-04-04 16:43:46,670 [ERROR] LogOutputStream:75 - [STDERR_REDIRECT] [Fatal Error] :1:1: Premature end of file.
2026-04-04 16:43:46,671 [ERROR] LogOutputStream:75 - [STDERR_REDIRECT] 
2026-04-04 16:43:47,675 [ERROR] LogOutputStream:75 - [STDERR_REDIRECT] [Fatal Error] :1:1: Premature end of file.
2026-04-04 16:43:47,676 [ERROR] LogOutputStream:75 - [STDERR_REDIRECT] 
2026-04-04 16:43:48,678 [ERROR] LogOutputStream:75 - [STDERR_REDIRECT] [Fatal Error] :1:1: Premature end of file.
2026-04-04 16:43:48,678 [ERROR] LogOutputStream:75 - [STDERR_REDIRECT] 
2026-04-04 16:43:49,675 [ERROR] LogOutputStream:75 - [STDERR_REDIRECT] [Fatal Error] :1:1: Premature end of file.
2026-04-04 16:43:49,675 [ERROR] LogOutputStream:75 - [STDERR_REDIRECT] 
2026-04-04 16:43:50,673 [ERROR] LogOutputStream:75 - [STDERR_REDIRECT] [Fatal Error] :1:1: Premature end of file.
2026-04-04 16:43:50,674 [ERROR] LogOutputStream:75 - [STDERR_REDIRECT] 
2026-04-04 16:43:51,669 [ERROR] LogOutputStream:75 - [STDERR_REDIRECT] [Fatal Error] :1:1: Premature end of file.
2026-04-04 16:43:51,670 [ERROR] LogOutputStream:75 - [STDERR_REDIRECT] 
2026-04-04 16:43:52,657 [ERROR] LogOutputStream:75 - [STDERR_REDIRECT] [Fatal Error] :1:1: Premature end of file.
2026-04-04 16:43:52,657 [ERROR] LogOutputStream:75 - [STDERR_REDIRECT] 
2026-04-04 16:43:53,658 [ERROR] LogOutputStream:75 - [STDERR_REDIRECT] [Fatal Error] :1:1: Premature end of file.
2026-04-04 16:43:53,658 [ERROR] LogOutputStream:75 - [STDERR_REDIRECT] 
2026-04-04 16:43:54,657 [ERROR] LogOutputStream:75 - [STDERR_REDIRECT] [Fatal Error] :1:1: Premature end of file.
2026-04-04 16:43:54,657 [ERROR] LogOutputStream:75 - [STDERR_REDIRECT] 
2026-04-04 16:43:55,685 [ERROR] LogOutputStream:75 - [STDERR_REDIRECT] [Fatal Error] :1:1: Premature end of file.
2026-04-04 16:43:55,685 [ERROR] LogOutputStream:75 - [STDERR_REDIRECT] 
2026-04-04 16:43:56,687 [ERROR] LogOutputStream:75 - [STDERR_REDIRECT] [Fatal Error] :1:1: Premature end of file.
2026-04-04 16:43:56,687 [ERROR] LogOutputStream:75 - [STDERR_REDIRECT] 
2026-04-04 16:43:57,675 [ERROR] LogOutputStream:75 - [STDERR_REDIRECT] [Fatal Error] :1:1: Premature end of file.
2026-04-04 16:43:57,675 [ERROR] LogOutputStream:75 - [STDERR_REDIRECT] 
2026-04-04 16:43:58,671 [ERROR] LogOutputStream:75 - [STDERR_REDIRECT] [Fatal Error] :1:1: Premature end of file.
2026-04-04 16:43:58,672 [ERROR] LogOutputStream:75 - [STDERR_REDIRECT] 
2026-04-04 16:43:59,662 [ERROR] LogOutputStream:75 - [STDERR_REDIRECT] [Fatal Error] :1:1: Premature end of file.
2026-04-04 16:43:59,662 [ERROR] LogOutputStream:75 - [STDERR_REDIRECT] 
2026-04-04 16:44:00,676 [ERROR] LogOutputStream:75 - [STDERR_REDIRECT] [Fatal Error] :1:1: Premature end of file.
2026-04-04 16:44:00,676 [ERROR] LogOutputStream:75 - [STDERR_REDIRECT] 
2026-04-04 16:44:01,660 [ERROR] LogOutputStream:75 - [STDERR_REDIRECT] [Fatal Error] :1:1: Premature end of file.
2026-04-04 16:44:01,661 [ERROR] LogOutputStream:75 - [STDERR_REDIRECT] 
2026-04-04 16:44:02,675 [ERROR] LogOutputStream:75 - [STDERR_REDIRECT] [Fatal Error] :1:1: Premature end of file.
2026-04-04 16:44:02,675 [ERROR] LogOutputStream:75 - [STDERR_REDIRECT] 
2026-04-04 16:44:03,668 [ERROR] LogOutputStream:75 - [STDERR_REDIRECT] [Fatal Error] :1:1: Premature end of file.
2026-04-04 16:44:03,669 [ERROR] LogOutputStream:75 - [STDERR_REDIRECT] 
2026-04-04 16:44:04,673 [ERROR] LogOutputStream:75 - [STDERR_REDIRECT] [Fatal Error] :1:1: Premature end of file.
2026-04-04 16:44:04,674 [ERROR] LogOutputStream:75 - [STDERR_REDIRECT] 
2026-04-04 16:44:05,667 [ERROR] LogOutputStream:75 - [STDERR_REDIRECT] [Fatal Error] :1:1: Premature end of file.
2026-04-04 16:44:05,667 [ERROR] LogOutputStream:75 - [STDERR_REDIRECT] 
2026-04-04 16:44:06,667 [ERROR] LogOutputStream:75 - [STDERR_REDIRECT] [Fatal Error] :1:1: Premature end of file.
2026-04-04 16:44:06,668 [ERROR] LogOutputStream:75 - [STDERR_REDIRECT] 
2026-04-04 16:44:07,675 [ERROR] LogOutputStream:75 - [STDERR_REDIRECT] [Fatal Error] :1:1: Premature end of file.
2026-04-04 16:44:07,675 [ERROR] LogOutputStream:75 - [STDERR_REDIRECT] 
2026-04-04 16:44:08,677 [ERROR] LogOutputStream:75 - [STDERR_REDIRECT] [Fatal Error] :1:1: Premature end of file.
2026-04-04 16:44:08,677 [ERROR] LogOutputStream:75 - [STDERR_REDIRECT] 
2026-04-04 16:44:09,672 [ERROR] LogOutputStream:75 - [STDERR_REDIRECT] [Fatal Error] :1:1: Premature end of file.
2026-04-04 16:44:09,672 [ERROR] LogOutputStream:75 - [STDERR_REDIRECT] 
2026-04-04 16:44:10,670 [ERROR] LogOutputStream:75 - [STDERR_REDIRECT] [Fatal Error] :1:1: Premature end of file.
2026-04-04 16:44:10,670 [ERROR] LogOutputStream:75 - [STDERR_REDIRECT] 
2026-04-04 16:44:11,672 [ERROR] LogOutputStream:75 - [STDERR_REDIRECT] [Fatal Error] :1:1: Premature end of file.
2026-04-04 16:44:11,673 [ERROR] LogOutputStream:75 - [STDERR_REDIRECT] 
2026-04-04 16:44:12,676 [ERROR] LogOutputStream:75 - [STDERR_REDIRECT] [Fatal Error] :1:1: Premature end of file.
2026-04-04 16:44:12,676 [ERROR] LogOutputStream:75 - [STDERR_REDIRECT] 
2026-04-04 16:44:13,679 [ERROR] LogOutputStream:75 - [STDERR_REDIRECT] [Fatal Error] :1:1: Premature end of file.
2026-04-04 16:44:13,679 [ERROR] LogOutputStream:75 - [STDERR_REDIRECT] 
2026-04-04 16:44:14,667 [ERROR] LogOutputStream:75 - [STDERR_REDIRECT] [Fatal Error] :1:1: Premature end of file.
2026-04-04 16:44:14,667 [ERROR] LogOutputStream:75 - [STDERR_REDIRECT] 
2026-04-04 16:44:15,666 [ERROR] LogOutputStream:75 - [STDERR_REDIRECT] [Fatal Error] :1:1: Premature end of file.
2026-04-04 16:44:15,667 [ERROR] LogOutputStream:75 - [STDERR_REDIRECT] 
2026-04-04 16:44:16,668 [ERROR] LogOutputStream:75 - [STDERR_REDIRECT] [Fatal Error] :1:1: Premature end of file.
2026-04-04 16:44:16,669 [ERROR] LogOutputStream:75 - [STDERR_REDIRECT] 
2026-04-04 16:44:17,659 [ERROR] LogOutputStream:75 - [STDERR_REDIRECT] [Fatal Error] :1:1: Premature end of file.
2026-04-04 16:44:17,659 [ERROR] LogOutputStream:75 - [STDERR_REDIRECT] 
2026-04-04 16:44:18,663 [ERROR] LogOutputStream:75 - [STDERR_REDIRECT] [Fatal Error] :1:1: Premature end of file.
2026-04-04 16:44:18,663 [ERROR] LogOutputStream:75 - [STDERR_REDIRECT] 
2026-04-04 16:44:19,710 [ERROR] LogOutputStream:75 - [STDERR_REDIRECT] [Fatal Error] :1:1: Premature end of file.
2026-04-04 16:44:19,711 [ERROR] LogOutputStream:75 - [STDERR_REDIRECT] 
2026-04-04 16:44:20,696 [ERROR] LogOutputStream:75 - [STDERR_REDIRECT] [Fatal Error] :1:1: Premature end of file.
2026-04-04 16:44:20,697 [ERROR] LogOutputStream:75 - [STDERR_REDIRECT] 
2026-04-04 16:44:21,706 [ERROR] LogOutputStream:75 - [STDERR_REDIRECT] [Fatal Error] :1:1: Premature end of file.
2026-04-04 16:44:21,706 [ERROR] LogOutputStream:75 - [STDERR_REDIRECT] 
2026-04-04 16:44:22,697 [ERROR] LogOutputStream:75 - [STDERR_REDIRECT] [Fatal Error] :1:1: Premature end of file.
2026-04-04 16:44:22,698 [ERROR] LogOutputStream:75 - [STDERR_REDIRECT] 
2026-04-04 16:44:23,697 [ERROR] LogOutputStream:75 - [STDERR_REDIRECT] [Fatal Error] :1:1: Premature end of file.
2026-04-04 16:44:23,697 [ERROR] LogOutputStream:75 - [STDERR_REDIRECT] 
2026-04-04 16:44:24,714 [ERROR] LogOutputStream:75 - [STDERR_REDIRECT] [Fatal Error] :1:1: Premature end of file.
2026-04-04 16:44:24,715 [ERROR] LogOutputStream:75 - [STDERR_REDIRECT] 
2026-04-04 16:44:25,714 [ERROR] LogOutputStream:75 - [STDERR_REDIRECT] [Fatal Error] :1:1: Premature end of file.
2026-04-04 16:44:25,715 [ERROR] LogOutputStream:75 - [STDERR_REDIRECT] 
2026-04-04 16:44:26,697 [ERROR] LogOutputStream:75 - [STDERR_REDIRECT] [Fatal Error] :1:1: Premature end of file.
2026-04-04 16:44:26,698 [ERROR] LogOutputStream:75 - [STDERR_REDIRECT] 
2026-04-04 16:44:27,699 [ERROR] LogOutputStream:75 - [STDERR_REDIRECT] [Fatal Error] :1:1: Premature end of file.
2026-04-04 16:44:27,699 [ERROR] LogOutputStream:75 - [STDERR_REDIRECT] 
2026-04-04 16:44:28,684 [ERROR] LogOutputStream:75 - [STDERR_REDIRECT] [Fatal Error] :1:1: Premature end of file.
2026-04-04 16:44:28,684 [ERROR] LogOutputStream:75 - [STDERR_REDIRECT] 
2026-04-04 16:44:29,684 [ERROR] LogOutputStream:75 - [STDERR_REDIRECT] [Fatal Error] :1:1: Premature end of file.
2026-04-04 16:44:29,684 [ERROR] LogOutputStream:75 - [STDERR_REDIRECT] 
2026-04-04 16:44:30,683 [ERROR] LogOutputStream:75 - [STDERR_REDIRECT] [Fatal Error] :1:1: Premature end of file.
2026-04-04 16:44:30,684 [ERROR] LogOutputStream:75 - [STDERR_REDIRECT] 
2026-04-04 16:44:31,692 [ERROR] LogOutputStream:75 - [STDERR_REDIRECT] [Fatal Error] :1:1: Premature end of file.
2026-04-04 16:44:31,692 [ERROR] LogOutputStream:75 - [STDERR_REDIRECT] 
2026-04-04 16:44:32,667 [ERROR] LogOutputStream:75 - [STDERR_REDIRECT] [Fatal Error] :1:1: Premature end of file.
2026-04-04 16:44:32,668 [ERROR] LogOutputStream:75 - [STDERR_REDIRECT] 
2026-04-04 16:44:33,654 [ERROR] LogOutputStream:75 - [STDERR_REDIRECT] [Fatal Error] :1:1: Premature end of file.
2026-04-04 16:44:33,655 [ERROR] LogOutputStream:75 - [STDERR_REDIRECT] 
2026-04-04 16:44:34,655 [ERROR] LogOutputStream:75 - [STDERR_REDIRECT] [Fatal Error] :1:1: Premature end of file.
2026-04-04 16:44:34,655 [ERROR] LogOutputStream:75 - [STDERR_REDIRECT] 
2026-04-04 16:44:35,657 [ERROR] LogOutputStream:75 - [STDERR_REDIRECT] [Fatal Error] :1:1: Premature end of file.
2026-04-04 16:44:35,657 [ERROR] LogOutputStream:75 - [STDERR_REDIRECT] 
2026-04-04 16:44:36,675 [ERROR] LogOutputStream:75 - [STDERR_REDIRECT] [Fatal Error] :1:1: Premature end of file.
2026-04-04 16:44:36,676 [ERROR] LogOutputStream:75 - [STDERR_REDIRECT] 
2026-04-04 16:44:37,688 [ERROR] LogOutputStream:75 - [STDERR_REDIRECT] [Fatal Error] :1:1: Premature end of file.
2026-04-04 16:44:37,688 [ERROR] LogOutputStream:75 - [STDERR_REDIRECT] 
2026-04-04 16:44:38,701 [ERROR] LogOutputStream:75 - [STDERR_REDIRECT] [Fatal Error] :1:1: Premature end of file.
2026-04-04 16:44:38,701 [ERROR] LogOutputStream:75 - [STDERR_REDIRECT] 
2026-04-04 16:44:39,693 [ERROR] LogOutputStream:75 - [STDERR_REDIRECT] [Fatal Error] :1:1: Premature end of file.
2026-04-04 16:44:39,694 [ERROR] LogOutputStream:75 - [STDERR_REDIRECT] 
2026-04-04 16:44:40,689 [ERROR] LogOutputStream:75 - [STDERR_REDIRECT] [Fatal Error] :1:1: Premature end of file.
2026-04-04 16:44:40,689 [ERROR] LogOutputStream:75 - [STDERR_REDIRECT] 
2026-04-04 16:44:41,701 [ERROR] LogOutputStream:75 - [STDERR_REDIRECT] [Fatal Error] :1:1: Premature end of file.
2026-04-04 16:44:41,701 [ERROR] LogOutputStream:75 - [STDERR_REDIRECT] 
2026-04-04 16:44:42,700 [ERROR] LogOutputStream:75 - [STDERR_REDIRECT] [Fatal Error] :1:1: Premature end of file.
2026-04-04 16:44:42,700 [ERROR] LogOutputStream:75 - [STDERR_REDIRECT] 
2026-04-04 16:44:43,685 [ERROR] LogOutputStream:75 - [STDERR_REDIRECT] [Fatal Error] :1:1: Premature end of file.
2026-04-04 16:44:43,686 [ERROR] LogOutputStream:75 - [STDERR_REDIRECT] 
2026-04-04 16:44:44,699 [ERROR] LogOutputStream:75 - [STDERR_REDIRECT] [Fatal Error] :1:1: Premature end of file.
2026-04-04 16:44:44,699 [ERROR] LogOutputStream:75 - [STDERR_REDIRECT] 
2026-04-04 16:44:45,685 [ERROR] LogOutputStream:75 - [STDERR_REDIRECT] [Fatal Error] :1:1: Premature end of file.
2026-04-04 16:44:45,686 [ERROR] LogOutputStream:75 - [STDERR_REDIRECT] 
2026-04-04 16:44:46,682 [ERROR] LogOutputStream:75 - [STDERR_REDIRECT] [Fatal Error] :1:1: Premature end of file.
2026-04-04 16:44:46,682 [ERROR] LogOutputStream:75 - [STDERR_REDIRECT] 
2026-04-04 16:44:47,687 [ERROR] LogOutputStream:75 - [STDERR_REDIRECT] [Fatal Error] :1:1: Premature end of file.
2026-04-04 16:44:47,687 [ERROR] LogOutputStream:75 - [STDERR_REDIRECT] 
2026-04-04 16:44:48,701 [ERROR] LogOutputStream:75 - [STDERR_REDIRECT] [Fatal Error] :1:1: Premature end of file.
2026-04-04 16:44:48,702 [ERROR] LogOutputStream:75 - [STDERR_REDIRECT] 
2026-04-04 16:44:49,683 [ERROR] LogOutputStream:75 - [STDERR_REDIRECT] [Fatal Error] :1:1: Premature end of file.
2026-04-04 16:44:49,683 [ERROR] LogOutputStream:75 - [STDERR_REDIRECT] 
2026-04-04 16:44:50,688 [ERROR] LogOutputStream:75 - [STDERR_REDIRECT] [Fatal Error] :1:1: Premature end of file.
2026-04-04 16:44:50,689 [ERROR] LogOutputStream:75 - [STDERR_REDIRECT] 
2026-04-04 16:44:51,692 [ERROR] LogOutputStream:75 - [STDERR_REDIRECT] [Fatal Error] :1:1: Premature end of file.
2026-04-04 16:44:51,692 [ERROR] LogOutputStream:75 - [STDERR_REDIRECT] 
2026-04-04 16:44:52,686 [ERROR] LogOutputStream:75 - [STDERR_REDIRECT] [Fatal Error] :1:1: Premature end of file.
2026-04-04 16:44:52,686 [ERROR] LogOutputStream:75 - [STDERR_REDIRECT] 
2026-04-04 16:44:53,697 [ERROR] LogOutputStream:75 - [STDERR_REDIRECT] [Fatal Error] :1:1: Premature end of file.
2026-04-04 16:44:53,697 [ERROR] LogOutputStream:75 - [STDERR_REDIRECT] 
2026-04-04 16:44:54,682 [ERROR] LogOutputStream:75 - [STDERR_REDIRECT] [Fatal Error] :1:1: Premature end of file.
2026-04-04 16:44:54,682 [ERROR] LogOutputStream:75 - [STDERR_REDIRECT] 
2026-04-04 16:44:55,686 [ERROR] LogOutputStream:75 - [STDERR_REDIRECT] [Fatal Error] :1:1: Premature end of file.
2026-04-04 16:44:55,686 [ERROR] LogOutputStream:75 - [STDERR_REDIRECT] 
2026-04-04 16:44:56,679 [ERROR] LogOutputStream:75 - [STDERR_REDIRECT] [Fatal Error] :1:1: Premature end of file.
2026-04-04 16:44:56,679 [ERROR] LogOutputStream:75 - [STDERR_REDIRECT] 
2026-04-04 16:44:57,689 [ERROR] LogOutputStream:75 - [STDERR_REDIRECT] [Fatal Error] :1:1: Premature end of file.
2026-04-04 16:44:57,689 [ERROR] LogOutputStream:75 - [STDERR_REDIRECT] 
2026-04-04 16:44:58,682 [ERROR] LogOutputStream:75 - [STDERR_REDIRECT] [Fatal Error] :1:1: Premature end of file.
2026-04-04 16:44:58,682 [ERROR] LogOutputStream:75 - [STDERR_REDIRECT] 
2026-04-04 16:44:59,689 [ERROR] LogOutputStream:75 - [STDERR_REDIRECT] [Fatal Error] :1:1: Premature end of file.
2026-04-04 16:44:59,690 [ERROR] LogOutputStream:75 - [STDERR_REDIRECT] 
2026-04-04 16:45:00,682 [ERROR] LogOutputStream:75 - [STDERR_REDIRECT] [Fatal Error] :1:1: Premature end of file.
2026-04-04 16:45:00,683 [ERROR] LogOutputStream:75 - [STDERR_REDIRECT] 
2026-04-04 16:45:01,692 [ERROR] LogOutputStream:75 - [STDERR_REDIRECT] [Fatal Error] :1:1: Premature end of file.
2026-04-04 16:45:01,693 [ERROR] LogOutputStream:75 - [STDERR_REDIRECT] 
2026-04-04 16:45:02,695 [ERROR] LogOutputStream:75 - [STDERR_REDIRECT] [Fatal Error] :1:1: Premature end of file.
2026-04-04 16:45:02,695 [ERROR] LogOutputStream:75 - [STDERR_REDIRECT] 
2026-04-04 16:45:03,685 [ERROR] LogOutputStream:75 - [STDERR_REDIRECT] [Fatal Error] :1:1: Premature end of file.
2026-04-04 16:45:03,685 [ERROR] LogOutputStream:75 - [STDERR_REDIRECT] 
2026-04-04 16:45:04,692 [ERROR] LogOutputStream:75 - [STDERR_REDIRECT] [Fatal Error] :1:1: Premature end of file.
2026-04-04 16:45:04,692 [ERROR] LogOutputStream:75 - [STDERR_REDIRECT] 
2026-04-04 16:45:05,681 [ERROR] LogOutputStream:75 - [STDERR_REDIRECT] [Fatal Error] :1:1: Premature end of file.
2026-04-04 16:45:05,682 [ERROR] LogOutputStream:75 - [STDERR_REDIRECT] 
2026-04-04 16:45:06,686 [ERROR] LogOutputStream:75 - [STDERR_REDIRECT] [Fatal Error] :1:1: Premature end of file.
2026-04-04 16:45:06,686 [ERROR] LogOutputStream:75 - [STDERR_REDIRECT] 
2026-04-04 16:45:07,714 [ERROR] LogOutputStream:75 - [STDERR_REDIRECT] [Fatal Error] :1:1: Premature end of file.
2026-04-04 16:45:07,714 [ERROR] LogOutputStream:75 - [STDERR_REDIRECT] 
2026-04-04 16:45:08,675 [ERROR] LogOutputStream:75 - [STDERR_REDIRECT] [Fatal Error] :1:1: Premature end of file.
2026-04-04 16:45:08,675 [ERROR] LogOutputStream:75 - [STDERR_REDIRECT] 
2026-04-04 16:45:09,666 [ERROR] LogOutputStream:75 - [STDERR_REDIRECT] [Fatal Error] :1:1: Premature end of file.
2026-04-04 16:45:09,667 [ERROR] LogOutputStream:75 - [STDERR_REDIRECT] 
2026-04-04 16:45:10,734 [ERROR] LogOutputStream:75 - [STDERR_REDIRECT] [Fatal Error] :1:1: Premature end of file.
2026-04-04 16:45:10,734 [ERROR] LogOutputStream:75 - [STDERR_REDIRECT] 
2026-04-04 16:45:11,686 [ERROR] LogOutputStream:75 - [STDERR_REDIRECT] [Fatal Error] :1:1: Premature end of file.
2026-04-04 16:45:11,686 [ERROR] LogOutputStream:75 - [STDERR_REDIRECT] 
2026-04-04 16:45:12,680 [ERROR] LogOutputStream:75 - [STDERR_REDIRECT] [Fatal Error] :1:1: Premature end of file.
2026-04-04 16:45:12,680 [ERROR] LogOutputStream:75 - [STDERR_REDIRECT] 
2026-04-04 16:45:13,673 [ERROR] LogOutputStream:75 - [STDERR_REDIRECT] [Fatal Error] :1:1: Premature end of file.
2026-04-04 16:45:13,674 [ERROR] LogOutputStream:75 - [STDERR_REDIRECT] 
2026-04-04 16:45:14,670 [ERROR] LogOutputStream:75 - [STDERR_REDIRECT] [Fatal Error] :1:1: Premature end of file.
2026-04-04 16:45:14,670 [ERROR] LogOutputStream:75 - [STDERR_REDIRECT] 
2026-04-04 16:45:15,684 [ERROR] LogOutputStream:75 - [STDERR_REDIRECT] [Fatal Error] :1:1: Premature end of file.
2026-04-04 16:45:15,684 [ERROR] LogOutputStream:75 - [STDERR_REDIRECT] 
2026-04-04 16:45:16,682 [ERROR] LogOutputStream:75 - [STDERR_REDIRECT] [Fatal Error] :1:1: Premature end of file.
2026-04-04 16:45:16,683 [ERROR] LogOutputStream:75 - [STDERR_REDIRECT] 
2026-04-04 16:45:17,708 [ERROR] LogOutputStream:75 - [STDERR_REDIRECT] [Fatal Error] :1:1: Premature end of file.
2026-04-04 16:45:17,709 [ERROR] LogOutputStream:75 - [STDERR_REDIRECT] 
2026-04-04 16:45:18,696 [ERROR] LogOutputStream:75 - [STDERR_REDIRECT] [Fatal Error] :1:1: Premature end of file.
2026-04-04 16:45:18,697 [ERROR] LogOutputStream:75 - [STDERR_REDIRECT] 
2026-04-04 16:45:19,689 [ERROR] LogOutputStream:75 - [STDERR_REDIRECT] [Fatal Error] :1:1: Premature end of file.
2026-04-04 16:45:19,690 [ERROR] LogOutputStream:75 - [STDERR_REDIRECT] 
2026-04-04 16:45:20,681 [ERROR] LogOutputStream:75 - [STDERR_REDIRECT] [Fatal Error] :1:1: Premature end of file.
2026-04-04 16:45:20,681 [ERROR] LogOutputStream:75 - [STDERR_REDIRECT] 
2026-04-04 16:45:21,688 [ERROR] LogOutputStream:75 - [STDERR_REDIRECT] [Fatal Error] :1:1: Premature end of file.
2026-04-04 16:45:21,688 [ERROR] LogOutputStream:75 - [STDERR_REDIRECT] 
2026-04-04 16:45:22,686 [ERROR] LogOutputStream:75 - [STDERR_REDIRECT] [Fatal Error] :1:1: Premature end of file.
2026-04-04 16:45:22,687 [ERROR] LogOutputStream:75 - [STDERR_REDIRECT] 
2026-04-04 16:45:23,691 [ERROR] LogOutputStream:75 - [STDERR_REDIRECT] [Fatal Error] :1:1: Premature end of file.
2026-04-04 16:45:23,691 [ERROR] LogOutputStream:75 - [STDERR_REDIRECT] 
2026-04-04 16:45:24,688 [ERROR] LogOutputStream:75 - [STDERR_REDIRECT] [Fatal Error] :1:1: Premature end of file.
2026-04-04 16:45:24,689 [ERROR] LogOutputStream:75 - [STDERR_REDIRECT] 
2026-04-04 16:45:25,684 [ERROR] LogOutputStream:75 - [STDERR_REDIRECT] [Fatal Error] :1:1: Premature end of file.
2026-04-04 16:45:25,685 [ERROR] LogOutputStream:75 - [STDERR_REDIRECT] 
2026-04-04 16:45:26,693 [ERROR] LogOutputStream:75 - [STDERR_REDIRECT] [Fatal Error] :1:1: Premature end of file.
2026-04-04 16:45:26,693 [ERROR] LogOutputStream:75 - [STDERR_REDIRECT] 
2026-04-04 16:45:27,688 [ERROR] LogOutputStream:75 - [STDERR_REDIRECT] [Fatal Error] :1:1: Premature end of file.
2026-04-04 16:45:27,688 [ERROR] LogOutputStream:75 - [STDERR_REDIRECT] 
2026-04-04 16:45:28,661 [ERROR] LogOutputStream:75 - [STDERR_REDIRECT] [Fatal Error] :1:1: Premature end of file.
2026-04-04 16:45:28,662 [ERROR] LogOutputStream:75 - [STDERR_REDIRECT] 
2026-04-04 16:45:29,710 [ERROR] LogOutputStream:75 - [STDERR_REDIRECT] [Fatal Error] :1:1: Premature end of file.
2026-04-04 16:45:29,710 [ERROR] LogOutputStream:75 - [STDERR_REDIRECT] 
2026-04-04 16:45:30,745 [ERROR] LogOutputStream:75 - [STDERR_REDIRECT] [Fatal Error] :1:1: Premature end of file.
2026-04-04 16:45:30,746 [ERROR] LogOutputStream:75 - [STDERR_REDIRECT] 
2026-04-04 16:45:31,683 [ERROR] LogOutputStream:75 - [STDERR_REDIRECT] [Fatal Error] :1:1: Premature end of file.
2026-04-04 16:45:31,683 [ERROR] LogOutputStream:75 - [STDERR_REDIRECT] 
2026-04-04 16:45:32,699 [ERROR] LogOutputStream:75 - [STDERR_REDIRECT] [Fatal Error] :1:1: Premature end of file.
2026-04-04 16:45:32,699 [ERROR] LogOutputStream:75 - [STDERR_REDIRECT] 
2026-04-04 16:45:33,686 [ERROR] LogOutputStream:75 - [STDERR_REDIRECT] [Fatal Error] :1:1: Premature end of file.
2026-04-04 16:45:33,687 [ERROR] LogOutputStream:75 - [STDERR_REDIRECT] 
2026-04-04 16:45:34,675 [ERROR] LogOutputStream:75 - [STDERR_REDIRECT] [Fatal Error] :1:1: Premature end of file.
2026-04-04 16:45:34,675 [ERROR] LogOutputStream:75 - [STDERR_REDIRECT] 
2026-04-04 16:45:35,667 [ERROR] LogOutputStream:75 - [STDERR_REDIRECT] [Fatal Error] :1:1: Premature end of file.
2026-04-04 16:45:35,667 [ERROR] LogOutputStream:75 - [STDERR_REDIRECT] 
2026-04-04 16:45:36,666 [ERROR] LogOutputStream:75 - [STDERR_REDIRECT] [Fatal Error] :1:1: Premature end of file.
2026-04-04 16:45:36,666 [ERROR] LogOutputStream:75 - [STDERR_REDIRECT] 
2026-04-04 16:45:37,654 [ERROR] LogOutputStream:75 - [STDERR_REDIRECT] [Fatal Error] :1:1: Premature end of file.
2026-04-04 16:45:37,654 [ERROR] LogOutputStream:75 - [STDERR_REDIRECT] 
2026-04-04 16:45:38,671 [ERROR] LogOutputStream:75 - [STDERR_REDIRECT] [Fatal Error] :1:1: Premature end of file.
2026-04-04 16:45:38,672 [ERROR] LogOutputStream:75 - [STDERR_REDIRECT] 
2026-04-04 16:45:39,668 [ERROR] LogOutputStream:75 - [STDERR_REDIRECT] [Fatal Error] :1:1: Premature end of file.
2026-04-04 16:45:39,668 [ERROR] LogOutputStream:75 - [STDERR_REDIRECT] 
2026-04-04 16:45:40,673 [ERROR] LogOutputStream:75 - [STDERR_REDIRECT] [Fatal Error] :1:1: Premature end of file.
2026-04-04 16:45:40,673 [ERROR] LogOutputStream:75 - [STDERR_REDIRECT] 
2026-04-04 16:45:41,670 [ERROR] LogOutputStream:75 - [STDERR_REDIRECT] [Fatal Error] :1:1: Premature end of file.
2026-04-04 16:45:41,670 [ERROR] LogOutputStream:75 - [STDERR_REDIRECT] 
2026-04-04 16:45:42,670 [ERROR] LogOutputStream:75 - [STDERR_REDIRECT] [Fatal Error] :1:1: Premature end of file.
2026-04-04 16:45:42,670 [ERROR] LogOutputStream:75 - [STDERR_REDIRECT] 
2026-04-04 16:45:43,664 [ERROR] LogOutputStream:75 - [STDERR_REDIRECT] [Fatal Error] :1:1: Premature end of file.
2026-04-04 16:45:43,665 [ERROR] LogOutputStream:75 - [STDERR_REDIRECT] 
2026-04-04 16:45:44,658 [ERROR] LogOutputStream:75 - [STDERR_REDIRECT] [Fatal Error] :1:1: Premature end of file.
2026-04-04 16:45:44,658 [ERROR] LogOutputStream:75 - [STDERR_REDIRECT] 
2026-04-04 16:45:45,667 [ERROR] LogOutputStream:75 - [STDERR_REDIRECT] [Fatal Error] :1:1: Premature end of file.
2026-04-04 16:45:45,667 [ERROR] LogOutputStream:75 - [STDERR_REDIRECT] 
2026-04-04 16:45:46,660 [ERROR] LogOutputStream:75 - [STDERR_REDIRECT] [Fatal Error] :1:1: Premature end of file.
2026-04-04 16:45:46,661 [ERROR] LogOutputStream:75 - [STDERR_REDIRECT] 
2026-04-04 16:45:47,667 [ERROR] LogOutputStream:75 - [STDERR_REDIRECT] [Fatal Error] :1:1: Premature end of file.
2026-04-04 16:45:47,667 [ERROR] LogOutputStream:75 - [STDERR_REDIRECT] 
2026-04-04 16:45:48,669 [ERROR] LogOutputStream:75 - [STDERR_REDIRECT] [Fatal Error] :1:1: Premature end of file.
2026-04-04 16:45:48,670 [ERROR] LogOutputStream:75 - [STDERR_REDIRECT] 
2026-04-04 16:45:49,670 [ERROR] LogOutputStream:75 - [STDERR_REDIRECT] [Fatal Error] :1:1: Premature end of file.
2026-04-04 16:45:49,670 [ERROR] LogOutputStream:75 - [STDERR_REDIRECT] 
2026-04-04 16:45:50,671 [ERROR] LogOutputStream:75 - [STDERR_REDIRECT] [Fatal Error] :1:1: Premature end of file.
2026-04-04 16:45:50,672 [ERROR] LogOutputStream:75 - [STDERR_REDIRECT] 
2026-04-04 16:45:51,663 [ERROR] LogOutputStream:75 - [STDERR_REDIRECT] [Fatal Error] :1:1: Premature end of file.
2026-04-04 16:45:51,663 [ERROR] LogOutputStream:75 - [STDERR_REDIRECT] 
2026-04-04 16:45:52,658 [ERROR] LogOutputStream:75 - [STDERR_REDIRECT] [Fatal Error] :1:1: Premature end of file.
2026-04-04 16:45:52,659 [ERROR] LogOutputStream:75 - [STDERR_REDIRECT] 
2026-04-04 16:45:53,650 [ERROR] LogOutputStream:75 - [STDERR_REDIRECT] [Fatal Error] :1:1: Premature end of file.
2026-04-04 16:45:53,650 [ERROR] LogOutputStream:75 - [STDERR_REDIRECT] 
2026-04-04 16:45:54,659 [ERROR] LogOutputStream:75 - [STDERR_REDIRECT] [Fatal Error] :1:1: Premature end of file.
2026-04-04 16:45:54,659 [ERROR] LogOutputStream:75 - [STDERR_REDIRECT] 
2026-04-04 16:45:55,686 [ERROR] LogOutputStream:75 - [STDERR_REDIRECT] [Fatal Error] :1:1: Premature end of file.
2026-04-04 16:45:55,686 [ERROR] LogOutputStream:75 - [STDERR_REDIRECT] 
2026-04-04 16:45:56,680 [ERROR] LogOutputStream:75 - [STDERR_REDIRECT] [Fatal Error] :1:1: Premature end of file.
2026-04-04 16:45:56,680 [ERROR] LogOutputStream:75 - [STDERR_REDIRECT] 
2026-04-04 16:45:57,673 [ERROR] LogOutputStream:75 - [STDERR_REDIRECT] [Fatal Error] :1:1: Premature end of file.
2026-04-04 16:45:57,673 [ERROR] LogOutputStream:75 - [STDERR_REDIRECT] 
2026-04-04 16:45:58,669 [ERROR] LogOutputStream:75 - [STDERR_REDIRECT] [Fatal Error] :1:1: Premature end of file.
2026-04-04 16:45:58,669 [ERROR] LogOutputStream:75 - [STDERR_REDIRECT] 
2026-04-04 16:45:59,672 [ERROR] LogOutputStream:75 - [STDERR_REDIRECT] [Fatal Error] :1:1: Premature end of file.
2026-04-04 16:45:59,673 [ERROR] LogOutputStream:75 - [STDERR_REDIRECT] 
2026-04-04 16:46:00,652 [ERROR] LogOutputStream:75 - [STDERR_REDIRECT] [Fatal Error] :1:1: Premature end of file.
2026-04-04 16:46:00,652 [ERROR] LogOutputStream:75 - [STDERR_REDIRECT] 
2026-04-04 16:46:01,663 [ERROR] LogOutputStream:75 - [STDERR_REDIRECT] [Fatal Error] :1:1: Premature end of file.
2026-04-04 16:46:01,664 [ERROR] LogOutputStream:75 - [STDERR_REDIRECT] 
2026-04-04 16:46:02,665 [ERROR] LogOutputStream:75 - [STDERR_REDIRECT] [Fatal Error] :1:1: Premature end of file.
2026-04-04 16:46:02,665 [ERROR] LogOutputStream:75 - [STDERR_REDIRECT] 
2026-04-04 16:46:03,663 [ERROR] LogOutputStream:75 - [STDERR_REDIRECT] [Fatal Error] :1:1: Premature end of file.
2026-04-04 16:46:03,663 [ERROR] LogOutputStream:75 - [STDERR_REDIRECT] 
2026-04-04 16:46:04,670 [ERROR] LogOutputStream:75 - [STDERR_REDIRECT] [Fatal Error] :1:1: Premature end of file.
2026-04-04 16:46:04,671 [ERROR] LogOutputStream:75 - [STDERR_REDIRECT] 
2026-04-04 16:46:05,669 [ERROR] LogOutputStream:75 - [STDERR_REDIRECT] [Fatal Error] :1:1: Premature end of file.
2026-04-04 16:46:05,669 [ERROR] LogOutputStream:75 - [STDERR_REDIRECT] 
2026-04-04 16:46:06,663 [ERROR] LogOutputStream:75 - [STDERR_REDIRECT] [Fatal Error] :1:1: Premature end of file.
2026-04-04 16:46:06,663 [ERROR] LogOutputStream:75 - [STDERR_REDIRECT] 
2026-04-04 16:46:07,674 [ERROR] LogOutputStream:75 - [STDERR_REDIRECT] [Fatal Error] :1:1: Premature end of file.
2026-04-04 16:46:07,674 [ERROR] LogOutputStream:75 - [STDERR_REDIRECT] 
2026-04-04 16:46:08,670 [ERROR] LogOutputStream:75 - [STDERR_REDIRECT] [Fatal Error] :1:1: Premature end of file.
2026-04-04 16:46:08,671 [ERROR] LogOutputStream:75 - [STDERR_REDIRECT] 
2026-04-04 16:46:09,666 [ERROR] LogOutputStream:75 - [STDERR_REDIRECT] [Fatal Error] :1:1: Premature end of file.
2026-04-04 16:46:09,666 [ERROR] LogOutputStream:75 - [STDERR_REDIRECT] 
2026-04-04 16:46:10,654 [ERROR] LogOutputStream:75 - [STDERR_REDIRECT] [Fatal Error] :1:1: Premature end of file.
2026-04-04 16:46:10,654 [ERROR] LogOutputStream:75 - [STDERR_REDIRECT] 
2026-04-04 16:46:11,672 [ERROR] LogOutputStream:75 - [STDERR_REDIRECT] [Fatal Error] :1:1: Premature end of file.
2026-04-04 16:46:11,673 [ERROR] LogOutputStream:75 - [STDERR_REDIRECT] 
2026-04-04 16:46:12,667 [ERROR] LogOutputStream:75 - [STDERR_REDIRECT] [Fatal Error] :1:1: Premature end of file.
2026-04-04 16:46:12,667 [ERROR] LogOutputStream:75 - [STDERR_REDIRECT] 
2026-04-04 16:46:13,671 [ERROR] LogOutputStream:75 - [STDERR_REDIRECT] [Fatal Error] :1:1: Premature end of file.
2026-04-04 16:46:13,671 [ERROR] LogOutputStream:75 - [STDERR_REDIRECT] 
2026-04-04 16:46:14,674 [ERROR] LogOutputStream:75 - [STDERR_REDIRECT] [Fatal Error] :1:1: Premature end of file.
2026-04-04 16:46:14,674 [ERROR] LogOutputStream:75 - [STDERR_REDIRECT] 
2026-04-04 16:46:15,662 [ERROR] LogOutputStream:75 - [STDERR_REDIRECT] [Fatal Error] :1:1: Premature end of file.
2026-04-04 16:46:15,663 [ERROR] LogOutputStream:75 - [STDERR_REDIRECT] 
2026-04-04 16:46:16,724 [ERROR] LogOutputStream:75 - [STDERR_REDIRECT] [Fatal Error] :1:1: Premature end of file.
2026-04-04 16:46:16,724 [ERROR] LogOutputStream:75 - [STDERR_REDIRECT] 
2026-04-04 16:46:17,728 [ERROR] LogOutputStream:75 - [STDERR_REDIRECT] [Fatal Error] :1:1: Premature end of file.
2026-04-04 16:46:17,728 [ERROR] LogOutputStream:75 - [STDERR_REDIRECT] 
2026-04-04 16:46:18,709 [ERROR] LogOutputStream:75 - [STDERR_REDIRECT] [Fatal Error] :1:1: Premature end of file.
2026-04-04 16:46:18,709 [ERROR] LogOutputStream:75 - [STDERR_REDIRECT] 
2026-04-04 16:46:19,677 [ERROR] LogOutputStream:75 - [STDERR_REDIRECT] [Fatal Error] :1:1: Premature end of file.
2026-04-04 16:46:19,677 [ERROR] LogOutputStream:75 - [STDERR_REDIRECT] 
2026-04-04 16:46:20,659 [ERROR] LogOutputStream:75 - [STDERR_REDIRECT] [Fatal Error] :1:1: Premature end of file.
2026-04-04 16:46:20,659 [ERROR] LogOutputStream:75 - [STDERR_REDIRECT] 
2026-04-04 16:46:21,662 [ERROR] LogOutputStream:75 - [STDERR_REDIRECT] [Fatal Error] :1:1: Premature end of file.
2026-04-04 16:46:21,662 [ERROR] LogOutputStream:75 - [STDERR_REDIRECT] 
2026-04-04 16:46:22,652 [ERROR] LogOutputStream:75 - [STDERR_REDIRECT] [Fatal Error] :1:1: Premature end of file.
2026-04-04 16:46:22,652 [ERROR] LogOutputStream:75 - [STDERR_REDIRECT] 
2026-04-04 16:46:23,659 [ERROR] LogOutputStream:75 - [STDERR_REDIRECT] [Fatal Error] :1:1: Premature end of file.
2026-04-04 16:46:23,659 [ERROR] LogOutputStream:75 - [STDERR_REDIRECT] 
2026-04-04 16:46:24,654 [ERROR] LogOutputStream:75 - [STDERR_REDIRECT] [Fatal Error] :1:1: Premature end of file.
2026-04-04 16:46:24,655 [ERROR] LogOutputStream:75 - [STDERR_REDIRECT] 
2026-04-04 16:46:25,687 [ERROR] LogOutputStream:75 - [STDERR_REDIRECT] [Fatal Error] :1:1: Premature end of file.
2026-04-04 16:46:25,687 [ERROR] LogOutputStream:75 - [STDERR_REDIRECT] 
2026-04-04 16:46:26,686 [ERROR] LogOutputStream:75 - [STDERR_REDIRECT] [Fatal Error] :1:1: Premature end of file.
2026-04-04 16:46:26,686 [ERROR] LogOutputStream:75 - [STDERR_REDIRECT] 
2026-04-04 16:46:27,706 [ERROR] LogOutputStream:75 - [STDERR_REDIRECT] [Fatal Error] :1:1: Premature end of file.
2026-04-04 16:46:27,707 [ERROR] LogOutputStream:75 - [STDERR_REDIRECT] 
2026-04-04 16:46:28,659 [ERROR] LogOutputStream:75 - [STDERR_REDIRECT] [Fatal Error] :1:1: Premature end of file.
2026-04-04 16:46:28,659 [ERROR] LogOutputStream:75 - [STDERR_REDIRECT] 
2026-04-04 16:46:29,665 [ERROR] LogOutputStream:75 - [STDERR_REDIRECT] [Fatal Error] :1:1: Premature end of file.
2026-04-04 16:46:29,665 [ERROR] LogOutputStream:75 - [STDERR_REDIRECT] 
2026-04-04 16:46:30,652 [ERROR] LogOutputStream:75 - [STDERR_REDIRECT] [Fatal Error] :1:1: Premature end of file.
2026-04-04 16:46:30,652 [ERROR] LogOutputStream:75 - [STDERR_REDIRECT] 
2026-04-04 16:46:31,667 [ERROR] LogOutputStream:75 - [STDERR_REDIRECT] [Fatal Error] :1:1: Premature end of file.
2026-04-04 16:46:31,669 [ERROR] LogOutputStream:75 - [STDERR_REDIRECT] 
2026-04-04 16:46:32,664 [ERROR] LogOutputStream:75 - [STDERR_REDIRECT] [Fatal Error] :1:1: Premature end of file.
2026-04-04 16:46:32,665 [ERROR] LogOutputStream:75 - [STDERR_REDIRECT] 
2026-04-04 16:46:33,669 [ERROR] LogOutputStream:75 - [STDERR_REDIRECT] [Fatal Error] :1:1: Premature end of file.
2026-04-04 16:46:33,669 [ERROR] LogOutputStream:75 - [STDERR_REDIRECT] 
2026-04-04 16:46:34,664 [ERROR] LogOutputStream:75 - [STDERR_REDIRECT] [Fatal Error] :1:1: Premature end of file.
2026-04-04 16:46:34,664 [ERROR] LogOutputStream:75 - [STDERR_REDIRECT] 
2026-04-04 16:46:35,652 [ERROR] LogOutputStream:75 - [STDERR_REDIRECT] [Fatal Error] :1:1: Premature end of file.
2026-04-04 16:46:35,652 [ERROR] LogOutputStream:75 - [STDERR_REDIRECT] 
2026-04-04 16:46:36,653 [ERROR] LogOutputStream:75 - [STDERR_REDIRECT] [Fatal Error] :1:1: Premature end of file.
2026-04-04 16:46:36,654 [ERROR] LogOutputStream:75 - [STDERR_REDIRECT] 
2026-04-04 16:46:37,715 [ERROR] LogOutputStream:75 - [STDERR_REDIRECT] [Fatal Error] :1:1: Premature end of file.
2026-04-04 16:46:37,715 [ERROR] LogOutputStream:75 - [STDERR_REDIRECT] 
2026-04-04 16:46:38,706 [ERROR] LogOutputStream:75 - [STDERR_REDIRECT] [Fatal Error] :1:1: Premature end of file.
2026-04-04 16:46:38,707 [ERROR] LogOutputStream:75 - [STDERR_REDIRECT] 
2026-04-04 16:46:39,712 [ERROR] LogOutputStream:75 - [STDERR_REDIRECT] [Fatal Error] :1:1: Premature end of file.
2026-04-04 16:46:39,712 [ERROR] LogOutputStream:75 - [STDERR_REDIRECT] 
2026-04-04 16:46:40,729 [ERROR] LogOutputStream:75 - [STDERR_REDIRECT] [Fatal Error] :1:1: Premature end of file.
2026-04-04 16:46:40,729 [ERROR] LogOutputStream:75 - [STDERR_REDIRECT] 
2026-04-04 16:46:41,653 [ERROR] LogOutputStream:75 - [STDERR_REDIRECT] [Fatal Error] :1:1: Premature end of file.
2026-04-04 16:46:41,654 [ERROR] LogOutputStream:75 - [STDERR_REDIRECT] 
2026-04-04 16:46:42,694 [ERROR] LogOutputStream:75 - [STDERR_REDIRECT] [Fatal Error] :1:1: Premature end of file.
2026-04-04 16:46:42,694 [ERROR] LogOutputStream:75 - [STDERR_REDIRECT] 
2026-04-04 16:46:43,692 [ERROR] LogOutputStream:75 - [STDERR_REDIRECT] [Fatal Error] :1:1: Premature end of file.
2026-04-04 16:46:43,693 [ERROR] LogOutputStream:75 - [STDERR_REDIRECT] 
2026-04-04 16:46:44,668 [ERROR] LogOutputStream:75 - [STDERR_REDIRECT] [Fatal Error] :1:1: Premature end of file.
2026-04-04 16:46:44,668 [ERROR] LogOutputStream:75 - [STDERR_REDIRECT] 
2026-04-04 16:46:45,672 [ERROR] LogOutputStream:75 - [STDERR_REDIRECT] [Fatal Error] :1:1: Premature end of file.
2026-04-04 16:46:45,672 [ERROR] LogOutputStream:75 - [STDERR_REDIRECT] 
2026-04-04 16:46:46,662 [ERROR] LogOutputStream:75 - [STDERR_REDIRECT] [Fatal Error] :1:1: Premature end of file.
2026-04-04 16:46:46,662 [ERROR] LogOutputStream:75 - [STDERR_REDIRECT] 
2026-04-04 16:46:47,681 [ERROR] LogOutputStream:75 - [STDERR_REDIRECT] [Fatal Error] :1:1: Premature end of file.
2026-04-04 16:46:47,681 [ERROR] LogOutputStream:75 - [STDERR_REDIRECT] 
2026-04-04 16:46:48,687 [ERROR] LogOutputStream:75 - [STDERR_REDIRECT] [Fatal Error] :1:1: Premature end of file.
2026-04-04 16:46:48,687 [ERROR] LogOutputStream:75 - [STDERR_REDIRECT] 
2026-04-04 16:46:49,653 [ERROR] LogOutputStream:75 - [STDERR_REDIRECT] [Fatal Error] :1:1: Premature end of file.
2026-04-04 16:46:49,653 [ERROR] LogOutputStream:75 - [STDERR_REDIRECT] 
2026-04-04 16:46:50,666 [ERROR] LogOutputStream:75 - [STDERR_REDIRECT] [Fatal Error] :1:1: Premature end of file.
2026-04-04 16:46:50,666 [ERROR] LogOutputStream:75 - [STDERR_REDIRECT] 
2026-04-04 16:46:51,714 [ERROR] LogOutputStream:75 - [STDERR_REDIRECT] [Fatal Error] :1:1: Premature end of file.
2026-04-04 16:46:51,714 [ERROR] LogOutputStream:75 - [STDERR_REDIRECT] 
2026-04-04 16:46:52,669 [ERROR] LogOutputStream:75 - [STDERR_REDIRECT] [Fatal Error] :1:1: Premature end of file.
2026-04-04 16:46:52,669 [ERROR] LogOutputStream:75 - [STDERR_REDIRECT] 
2026-04-04 16:46:53,656 [ERROR] LogOutputStream:75 - [STDERR_REDIRECT] [Fatal Error] :1:1: Premature end of file.
2026-04-04 16:46:53,656 [ERROR] LogOutputStream:75 - [STDERR_REDIRECT] 
2026-04-04 16:46:54,706 [ERROR] LogOutputStream:75 - [STDERR_REDIRECT] [Fatal Error] :1:1: Premature end of file.
2026-04-04 16:46:54,706 [ERROR] LogOutputStream:75 - [STDERR_REDIRECT] 
2026-04-04 16:46:55,688 [ERROR] LogOutputStream:75 - [STDERR_REDIRECT] [Fatal Error] :1:1: Premature end of file.
2026-04-04 16:46:55,689 [ERROR] LogOutputStream:75 - [STDERR_REDIRECT] 
2026-04-04 16:46:56,675 [ERROR] LogOutputStream:75 - [STDERR_REDIRECT] [Fatal Error] :1:1: Premature end of file.
2026-04-04 16:46:56,675 [ERROR] LogOutputStream:75 - [STDERR_REDIRECT] 
2026-04-04 16:46:57,674 [ERROR] LogOutputStream:75 - [STDERR_REDIRECT] [Fatal Error] :1:1: Premature end of file.
2026-04-04 16:46:57,674 [ERROR] LogOutputStream:75 - [STDERR_REDIRECT] 
2026-04-04 16:46:58,655 [ERROR] LogOutputStream:75 - [STDERR_REDIRECT] [Fatal Error] :1:1: Premature end of file.
2026-04-04 16:46:58,655 [ERROR] LogOutputStream:75 - [STDERR_REDIRECT] 
2026-04-04 16:46:59,672 [ERROR] LogOutputStream:75 - [STDERR_REDIRECT] [Fatal Error] :1:1: Premature end of file.
2026-04-04 16:46:59,672 [ERROR] LogOutputStream:75 - [STDERR_REDIRECT] 
2026-04-04 16:47:00,654 [ERROR] LogOutputStream:75 - [STDERR_REDIRECT] [Fatal Error] :1:1: Premature end of file.
2026-04-04 16:47:00,655 [ERROR] LogOutputStream:75 - [STDERR_REDIRECT] 
2026-04-04 16:47:01,669 [ERROR] LogOutputStream:75 - [STDERR_REDIRECT] [Fatal Error] :1:1: Premature end of file.
2026-04-04 16:47:01,669 [ERROR] LogOutputStream:75 - [STDERR_REDIRECT] 
2026-04-04 16:47:02,649 [ERROR] LogOutputStream:75 - [STDERR_REDIRECT] [Fatal Error] :1:1: Premature end of file.
2026-04-04 16:47:02,649 [ERROR] LogOutputStream:75 - [STDERR_REDIRECT] 
2026-04-04 16:47:03,654 [ERROR] LogOutputStream:75 - [STDERR_REDIRECT] [Fatal Error] :1:1: Premature end of file.
2026-04-04 16:47:03,654 [ERROR] LogOutputStream:75 - [STDERR_REDIRECT] 
2026-04-04 16:47:04,674 [ERROR] LogOutputStream:75 - [STDERR_REDIRECT] [Fatal Error] :1:1: Premature end of file.
2026-04-04 16:47:04,675 [ERROR] LogOutputStream:75 - [STDERR_REDIRECT] 
2026-04-04 16:47:05,657 [ERROR] LogOutputStream:75 - [STDERR_REDIRECT] [Fatal Error] :1:1: Premature end of file.
2026-04-04 16:47:05,658 [ERROR] LogOutputStream:75 - [STDERR_REDIRECT] 
2026-04-04 16:47:06,656 [ERROR] LogOutputStream:75 - [STDERR_REDIRECT] [Fatal Error] :1:1: Premature end of file.
2026-04-04 16:47:06,656 [ERROR] LogOutputStream:75 - [STDERR_REDIRECT] 
2026-04-04 16:47:07,666 [ERROR] LogOutputStream:75 - [STDERR_REDIRECT] [Fatal Error] :1:1: Premature end of file.
2026-04-04 16:47:07,666 [ERROR] LogOutputStream:75 - [STDERR_REDIRECT] 
2026-04-04 16:47:08,652 [ERROR] LogOutputStream:75 - [STDERR_REDIRECT] [Fatal Error] :1:1: Premature end of file.
2026-04-04 16:47:08,652 [ERROR] LogOutputStream:75 - [STDERR_REDIRECT] 
2026-04-04 16:47:09,674 [ERROR] LogOutputStream:75 - [STDERR_REDIRECT] [Fatal Error] :1:1: Premature end of file.
2026-04-04 16:47:09,674 [ERROR] LogOutputStream:75 - [STDERR_REDIRECT] 
2026-04-04 16:47:10,662 [ERROR] LogOutputStream:75 - [STDERR_REDIRECT] [Fatal Error] :1:1: Premature end of file.
2026-04-04 16:47:10,663 [ERROR] LogOutputStream:75 - [STDERR_REDIRECT] 
2026-04-04 16:47:11,665 [ERROR] LogOutputStream:75 - [STDERR_REDIRECT] [Fatal Error] :1:1: Premature end of file.
2026-04-04 16:47:11,665 [ERROR] LogOutputStream:75 - [STDERR_REDIRECT] 
2026-04-04 16:47:12,671 [ERROR] LogOutputStream:75 - [STDERR_REDIRECT] [Fatal Error] :1:1: Premature end of file.
2026-04-04 16:47:12,672 [ERROR] LogOutputStream:75 - [STDERR_REDIRECT] 
2026-04-04 16:47:13,674 [ERROR] LogOutputStream:75 - [STDERR_REDIRECT] [Fatal Error] :1:1: Premature end of file.
2026-04-04 16:47:13,674 [ERROR] LogOutputStream:75 - [STDERR_REDIRECT] 
2026-04-04 16:47:14,671 [ERROR] LogOutputStream:75 - [STDERR_REDIRECT] [Fatal Error] :1:1: Premature end of file.
2026-04-04 16:47:14,672 [ERROR] LogOutputStream:75 - [STDERR_REDIRECT] 
2026-04-04 16:47:15,672 [ERROR] LogOutputStream:75 - [STDERR_REDIRECT] [Fatal Error] :1:1: Premature end of file.
2026-04-04 16:47:15,673 [ERROR] LogOutputStream:75 - [STDERR_REDIRECT] 
2026-04-04 16:47:16,672 [ERROR] LogOutputStream:75 - [STDERR_REDIRECT] [Fatal Error] :1:1: Premature end of file.
2026-04-04 16:47:16,672 [ERROR] LogOutputStream:75 - [STDERR_REDIRECT] 
2026-04-04 16:47:17,673 [ERROR] LogOutputStream:75 - [STDERR_REDIRECT] [Fatal Error] :1:1: Premature end of file.
2026-04-04 16:47:17,673 [ERROR] LogOutputStream:75 - [STDERR_REDIRECT] 
2026-04-04 16:47:18,661 [ERROR] LogOutputStream:75 - [STDERR_REDIRECT] [Fatal Error] :1:1: Premature end of file.
2026-04-04 16:47:18,661 [ERROR] LogOutputStream:75 - [STDERR_REDIRECT] 
2026-04-04 16:47:19,672 [ERROR] LogOutputStream:75 - [STDERR_REDIRECT] [Fatal Error] :1:1: Premature end of file.
2026-04-04 16:47:19,672 [ERROR] LogOutputStream:75 - [STDERR_REDIRECT] 
2026-04-04 16:47:20,679 [ERROR] LogOutputStream:75 - [STDERR_REDIRECT] [Fatal Error] :1:1: Premature end of file.
2026-04-04 16:47:20,680 [ERROR] LogOutputStream:75 - [STDERR_REDIRECT] 
2026-04-04 16:47:21,664 [ERROR] LogOutputStream:75 - [STDERR_REDIRECT] [Fatal Error] :1:1: Premature end of file.
2026-04-04 16:47:21,664 [ERROR] LogOutputStream:75 - [STDERR_REDIRECT] 
2026-04-04 16:47:22,653 [ERROR] LogOutputStream:75 - [STDERR_REDIRECT] [Fatal Error] :1:1: Premature end of file.
2026-04-04 16:47:22,653 [ERROR] LogOutputStream:75 - [STDERR_REDIRECT] 
2026-04-04 16:47:23,665 [ERROR] LogOutputStream:75 - [STDERR_REDIRECT] [Fatal Error] :1:1: Premature end of file.
2026-04-04 16:47:23,665 [ERROR] LogOutputStream:75 - [STDERR_REDIRECT] 
2026-04-04 16:47:24,651 [ERROR] LogOutputStream:75 - [STDERR_REDIRECT] [Fatal Error] :1:1: Premature end of file.
2026-04-04 16:47:24,651 [ERROR] LogOutputStream:75 - [STDERR_REDIRECT] 
2026-04-04 16:47:25,677 [ERROR] LogOutputStream:75 - [STDERR_REDIRECT] [Fatal Error] :1:1: Premature end of file.
2026-04-04 16:47:25,678 [ERROR] LogOutputStream:75 - [STDERR_REDIRECT] 
2026-04-04 16:47:26,694 [ERROR] LogOutputStream:75 - [STDERR_REDIRECT] [Fatal Error] :1:1: Premature end of file.
2026-04-04 16:47:26,694 [ERROR] LogOutputStream:75 - [STDERR_REDIRECT] 
2026-04-04 16:47:27,722 [ERROR] LogOutputStream:75 - [STDERR_REDIRECT] [Fatal Error] :1:1: Premature end of file.
2026-04-04 16:47:27,722 [ERROR] LogOutputStream:75 - [STDERR_REDIRECT] 
2026-04-04 16:47:28,665 [ERROR] LogOutputStream:75 - [STDERR_REDIRECT] [Fatal Error] :1:1: Premature end of file.
2026-04-04 16:47:28,665 [ERROR] LogOutputStream:75 - [STDERR_REDIRECT] 
2026-04-04 16:47:29,671 [ERROR] LogOutputStream:75 - [STDERR_REDIRECT] [Fatal Error] :1:1: Premature end of file.
2026-04-04 16:47:29,671 [ERROR] LogOutputStream:75 - [STDERR_REDIRECT] 
2026-04-04 16:47:30,665 [ERROR] LogOutputStream:75 - [STDERR_REDIRECT] [Fatal Error] :1:1: Premature end of file.
2026-04-04 16:47:30,665 [ERROR] LogOutputStream:75 - [STDERR_REDIRECT] 
2026-04-04 16:47:31,672 [ERROR] LogOutputStream:75 - [STDERR_REDIRECT] [Fatal Error] :1:1: Premature end of file.
2026-04-04 16:47:31,672 [ERROR] LogOutputStream:75 - [STDERR_REDIRECT] 
2026-04-04 16:47:32,672 [ERROR] LogOutputStream:75 - [STDERR_REDIRECT] [Fatal Error] :1:1: Premature end of file.
2026-04-04 16:47:32,672 [ERROR] LogOutputStream:75 - [STDERR_REDIRECT] 
2026-04-04 16:47:33,672 [ERROR] LogOutputStream:75 - [STDERR_REDIRECT] [Fatal Error] :1:1: Premature end of file.
2026-04-04 16:47:33,672 [ERROR] LogOutputStream:75 - [STDERR_REDIRECT] 
2026-04-04 16:47:34,672 [ERROR] LogOutputStream:75 - [STDERR_REDIRECT] [Fatal Error] :1:1: Premature end of file.
2026-04-04 16:47:34,672 [ERROR] LogOutputStream:75 - [STDERR_REDIRECT] 
2026-04-04 16:47:35,675 [ERROR] LogOutputStream:75 - [STDERR_REDIRECT] [Fatal Error] :1:1: Premature end of file.
2026-04-04 16:47:35,675 [ERROR] LogOutputStream:75 - [STDERR_REDIRECT] 
2026-04-04 16:47:36,682 [ERROR] LogOutputStream:75 - [STDERR_REDIRECT] [Fatal Error] :1:1: Premature end of file.
2026-04-04 16:47:36,683 [ERROR] LogOutputStream:75 - [STDERR_REDIRECT] 
2026-04-04 16:47:37,671 [ERROR] LogOutputStream:75 - [STDERR_REDIRECT] [Fatal Error] :1:1: Premature end of file.
2026-04-04 16:47:37,672 [ERROR] LogOutputStream:75 - [STDERR_REDIRECT] 
2026-04-04 16:47:38,672 [ERROR] LogOutputStream:75 - [STDERR_REDIRECT] [Fatal Error] :1:1: Premature end of file.
2026-04-04 16:47:38,672 [ERROR] LogOutputStream:75 - [STDERR_REDIRECT] 
2026-04-04 16:47:39,666 [ERROR] LogOutputStream:75 - [STDERR_REDIRECT] [Fatal Error] :1:1: Premature end of file.
2026-04-04 16:47:39,666 [ERROR] LogOutputStream:75 - [STDERR_REDIRECT] 
2026-04-04 16:47:40,670 [ERROR] LogOutputStream:75 - [STDERR_REDIRECT] [Fatal Error] :1:1: Premature end of file.
2026-04-04 16:47:40,670 [ERROR] LogOutputStream:75 - [STDERR_REDIRECT] 
2026-04-04 16:47:41,667 [ERROR] LogOutputStream:75 - [STDERR_REDIRECT] [Fatal Error] :1:1: Premature end of file.
2026-04-04 16:47:41,667 [ERROR] LogOutputStream:75 - [STDERR_REDIRECT] 
2026-04-04 16:47:42,671 [ERROR] LogOutputStream:75 - [STDERR_REDIRECT] [Fatal Error] :1:1: Premature end of file.
2026-04-04 16:47:42,671 [ERROR] LogOutputStream:75 - [STDERR_REDIRECT] 
2026-04-04 16:47:43,674 [ERROR] LogOutputStream:75 - [STDERR_REDIRECT] [Fatal Error] :1:1: Premature end of file.
2026-04-04 16:47:43,674 [ERROR] LogOutputStream:75 - [STDERR_REDIRECT] 
2026-04-04 16:47:44,671 [ERROR] LogOutputStream:75 - [STDERR_REDIRECT] [Fatal Error] :1:1: Premature end of file.
2026-04-04 16:47:44,672 [ERROR] LogOutputStream:75 - [STDERR_REDIRECT] 
2026-04-04 16:47:45,671 [ERROR] LogOutputStream:75 - [STDERR_REDIRECT] [Fatal Error] :1:1: Premature end of file.
2026-04-04 16:47:45,671 [ERROR] LogOutputStream:75 - [STDERR_REDIRECT] 
2026-04-04 16:47:46,677 [ERROR] LogOutputStream:75 - [STDERR_REDIRECT] [Fatal Error] :1:1: Premature end of file.
2026-04-04 16:47:46,677 [ERROR] LogOutputStream:75 - [STDERR_REDIRECT] 
2026-04-04 16:47:47,679 [ERROR] LogOutputStream:75 - [STDERR_REDIRECT] [Fatal Error] :1:1: Premature end of file.
2026-04-04 16:47:47,679 [ERROR] LogOutputStream:75 - [STDERR_REDIRECT] 
2026-04-04 16:47:48,670 [ERROR] LogOutputStream:75 - [STDERR_REDIRECT] [Fatal Error] :1:1: Premature end of file.
2026-04-04 16:47:48,670 [ERROR] LogOutputStream:75 - [STDERR_REDIRECT] 
2026-04-04 16:47:49,674 [ERROR] LogOutputStream:75 - [STDERR_REDIRECT] [Fatal Error] :1:1: Premature end of file.
2026-04-04 16:47:49,675 [ERROR] LogOutputStream:75 - [STDERR_REDIRECT] 
2026-04-04 16:47:50,674 [ERROR] LogOutputStream:75 - [STDERR_REDIRECT] [Fatal Error] :1:1: Premature end of file.
2026-04-04 16:47:50,674 [ERROR] LogOutputStream:75 - [STDERR_REDIRECT] 
2026-04-04 16:47:51,663 [ERROR] LogOutputStream:75 - [STDERR_REDIRECT] [Fatal Error] :1:1: Premature end of file.
2026-04-04 16:47:51,663 [ERROR] LogOutputStream:75 - [STDERR_REDIRECT] 
2026-04-04 16:47:52,654 [ERROR] LogOutputStream:75 - [STDERR_REDIRECT] [Fatal Error] :1:1: Premature end of file.
2026-04-04 16:47:52,654 [ERROR] LogOutputStream:75 - [STDERR_REDIRECT] 
2026-04-04 16:47:53,653 [ERROR] LogOutputStream:75 - [STDERR_REDIRECT] [Fatal Error] :1:1: Premature end of file.
2026-04-04 16:47:53,653 [ERROR] LogOutputStream:75 - [STDERR_REDIRECT] 
2026-04-04 16:47:54,661 [ERROR] LogOutputStream:75 - [STDERR_REDIRECT] [Fatal Error] :1:1: Premature end of file.
2026-04-04 16:47:54,661 [ERROR] LogOutputStream:75 - [STDERR_REDIRECT] 
2026-04-04 16:47:55,676 [ERROR] LogOutputStream:75 - [STDERR_REDIRECT] [Fatal Error] :1:1: Premature end of file.
2026-04-04 16:47:55,676 [ERROR] LogOutputStream:75 - [STDERR_REDIRECT] 
2026-04-04 16:47:56,693 [ERROR] LogOutputStream:75 - [STDERR_REDIRECT] [Fatal Error] :1:1: Premature end of file.
2026-04-04 16:47:56,693 [ERROR] LogOutputStream:75 - [STDERR_REDIRECT] 
2026-04-04 16:47:57,660 [ERROR] LogOutputStream:75 - [STDERR_REDIRECT] [Fatal Error] :1:1: Premature end of file.
2026-04-04 16:47:57,660 [ERROR] LogOutputStream:75 - [STDERR_REDIRECT] 
2026-04-04 16:47:58,657 [ERROR] LogOutputStream:75 - [STDERR_REDIRECT] [Fatal Error] :1:1: Premature end of file.
2026-04-04 16:47:58,658 [ERROR] LogOutputStream:75 - [STDERR_REDIRECT] 
2026-04-04 16:47:59,680 [ERROR] LogOutputStream:75 - [STDERR_REDIRECT] [Fatal Error] :1:1: Premature end of file.
2026-04-04 16:47:59,680 [ERROR] LogOutputStream:75 - [STDERR_REDIRECT] 
2026-04-04 16:48:00,671 [ERROR] LogOutputStream:75 - [STDERR_REDIRECT] [Fatal Error] :1:1: Premature end of file.
2026-04-04 16:48:00,671 [ERROR] LogOutputStream:75 - [STDERR_REDIRECT] 
2026-04-04 16:48:01,678 [ERROR] LogOutputStream:75 - [STDERR_REDIRECT] [Fatal Error] :1:1: Premature end of file.
2026-04-04 16:48:01,678 [ERROR] LogOutputStream:75 - [STDERR_REDIRECT] 
2026-04-04 16:48:02,657 [ERROR] LogOutputStream:75 - [STDERR_REDIRECT] [Fatal Error] :1:1: Premature end of file.
2026-04-04 16:48:02,657 [ERROR] LogOutputStream:75 - [STDERR_REDIRECT] 
2026-04-04 16:48:03,669 [ERROR] LogOutputStream:75 - [STDERR_REDIRECT] [Fatal Error] :1:1: Premature end of file.
2026-04-04 16:48:03,670 [ERROR] LogOutputStream:75 - [STDERR_REDIRECT] 
2026-04-04 16:48:04,664 [ERROR] LogOutputStream:75 - [STDERR_REDIRECT] [Fatal Error] :1:1: Premature end of file.
2026-04-04 16:48:04,664 [ERROR] LogOutputStream:75 - [STDERR_REDIRECT] 
2026-04-04 16:48:05,668 [ERROR] LogOutputStream:75 - [STDERR_REDIRECT] [Fatal Error] :1:1: Premature end of file.
2026-04-04 16:48:05,668 [ERROR] LogOutputStream:75 - [STDERR_REDIRECT] 
2026-04-04 16:48:06,671 [ERROR] LogOutputStream:75 - [STDERR_REDIRECT] [Fatal Error] :1:1: Premature end of file.
2026-04-04 16:48:06,671 [ERROR] LogOutputStream:75 - [STDERR_REDIRECT] 
2026-04-04 16:48:07,673 [ERROR] LogOutputStream:75 - [STDERR_REDIRECT] [Fatal Error] :1:1: Premature end of file.
2026-04-04 16:48:07,673 [ERROR] LogOutputStream:75 - [STDERR_REDIRECT] 
2026-04-04 16:48:08,668 [ERROR] LogOutputStream:75 - [STDERR_REDIRECT] [Fatal Error] :1:1: Premature end of file.
2026-04-04 16:48:08,669 [ERROR] LogOutputStream:75 - [STDERR_REDIRECT] 
2026-04-04 16:48:09,670 [ERROR] LogOutputStream:75 - [STDERR_REDIRECT] [Fatal Error] :1:1: Premature end of file.
2026-04-04 16:48:09,671 [ERROR] LogOutputStream:75 - [STDERR_REDIRECT] 
2026-04-04 16:48:10,657 [ERROR] LogOutputStream:75 - [STDERR_REDIRECT] [Fatal Error] :1:1: Premature end of file.
2026-04-04 16:48:10,657 [ERROR] LogOutputStream:75 - [STDERR_REDIRECT] 
2026-04-04 16:48:11,663 [ERROR] LogOutputStream:75 - [STDERR_REDIRECT] [Fatal Error] :1:1: Premature end of file.
2026-04-04 16:48:11,663 [ERROR] LogOutputStream:75 - [STDERR_REDIRECT] 
2026-04-04 16:48:12,677 [ERROR] LogOutputStream:75 - [STDERR_REDIRECT] [Fatal Error] :1:1: Premature end of file.
2026-04-04 16:48:12,677 [ERROR] LogOutputStream:75 - [STDERR_REDIRECT] 
2026-04-04 16:48:13,674 [ERROR] LogOutputStream:75 - [STDERR_REDIRECT] [Fatal Error] :1:1: Premature end of file.
2026-04-04 16:48:13,674 [ERROR] LogOutputStream:75 - [STDERR_REDIRECT] 
2026-04-04 16:48:14,672 [ERROR] LogOutputStream:75 - [STDERR_REDIRECT] [Fatal Error] :1:1: Premature end of file.
2026-04-04 16:48:14,672 [ERROR] LogOutputStream:75 - [STDERR_REDIRECT] 
2026-04-04 16:48:15,666 [ERROR] LogOutputStream:75 - [STDERR_REDIRECT] [Fatal Error] :1:1: Premature end of file.
2026-04-04 16:48:15,666 [ERROR] LogOutputStream:75 - [STDERR_REDIRECT] 
2026-04-04 16:48:16,669 [ERROR] LogOutputStream:75 - [STDERR_REDIRECT] [Fatal Error] :1:1: Premature end of file.
2026-04-04 16:48:16,669 [ERROR] LogOutputStream:75 - [STDERR_REDIRECT] 
2026-04-04 16:48:17,664 [ERROR] LogOutputStream:75 - [STDERR_REDIRECT] [Fatal Error] :1:1: Premature end of file.
2026-04-04 16:48:17,664 [ERROR] LogOutputStream:75 - [STDERR_REDIRECT] 
2026-04-04 16:48:18,666 [ERROR] LogOutputStream:75 - [STDERR_REDIRECT] [Fatal Error] :1:1: Premature end of file.
2026-04-04 16:48:18,667 [ERROR] LogOutputStream:75 - [STDERR_REDIRECT] 
2026-04-04 16:48:19,663 [ERROR] LogOutputStream:75 - [STDERR_REDIRECT] [Fatal Error] :1:1: Premature end of file.
2026-04-04 16:48:19,664 [ERROR] LogOutputStream:75 - [STDERR_REDIRECT] 
2026-04-04 16:48:20,656 [ERROR] LogOutputStream:75 - [STDERR_REDIRECT] [Fatal Error] :1:1: Premature end of file.
2026-04-04 16:48:20,657 [ERROR] LogOutputStream:75 - [STDERR_REDIRECT] 
2026-04-04 16:48:21,669 [ERROR] LogOutputStream:75 - [STDERR_REDIRECT] [Fatal Error] :1:1: Premature end of file.
2026-04-04 16:48:21,670 [ERROR] LogOutputStream:75 - [STDERR_REDIRECT] 
2026-04-04 16:48:22,657 [ERROR] LogOutputStream:75 - [STDERR_REDIRECT] [Fatal Error] :1:1: Premature end of file.
2026-04-04 16:48:22,657 [ERROR] LogOutputStream:75 - [STDERR_REDIRECT] 
2026-04-04 16:48:23,655 [ERROR] LogOutputStream:75 - [STDERR_REDIRECT] [Fatal Error] :1:1: Premature end of file.
2026-04-04 16:48:23,655 [ERROR] LogOutputStream:75 - [STDERR_REDIRECT] 
2026-04-04 16:48:24,696 [ERROR] LogOutputStream:75 - [STDERR_REDIRECT] [Fatal Error] :1:1: Premature end of file.
2026-04-04 16:48:24,696 [ERROR] LogOutputStream:75 - [STDERR_REDIRECT] 
2026-04-04 16:48:25,679 [ERROR] LogOutputStream:75 - [STDERR_REDIRECT] [Fatal Error] :1:1: Premature end of file.
2026-04-04 16:48:25,679 [ERROR] LogOutputStream:75 - [STDERR_REDIRECT] 
2026-04-04 16:48:26,680 [ERROR] LogOutputStream:75 - [STDERR_REDIRECT] [Fatal Error] :1:1: Premature end of file.
2026-04-04 16:48:26,680 [ERROR] LogOutputStream:75 - [STDERR_REDIRECT] 
2026-04-04 16:48:27,672 [ERROR] LogOutputStream:75 - [STDERR_REDIRECT] [Fatal Error] :1:1: Premature end of file.
2026-04-04 16:48:27,672 [ERROR] LogOutputStream:75 - [STDERR_REDIRECT] 
2026-04-04 16:48:28,664 [ERROR] LogOutputStream:75 - [STDERR_REDIRECT] [Fatal Error] :1:1: Premature end of file.
2026-04-04 16:48:28,664 [ERROR] LogOutputStream:75 - [STDERR_REDIRECT] 
2026-04-04 16:48:29,660 [ERROR] LogOutputStream:75 - [STDERR_REDIRECT] [Fatal Error] :1:1: Premature end of file.
2026-04-04 16:48:29,661 [ERROR] LogOutputStream:75 - [STDERR_REDIRECT] 
2026-04-04 16:48:30,667 [ERROR] LogOutputStream:75 - [STDERR_REDIRECT] [Fatal Error] :1:1: Premature end of file.
2026-04-04 16:48:30,668 [ERROR] LogOutputStream:75 - [STDERR_REDIRECT] 
2026-04-04 16:48:31,663 [ERROR] LogOutputStream:75 - [STDERR_REDIRECT] [Fatal Error] :1:1: Premature end of file.
2026-04-04 16:48:31,663 [ERROR] LogOutputStream:75 - [STDERR_REDIRECT] 
2026-04-04 16:48:32,671 [ERROR] LogOutputStream:75 - [STDERR_REDIRECT] [Fatal Error] :1:1: Premature end of file.
2026-04-04 16:48:32,671 [ERROR] LogOutputStream:75 - [STDERR_REDIRECT] 
2026-04-04 16:48:33,668 [ERROR] LogOutputStream:75 - [STDERR_REDIRECT] [Fatal Error] :1:1: Premature end of file.
2026-04-04 16:48:33,668 [ERROR] LogOutputStream:75 - [STDERR_REDIRECT] 
2026-04-04 16:48:34,669 [ERROR] LogOutputStream:75 - [STDERR_REDIRECT] [Fatal Error] :1:1: Premature end of file.
2026-04-04 16:48:34,670 [ERROR] LogOutputStream:75 - [STDERR_REDIRECT] 
2026-04-04 16:48:35,668 [ERROR] LogOutputStream:75 - [STDERR_REDIRECT] [Fatal Error] :1:1: Premature end of file.
2026-04-04 16:48:35,668 [ERROR] LogOutputStream:75 - [STDERR_REDIRECT] 
2026-04-04 16:48:36,669 [ERROR] LogOutputStream:75 - [STDERR_REDIRECT] [Fatal Error] :1:1: Premature end of file.
2026-04-04 16:48:36,670 [ERROR] LogOutputStream:75 - [STDERR_REDIRECT] 
2026-04-04 16:48:37,670 [ERROR] LogOutputStream:75 - [STDERR_REDIRECT] [Fatal Error] :1:1: Premature end of file.
2026-04-04 16:48:37,670 [ERROR] LogOutputStream:75 - [STDERR_REDIRECT] 
2026-04-04 16:48:38,664 [ERROR] LogOutputStream:75 - [STDERR_REDIRECT] [Fatal Error] :1:1: Premature end of file.
2026-04-04 16:48:38,664 [ERROR] LogOutputStream:75 - [STDERR_REDIRECT] 
2026-04-04 16:48:39,670 [ERROR] LogOutputStream:75 - [STDERR_REDIRECT] [Fatal Error] :1:1: Premature end of file.
2026-04-04 16:48:39,670 [ERROR] LogOutputStream:75 - [STDERR_REDIRECT] 
2026-04-04 16:48:40,671 [ERROR] LogOutputStream:75 - [STDERR_REDIRECT] [Fatal Error] :1:1: Premature end of file.
2026-04-04 16:48:40,671 [ERROR] LogOutputStream:75 - [STDERR_REDIRECT] 
2026-04-04 16:48:41,654 [ERROR] LogOutputStream:75 - [STDERR_REDIRECT] [Fatal Error] :1:1: Premature end of file.
2026-04-04 16:48:41,655 [ERROR] LogOutputStream:75 - [STDERR_REDIRECT] 
2026-04-04 16:48:42,670 [ERROR] LogOutputStream:75 - [STDERR_REDIRECT] [Fatal Error] :1:1: Premature end of file.
2026-04-04 16:48:42,670 [ERROR] LogOutputStream:75 - [STDERR_REDIRECT] 
2026-04-04 16:48:43,669 [ERROR] LogOutputStream:75 - [STDERR_REDIRECT] [Fatal Error] :1:1: Premature end of file.
2026-04-04 16:48:43,669 [ERROR] LogOutputStream:75 - [STDERR_REDIRECT] 
2026-04-04 16:48:44,662 [ERROR] LogOutputStream:75 - [STDERR_REDIRECT] [Fatal Error] :1:1: Premature end of file.
2026-04-04 16:48:44,663 [ERROR] LogOutputStream:75 - [STDERR_REDIRECT] 
2026-04-04 16:48:45,662 [ERROR] LogOutputStream:75 - [STDERR_REDIRECT] [Fatal Error] :1:1: Premature end of file.
2026-04-04 16:48:45,662 [ERROR] LogOutputStream:75 - [STDERR_REDIRECT] 
2026-04-04 16:48:46,657 [ERROR] LogOutputStream:75 - [STDERR_REDIRECT] [Fatal Error] :1:1: Premature end of file.
2026-04-04 16:48:46,658 [ERROR] LogOutputStream:75 - [STDERR_REDIRECT] 
2026-04-04 16:48:47,667 [ERROR] LogOutputStream:75 - [STDERR_REDIRECT] [Fatal Error] :1:1: Premature end of file.
2026-04-04 16:48:47,668 [ERROR] LogOutputStream:75 - [STDERR_REDIRECT] 
2026-04-04 16:48:48,656 [ERROR] LogOutputStream:75 - [STDERR_REDIRECT] [Fatal Error] :1:1: Premature end of file.
2026-04-04 16:48:48,656 [ERROR] LogOutputStream:75 - [STDERR_REDIRECT] 
2026-04-04 16:48:49,663 [ERROR] LogOutputStream:75 - [STDERR_REDIRECT] [Fatal Error] :1:1: Premature end of file.
2026-04-04 16:48:49,663 [ERROR] LogOutputStream:75 - [STDERR_REDIRECT] 
2026-04-04 16:48:50,678 [ERROR] LogOutputStream:75 - [STDERR_REDIRECT] [Fatal Error] :1:1: Premature end of file.
2026-04-04 16:48:50,678 [ERROR] LogOutputStream:75 - [STDERR_REDIRECT] 
2026-04-04 16:48:51,668 [ERROR] LogOutputStream:75 - [STDERR_REDIRECT] [Fatal Error] :1:1: Premature end of file.
2026-04-04 16:48:51,668 [ERROR] LogOutputStream:75 - [STDERR_REDIRECT] 
2026-04-04 16:48:52,653 [ERROR] LogOutputStream:75 - [STDERR_REDIRECT] [Fatal Error] :1:1: Premature end of file.
2026-04-04 16:48:52,653 [ERROR] LogOutputStream:75 - [STDERR_REDIRECT] 
2026-04-04 16:48:53,655 [ERROR] LogOutputStream:75 - [STDERR_REDIRECT] [Fatal Error] :1:1: Premature end of file.
2026-04-04 16:48:53,656 [ERROR] LogOutputStream:75 - [STDERR_REDIRECT] 
2026-04-04 16:48:54,653 [ERROR] LogOutputStream:75 - [STDERR_REDIRECT] [Fatal Error] :1:1: Premature end of file.
2026-04-04 16:48:54,653 [ERROR] LogOutputStream:75 - [STDERR_REDIRECT] 
2026-04-04 16:48:55,677 [ERROR] LogOutputStream:75 - [STDERR_REDIRECT] [Fatal Error] :1:1: Premature end of file.
2026-04-04 16:48:55,677 [ERROR] LogOutputStream:75 - [STDERR_REDIRECT] 
2026-04-04 16:48:56,687 [ERROR] LogOutputStream:75 - [STDERR_REDIRECT] [Fatal Error] :1:1: Premature end of file.
2026-04-04 16:48:56,687 [ERROR] LogOutputStream:75 - [STDERR_REDIRECT] 
2026-04-04 16:48:57,669 [ERROR] LogOutputStream:75 - [STDERR_REDIRECT] [Fatal Error] :1:1: Premature end of file.
2026-04-04 16:48:57,670 [ERROR] LogOutputStream:75 - [STDERR_REDIRECT] 
2026-04-04 16:48:58,669 [ERROR] LogOutputStream:75 - [STDERR_REDIRECT] [Fatal Error] :1:1: Premature end of file.
2026-04-04 16:48:58,669 [ERROR] LogOutputStream:75 - [STDERR_REDIRECT] 
2026-04-04 16:48:59,666 [ERROR] LogOutputStream:75 - [STDERR_REDIRECT] [Fatal Error] :1:1: Premature end of file.
2026-04-04 16:48:59,666 [ERROR] LogOutputStream:75 - [STDERR_REDIRECT] 
2026-04-04 16:49:00,663 [ERROR] LogOutputStream:75 - [STDERR_REDIRECT] [Fatal Error] :1:1: Premature end of file.
2026-04-04 16:49:00,663 [ERROR] LogOutputStream:75 - [STDERR_REDIRECT] 
2026-04-04 16:49:01,672 [ERROR] LogOutputStream:75 - [STDERR_REDIRECT] [Fatal Error] :1:1: Premature end of file.
2026-04-04 16:49:01,672 [ERROR] LogOutputStream:75 - [STDERR_REDIRECT] 
2026-04-04 16:49:02,668 [ERROR] LogOutputStream:75 - [STDERR_REDIRECT] [Fatal Error] :1:1: Premature end of file.
2026-04-04 16:49:02,669 [ERROR] LogOutputStream:75 - [STDERR_REDIRECT] 
2026-04-04 16:49:03,664 [ERROR] LogOutputStream:75 - [STDERR_REDIRECT] [Fatal Error] :1:1: Premature end of file.
2026-04-04 16:49:03,664 [ERROR] LogOutputStream:75 - [STDERR_REDIRECT] 
2026-04-04 16:49:04,662 [ERROR] LogOutputStream:75 - [STDERR_REDIRECT] [Fatal Error] :1:1: Premature end of file.
2026-04-04 16:49:04,662 [ERROR] LogOutputStream:75 - [STDERR_REDIRECT] 
2026-04-04 16:49:05,672 [ERROR] LogOutputStream:75 - [STDERR_REDIRECT] [Fatal Error] :1:1: Premature end of file.
2026-04-04 16:49:05,673 [ERROR] LogOutputStream:75 - [STDERR_REDIRECT] 
2026-04-04 16:49:06,671 [ERROR] LogOutputStream:75 - [STDERR_REDIRECT] [Fatal Error] :1:1: Premature end of file.
2026-04-04 16:49:06,671 [ERROR] LogOutputStream:75 - [STDERR_REDIRECT] 
2026-04-04 16:49:07,664 [ERROR] LogOutputStream:75 - [STDERR_REDIRECT] [Fatal Error] :1:1: Premature end of file.
2026-04-04 16:49:07,664 [ERROR] LogOutputStream:75 - [STDERR_REDIRECT] 
2026-04-04 16:49:08,670 [ERROR] LogOutputStream:75 - [STDERR_REDIRECT] [Fatal Error] :1:1: Premature end of file.
2026-04-04 16:49:08,670 [ERROR] LogOutputStream:75 - [STDERR_REDIRECT] 
2026-04-04 16:49:09,668 [ERROR] LogOutputStream:75 - [STDERR_REDIRECT] [Fatal Error] :1:1: Premature end of file.
2026-04-04 16:49:09,669 [ERROR] LogOutputStream:75 - [STDERR_REDIRECT] 
2026-04-04 16:49:10,671 [ERROR] LogOutputStream:75 - [STDERR_REDIRECT] [Fatal Error] :1:1: Premature end of file.
2026-04-04 16:49:10,671 [ERROR] LogOutputStream:75 - [STDERR_REDIRECT] 
2026-04-04 16:49:11,672 [ERROR] LogOutputStream:75 - [STDERR_REDIRECT] [Fatal Error] :1:1: Premature end of file.
2026-04-04 16:49:11,672 [ERROR] LogOutputStream:75 - [STDERR_REDIRECT] 
2026-04-04 16:49:12,675 [ERROR] LogOutputStream:75 - [STDERR_REDIRECT] [Fatal Error] :1:1: Premature end of file.
2026-04-04 16:49:12,676 [ERROR] LogOutputStream:75 - [STDERR_REDIRECT] 
2026-04-04 16:49:13,675 [ERROR] LogOutputStream:75 - [STDERR_REDIRECT] [Fatal Error] :1:1: Premature end of file.
2026-04-04 16:49:13,675 [ERROR] LogOutputStream:75 - [STDERR_REDIRECT] 
2026-04-04 16:49:14,679 [ERROR] LogOutputStream:75 - [STDERR_REDIRECT] [Fatal Error] :1:1: Premature end of file.
2026-04-04 16:49:14,679 [ERROR] LogOutputStream:75 - [STDERR_REDIRECT] 
2026-04-04 16:49:15,668 [ERROR] LogOutputStream:75 - [STDERR_REDIRECT] [Fatal Error] :1:1: Premature end of file.
2026-04-04 16:49:15,668 [ERROR] LogOutputStream:75 - [STDERR_REDIRECT] 
2026-04-04 16:49:16,675 [ERROR] LogOutputStream:75 - [STDERR_REDIRECT] [Fatal Error] :1:1: Premature end of file.
2026-04-04 16:49:16,675 [ERROR] LogOutputStream:75 - [STDERR_REDIRECT] 
2026-04-04 16:49:17,669 [ERROR] LogOutputStream:75 - [STDERR_REDIRECT] [Fatal Error] :1:1: Premature end of file.
2026-04-04 16:49:17,669 [ERROR] LogOutputStream:75 - [STDERR_REDIRECT] 
2026-04-04 16:49:18,670 [ERROR] LogOutputStream:75 - [STDERR_REDIRECT] [Fatal Error] :1:1: Premature end of file.
2026-04-04 16:49:18,670 [ERROR] LogOutputStream:75 - [STDERR_REDIRECT] 
2026-04-04 16:49:19,668 [ERROR] LogOutputStream:75 - [STDERR_REDIRECT] [Fatal Error] :1:1: Premature end of file.
2026-04-04 16:49:19,668 [ERROR] LogOutputStream:75 - [STDERR_REDIRECT] 
2026-04-04 16:49:20,672 [ERROR] LogOutputStream:75 - [STDERR_REDIRECT] [Fatal Error] :1:1: Premature end of file.
2026-04-04 16:49:20,672 [ERROR] LogOutputStream:75 - [STDERR_REDIRECT] 
2026-04-04 16:49:21,663 [ERROR] LogOutputStream:75 - [STDERR_REDIRECT] [Fatal Error] :1:1: Premature end of file.
2026-04-04 16:49:21,663 [ERROR] LogOutputStream:75 - [STDERR_REDIRECT] 
2026-04-04 16:49:22,657 [ERROR] LogOutputStream:75 - [STDERR_REDIRECT] [Fatal Error] :1:1: Premature end of file.
2026-04-04 16:49:22,669 [ERROR] LogOutputStream:75 - [STDERR_REDIRECT] 
2026-04-04 16:49:23,655 [ERROR] LogOutputStream:75 - [STDERR_REDIRECT] [Fatal Error] :1:1: Premature end of file.
2026-04-04 16:49:23,655 [ERROR] LogOutputStream:75 - [STDERR_REDIRECT] 
2026-04-04 16:49:24,660 [ERROR] LogOutputStream:75 - [STDERR_REDIRECT] [Fatal Error] :1:1: Premature end of file.
2026-04-04 16:49:24,661 [ERROR] LogOutputStream:75 - [STDERR_REDIRECT] 
2026-04-04 16:49:25,680 [ERROR] LogOutputStream:75 - [STDERR_REDIRECT] [Fatal Error] :1:1: Premature end of file.
2026-04-04 16:49:25,680 [ERROR] LogOutputStream:75 - [STDERR_REDIRECT] 
2026-04-04 16:49:26,679 [ERROR] LogOutputStream:75 - [STDERR_REDIRECT] [Fatal Error] :1:1: Premature end of file.
2026-04-04 16:49:26,680 [ERROR] LogOutputStream:75 - [STDERR_REDIRECT] 
2026-04-04 16:49:27,666 [ERROR] LogOutputStream:75 - [STDERR_REDIRECT] [Fatal Error] :1:1: Premature end of file.
2026-04-04 16:49:27,667 [ERROR] LogOutputStream:75 - [STDERR_REDIRECT] 
2026-04-04 16:49:28,671 [ERROR] LogOutputStream:75 - [STDERR_REDIRECT] [Fatal Error] :1:1: Premature end of file.
2026-04-04 16:49:28,671 [ERROR] LogOutputStream:75 - [STDERR_REDIRECT] 
2026-04-04 16:49:29,661 [ERROR] LogOutputStream:75 - [STDERR_REDIRECT] [Fatal Error] :1:1: Premature end of file.
2026-04-04 16:49:29,661 [ERROR] LogOutputStream:75 - [STDERR_REDIRECT] 
2026-04-04 16:49:30,653 [ERROR] LogOutputStream:75 - [STDERR_REDIRECT] [Fatal Error] :1:1: Premature end of file.
2026-04-04 16:49:30,654 [ERROR] LogOutputStream:75 - [STDERR_REDIRECT] 
2026-04-04 16:49:31,669 [ERROR] LogOutputStream:75 - [STDERR_REDIRECT] [Fatal Error] :1:1: Premature end of file.
2026-04-04 16:49:31,669 [ERROR] LogOutputStream:75 - [STDERR_REDIRECT] 
2026-04-04 16:49:32,674 [ERROR] LogOutputStream:75 - [STDERR_REDIRECT] [Fatal Error] :1:1: Premature end of file.
2026-04-04 16:49:32,674 [ERROR] LogOutputStream:75 - [STDERR_REDIRECT] 
2026-04-04 16:49:33,671 [ERROR] LogOutputStream:75 - [STDERR_REDIRECT] [Fatal Error] :1:1: Premature end of file.
2026-04-04 16:49:33,671 [ERROR] LogOutputStream:75 - [STDERR_REDIRECT] 
2026-04-04 16:49:34,671 [ERROR] LogOutputStream:75 - [STDERR_REDIRECT] [Fatal Error] :1:1: Premature end of file.
2026-04-04 16:49:34,671 [ERROR] LogOutputStream:75 - [STDERR_REDIRECT] 
2026-04-04 16:49:35,659 [ERROR] LogOutputStream:75 - [STDERR_REDIRECT] [Fatal Error] :1:1: Premature end of file.
2026-04-04 16:49:35,661 [ERROR] LogOutputStream:75 - [STDERR_REDIRECT] 
2026-04-04 16:49:36,661 [ERROR] LogOutputStream:75 - [STDERR_REDIRECT] [Fatal Error] :1:1: Premature end of file.
2026-04-04 16:49:36,661 [ERROR] LogOutputStream:75 - [STDERR_REDIRECT] 
2026-04-04 16:49:37,660 [ERROR] LogOutputStream:75 - [STDERR_REDIRECT] [Fatal Error] :1:1: Premature end of file.
2026-04-04 16:49:37,660 [ERROR] LogOutputStream:75 - [STDERR_REDIRECT] 
2026-04-04 16:49:38,668 [ERROR] LogOutputStream:75 - [STDERR_REDIRECT] [Fatal Error] :1:1: Premature end of file.
2026-04-04 16:49:38,669 [ERROR] LogOutputStream:75 - [STDERR_REDIRECT] 
2026-04-04 16:49:39,665 [ERROR] LogOutputStream:75 - [STDERR_REDIRECT] [Fatal Error] :1:1: Premature end of file.
2026-04-04 16:49:39,665 [ERROR] LogOutputStream:75 - [STDERR_REDIRECT] 
2026-04-04 16:49:40,669 [ERROR] LogOutputStream:75 - [STDERR_REDIRECT] [Fatal Error] :1:1: Premature end of file.
2026-04-04 16:49:40,670 [ERROR] LogOutputStream:75 - [STDERR_REDIRECT] 
2026-04-04 16:49:41,668 [ERROR] LogOutputStream:75 - [STDERR_REDIRECT] [Fatal Error] :1:1: Premature end of file.
2026-04-04 16:49:41,669 [ERROR] LogOutputStream:75 - [STDERR_REDIRECT] 
2026-04-04 16:49:42,672 [ERROR] LogOutputStream:75 - [STDERR_REDIRECT] [Fatal Error] :1:1: Premature end of file.
2026-04-04 16:49:42,672 [ERROR] LogOutputStream:75 - [STDERR_REDIRECT] 
2026-04-04 16:49:43,656 [ERROR] LogOutputStream:75 - [STDERR_REDIRECT] [Fatal Error] :1:1: Premature end of file.
2026-04-04 16:49:43,656 [ERROR] LogOutputStream:75 - [STDERR_REDIRECT] 
2026-04-04 16:49:44,673 [ERROR] LogOutputStream:75 - [STDERR_REDIRECT] [Fatal Error] :1:1: Premature end of file.
2026-04-04 16:49:44,674 [ERROR] LogOutputStream:75 - [STDERR_REDIRECT] 
2026-04-04 16:49:45,662 [ERROR] LogOutputStream:75 - [STDERR_REDIRECT] [Fatal Error] :1:1: Premature end of file.
2026-04-04 16:49:45,662 [ERROR] LogOutputStream:75 - [STDERR_REDIRECT] 
2026-04-04 16:49:46,666 [ERROR] LogOutputStream:75 - [STDERR_REDIRECT] [Fatal Error] :1:1: Premature end of file.
2026-04-04 16:49:46,666 [ERROR] LogOutputStream:75 - [STDERR_REDIRECT] 
2026-04-04 16:49:47,663 [ERROR] LogOutputStream:75 - [STDERR_REDIRECT] [Fatal Error] :1:1: Premature end of file.
2026-04-04 16:49:47,663 [ERROR] LogOutputStream:75 - [STDERR_REDIRECT] 
2026-04-04 16:49:48,654 [ERROR] LogOutputStream:75 - [STDERR_REDIRECT] [Fatal Error] :1:1: Premature end of file.
2026-04-04 16:49:48,655 [ERROR] LogOutputStream:75 - [STDERR_REDIRECT] 
2026-04-04 16:49:49,659 [ERROR] LogOutputStream:75 - [STDERR_REDIRECT] [Fatal Error] :1:1: Premature end of file.
2026-04-04 16:49:49,660 [ERROR] LogOutputStream:75 - [STDERR_REDIRECT] 
2026-04-04 16:49:50,670 [ERROR] LogOutputStream:75 - [STDERR_REDIRECT] [Fatal Error] :1:1: Premature end of file.
2026-04-04 16:49:50,670 [ERROR] LogOutputStream:75 - [STDERR_REDIRECT] 
2026-04-04 16:49:51,667 [ERROR] LogOutputStream:75 - [STDERR_REDIRECT] [Fatal Error] :1:1: Premature end of file.
2026-04-04 16:49:51,667 [ERROR] LogOutputStream:75 - [STDERR_REDIRECT] 
2026-04-04 16:49:52,660 [ERROR] LogOutputStream:75 - [STDERR_REDIRECT] [Fatal Error] :1:1: Premature end of file.
2026-04-04 16:49:52,660 [ERROR] LogOutputStream:75 - [STDERR_REDIRECT] 
2026-04-04 16:49:53,647 [ERROR] LogOutputStream:75 - [STDERR_REDIRECT] [Fatal Error] :1:1: Premature end of file.
2026-04-04 16:49:53,648 [ERROR] LogOutputStream:75 - [STDERR_REDIRECT] 
2026-04-04 16:49:54,668 [ERROR] LogOutputStream:75 - [STDERR_REDIRECT] [Fatal Error] :1:1: Premature end of file.
2026-04-04 16:49:54,668 [ERROR] LogOutputStream:75 - [STDERR_REDIRECT] 
2026-04-04 16:49:55,682 [ERROR] LogOutputStream:75 - [STDERR_REDIRECT] [Fatal Error] :1:1: Premature end of file.
2026-04-04 16:49:55,683 [ERROR] LogOutputStream:75 - [STDERR_REDIRECT] 
2026-04-04 16:49:56,683 [ERROR] LogOutputStream:75 - [STDERR_REDIRECT] [Fatal Error] :1:1: Premature end of file.
2026-04-04 16:49:56,683 [ERROR] LogOutputStream:75 - [STDERR_REDIRECT] 
2026-04-04 16:49:57,669 [ERROR] LogOutputStream:75 - [STDERR_REDIRECT] [Fatal Error] :1:1: Premature end of file.
2026-04-04 16:49:57,669 [ERROR] LogOutputStream:75 - [STDERR_REDIRECT] 
2026-04-04 16:49:58,672 [ERROR] LogOutputStream:75 - [STDERR_REDIRECT] [Fatal Error] :1:1: Premature end of file.
2026-04-04 16:49:58,672 [ERROR] LogOutputStream:75 - [STDERR_REDIRECT] 
2026-04-04 16:49:59,670 [ERROR] LogOutputStream:75 - [STDERR_REDIRECT] [Fatal Error] :1:1: Premature end of file.
2026-04-04 16:49:59,670 [ERROR] LogOutputStream:75 - [STDERR_REDIRECT] 
2026-04-04 16:50:00,671 [ERROR] LogOutputStream:75 - [STDERR_REDIRECT] [Fatal Error] :1:1: Premature end of file.
2026-04-04 16:50:00,671 [ERROR] LogOutputStream:75 - [STDERR_REDIRECT] 
2026-04-04 16:50:01,670 [ERROR] LogOutputStream:75 - [STDERR_REDIRECT] [Fatal Error] :1:1: Premature end of file.
2026-04-04 16:50:01,670 [ERROR] LogOutputStream:75 - [STDERR_REDIRECT] 
2026-04-04 16:50:02,668 [ERROR] LogOutputStream:75 - [STDERR_REDIRECT] [Fatal Error] :1:1: Premature end of file.
2026-04-04 16:50:02,668 [ERROR] LogOutputStream:75 - [STDERR_REDIRECT] 
2026-04-04 16:50:03,661 [ERROR] LogOutputStream:75 - [STDERR_REDIRECT] [Fatal Error] :1:1: Premature end of file.
2026-04-04 16:50:03,661 [ERROR] LogOutputStream:75 - [STDERR_REDIRECT] 
2026-04-04 16:50:04,670 [ERROR] LogOutputStream:75 - [STDERR_REDIRECT] [Fatal Error] :1:1: Premature end of file.
2026-04-04 16:50:04,670 [ERROR] LogOutputStream:75 - [STDERR_REDIRECT] 
2026-04-04 16:50:05,668 [ERROR] LogOutputStream:75 - [STDERR_REDIRECT] [Fatal Error] :1:1: Premature end of file.
2026-04-04 16:50:05,668 [ERROR] LogOutputStream:75 - [STDERR_REDIRECT] 
2026-04-04 16:50:06,666 [ERROR] LogOutputStream:75 - [STDERR_REDIRECT] [Fatal Error] :1:1: Premature end of file.
2026-04-04 16:50:06,667 [ERROR] LogOutputStream:75 - [STDERR_REDIRECT] 
2026-04-04 16:50:07,671 [ERROR] LogOutputStream:75 - [STDERR_REDIRECT] [Fatal Error] :1:1: Premature end of file.
2026-04-04 16:50:07,671 [ERROR] LogOutputStream:75 - [STDERR_REDIRECT] 
2026-04-04 16:50:08,674 [ERROR] LogOutputStream:75 - [STDERR_REDIRECT] [Fatal Error] :1:1: Premature end of file.
2026-04-04 16:50:08,675 [ERROR] LogOutputStream:75 - [STDERR_REDIRECT] 
2026-04-04 16:50:09,673 [ERROR] LogOutputStream:75 - [STDERR_REDIRECT] [Fatal Error] :1:1: Premature end of file.
2026-04-04 16:50:09,674 [ERROR] LogOutputStream:75 - [STDERR_REDIRECT] 
2026-04-04 16:50:10,671 [ERROR] LogOutputStream:75 - [STDERR_REDIRECT] [Fatal Error] :1:1: Premature end of file.
2026-04-04 16:50:10,671 [ERROR] LogOutputStream:75 - [STDERR_REDIRECT] 
2026-04-04 16:50:11,671 [ERROR] LogOutputStream:75 - [STDERR_REDIRECT] [Fatal Error] :1:1: Premature end of file.
2026-04-04 16:50:11,671 [ERROR] LogOutputStream:75 - [STDERR_REDIRECT] 
2026-04-04 16:50:12,664 [ERROR] LogOutputStream:75 - [STDERR_REDIRECT] [Fatal Error] :1:1: Premature end of file.
2026-04-04 16:50:12,665 [ERROR] LogOutputStream:75 - [STDERR_REDIRECT] 
2026-04-04 16:50:13,671 [ERROR] LogOutputStream:75 - [STDERR_REDIRECT] [Fatal Error] :1:1: Premature end of file.
2026-04-04 16:50:13,671 [ERROR] LogOutputStream:75 - [STDERR_REDIRECT] 
2026-04-04 16:50:14,657 [ERROR] LogOutputStream:75 - [STDERR_REDIRECT] [Fatal Error] :1:1: Premature end of file.
2026-04-04 16:50:14,657 [ERROR] LogOutputStream:75 - [STDERR_REDIRECT] 
2026-04-04 16:50:15,674 [ERROR] LogOutputStream:75 - [STDERR_REDIRECT] [Fatal Error] :1:1: Premature end of file.
2026-04-04 16:50:15,674 [ERROR] LogOutputStream:75 - [STDERR_REDIRECT] 
2026-04-04 16:50:16,665 [ERROR] LogOutputStream:75 - [STDERR_REDIRECT] [Fatal Error] :1:1: Premature end of file.
2026-04-04 16:50:16,666 [ERROR] LogOutputStream:75 - [STDERR_REDIRECT] 
2026-04-04 16:50:17,667 [ERROR] LogOutputStream:75 - [STDERR_REDIRECT] [Fatal Error] :1:1: Premature end of file.
2026-04-04 16:50:17,667 [ERROR] LogOutputStream:75 - [STDERR_REDIRECT] 
2026-04-04 16:50:18,669 [ERROR] LogOutputStream:75 - [STDERR_REDIRECT] [Fatal Error] :1:1: Premature end of file.
2026-04-04 16:50:18,669 [ERROR] LogOutputStream:75 - [STDERR_REDIRECT] 
2026-04-04 16:50:19,665 [ERROR] LogOutputStream:75 - [STDERR_REDIRECT] [Fatal Error] :1:1: Premature end of file.
2026-04-04 16:50:19,665 [ERROR] LogOutputStream:75 - [STDERR_REDIRECT] 
2026-04-04 16:50:20,670 [ERROR] LogOutputStream:75 - [STDERR_REDIRECT] [Fatal Error] :1:1: Premature end of file.
2026-04-04 16:50:20,670 [ERROR] LogOutputStream:75 - [STDERR_REDIRECT] 
2026-04-04 16:50:21,664 [ERROR] LogOutputStream:75 - [STDERR_REDIRECT] [Fatal Error] :1:1: Premature end of file.
2026-04-04 16:50:21,665 [ERROR] LogOutputStream:75 - [STDERR_REDIRECT] 
2026-04-04 16:50:22,657 [ERROR] LogOutputStream:75 - [STDERR_REDIRECT] [Fatal Error] :1:1: Premature end of file.
2026-04-04 16:50:22,657 [ERROR] LogOutputStream:75 - [STDERR_REDIRECT] 
2026-04-04 16:50:23,656 [ERROR] LogOutputStream:75 - [STDERR_REDIRECT] [Fatal Error] :1:1: Premature end of file.
2026-04-04 16:50:23,656 [ERROR] LogOutputStream:75 - [STDERR_REDIRECT] 
2026-04-04 16:50:24,658 [ERROR] LogOutputStream:75 - [STDERR_REDIRECT] [Fatal Error] :1:1: Premature end of file.
2026-04-04 16:50:24,658 [ERROR] LogOutputStream:75 - [STDERR_REDIRECT] 
2026-04-04 16:50:25,678 [ERROR] LogOutputStream:75 - [STDERR_REDIRECT] [Fatal Error] :1:1: Premature end of file.
2026-04-04 16:50:25,678 [ERROR] LogOutputStream:75 - [STDERR_REDIRECT] 
2026-04-04 16:50:26,682 [ERROR] LogOutputStream:75 - [STDERR_REDIRECT] [Fatal Error] :1:1: Premature end of file.
2026-04-04 16:50:26,682 [ERROR] LogOutputStream:75 - [STDERR_REDIRECT] 
2026-04-04 16:50:27,662 [ERROR] LogOutputStream:75 - [STDERR_REDIRECT] [Fatal Error] :1:1: Premature end of file.
2026-04-04 16:50:27,662 [ERROR] LogOutputStream:75 - [STDERR_REDIRECT] 
2026-04-04 16:50:28,671 [ERROR] LogOutputStream:75 - [STDERR_REDIRECT] [Fatal Error] :1:1: Premature end of file.
2026-04-04 16:50:28,671 [ERROR] LogOutputStream:75 - [STDERR_REDIRECT] 
2026-04-04 16:50:29,675 [ERROR] LogOutputStream:75 - [STDERR_REDIRECT] [Fatal Error] :1:1: Premature end of file.
2026-04-04 16:50:29,676 [ERROR] LogOutputStream:75 - [STDERR_REDIRECT] 
2026-04-04 16:50:30,669 [ERROR] LogOutputStream:75 - [STDERR_REDIRECT] [Fatal Error] :1:1: Premature end of file.
2026-04-04 16:50:30,669 [ERROR] LogOutputStream:75 - [STDERR_REDIRECT] 
2026-04-04 16:50:31,675 [ERROR] LogOutputStream:75 - [STDERR_REDIRECT] [Fatal Error] :1:1: Premature end of file.
2026-04-04 16:50:31,676 [ERROR] LogOutputStream:75 - [STDERR_REDIRECT] 
2026-04-04 16:50:32,672 [ERROR] LogOutputStream:75 - [STDERR_REDIRECT] [Fatal Error] :1:1: Premature end of file.
2026-04-04 16:50:32,673 [ERROR] LogOutputStream:75 - [STDERR_REDIRECT] 
2026-04-04 16:50:33,667 [ERROR] LogOutputStream:75 - [STDERR_REDIRECT] [Fatal Error] :1:1: Premature end of file.
2026-04-04 16:50:33,667 [ERROR] LogOutputStream:75 - [STDERR_REDIRECT] 
2026-04-04 16:50:34,666 [ERROR] LogOutputStream:75 - [STDERR_REDIRECT] [Fatal Error] :1:1: Premature end of file.
2026-04-04 16:50:34,666 [ERROR] LogOutputStream:75 - [STDERR_REDIRECT] 
2026-04-04 16:50:35,675 [ERROR] LogOutputStream:75 - [STDERR_REDIRECT] [Fatal Error] :1:1: Premature end of file.
2026-04-04 16:50:35,675 [ERROR] LogOutputStream:75 - [STDERR_REDIRECT] 
2026-04-04 16:50:36,669 [ERROR] LogOutputStream:75 - [STDERR_REDIRECT] [Fatal Error] :1:1: Premature end of file.
2026-04-04 16:50:36,669 [ERROR] LogOutputStream:75 - [STDERR_REDIRECT] 
2026-04-04 16:50:37,670 [ERROR] LogOutputStream:75 - [STDERR_REDIRECT] [Fatal Error] :1:1: Premature end of file.
2026-04-04 16:50:37,670 [ERROR] LogOutputStream:75 - [STDERR_REDIRECT] 
2026-04-04 16:50:38,672 [ERROR] LogOutputStream:75 - [STDERR_REDIRECT] [Fatal Error] :1:1: Premature end of file.
2026-04-04 16:50:38,673 [ERROR] LogOutputStream:75 - [STDERR_REDIRECT] 
2026-04-04 16:50:39,671 [ERROR] LogOutputStream:75 - [STDERR_REDIRECT] [Fatal Error] :1:1: Premature end of file.
2026-04-04 16:50:39,671 [ERROR] LogOutputStream:75 - [STDERR_REDIRECT] 
2026-04-04 16:50:40,675 [ERROR] LogOutputStream:75 - [STDERR_REDIRECT] [Fatal Error] :1:1: Premature end of file.
2026-04-04 16:50:40,675 [ERROR] LogOutputStream:75 - [STDERR_REDIRECT] 
2026-04-04 16:50:41,670 [ERROR] LogOutputStream:75 - [STDERR_REDIRECT] [Fatal Error] :1:1: Premature end of file.
2026-04-04 16:50:41,671 [ERROR] LogOutputStream:75 - [STDERR_REDIRECT] 
2026-04-04 16:50:42,671 [ERROR] LogOutputStream:75 - [STDERR_REDIRECT] [Fatal Error] :1:1: Premature end of file.
2026-04-04 16:50:42,671 [ERROR] LogOutputStream:75 - [STDERR_REDIRECT] 
2026-04-04 16:50:43,667 [ERROR] LogOutputStream:75 - [STDERR_REDIRECT] [Fatal Error] :1:1: Premature end of file.
2026-04-04 16:50:43,667 [ERROR] LogOutputStream:75 - [STDERR_REDIRECT] 
2026-04-04 16:50:44,666 [ERROR] LogOutputStream:75 - [STDERR_REDIRECT] [Fatal Error] :1:1: Premature end of file.
2026-04-04 16:50:44,667 [ERROR] LogOutputStream:75 - [STDERR_REDIRECT] 
2026-04-04 16:50:45,671 [ERROR] LogOutputStream:75 - [STDERR_REDIRECT] [Fatal Error] :1:1: Premature end of file.
2026-04-04 16:50:45,671 [ERROR] LogOutputStream:75 - [STDERR_REDIRECT] 
2026-04-04 16:50:46,660 [ERROR] LogOutputStream:75 - [STDERR_REDIRECT] [Fatal Error] :1:1: Premature end of file.
2026-04-04 16:50:46,660 [ERROR] LogOutputStream:75 - [STDERR_REDIRECT] 
2026-04-04 16:50:47,663 [ERROR] LogOutputStream:75 - [STDERR_REDIRECT] [Fatal Error] :1:1: Premature end of file.
2026-04-04 16:50:47,663 [ERROR] LogOutputStream:75 - [STDERR_REDIRECT] 
2026-04-04 16:50:48,682 [ERROR] LogOutputStream:75 - [STDERR_REDIRECT] [Fatal Error] :1:1: Premature end of file.
2026-04-04 16:50:48,683 [ERROR] LogOutputStream:75 - [STDERR_REDIRECT] 
2026-04-04 16:50:49,667 [ERROR] LogOutputStream:75 - [STDERR_REDIRECT] [Fatal Error] :1:1: Premature end of file.
2026-04-04 16:50:49,667 [ERROR] LogOutputStream:75 - [STDERR_REDIRECT] 
2026-04-04 16:50:50,677 [ERROR] LogOutputStream:75 - [STDERR_REDIRECT] [Fatal Error] :1:1: Premature end of file.
2026-04-04 16:50:50,677 [ERROR] LogOutputStream:75 - [STDERR_REDIRECT] 
2026-04-04 16:50:51,662 [ERROR] LogOutputStream:75 - [STDERR_REDIRECT] [Fatal Error] :1:1: Premature end of file.
2026-04-04 16:50:51,662 [ERROR] LogOutputStream:75 - [STDERR_REDIRECT] 
2026-04-04 16:50:52,656 [ERROR] LogOutputStream:75 - [STDERR_REDIRECT] [Fatal Error] :1:1: Premature end of file.
2026-04-04 16:50:52,656 [ERROR] LogOutputStream:75 - [STDERR_REDIRECT] 
2026-04-04 16:50:53,652 [ERROR] LogOutputStream:75 - [STDERR_REDIRECT] [Fatal Error] :1:1: Premature end of file.
2026-04-04 16:50:53,652 [ERROR] LogOutputStream:75 - [STDERR_REDIRECT] 
2026-04-04 16:50:54,684 [ERROR] LogOutputStream:75 - [STDERR_REDIRECT] [Fatal Error] :1:1: Premature end of file.
2026-04-04 16:50:54,684 [ERROR] LogOutputStream:75 - [STDERR_REDIRECT] 
2026-04-04 16:50:55,679 [ERROR] LogOutputStream:75 - [STDERR_REDIRECT] [Fatal Error] :1:1: Premature end of file.
2026-04-04 16:50:55,679 [ERROR] LogOutputStream:75 - [STDERR_REDIRECT] 
2026-04-04 16:50:56,681 [ERROR] LogOutputStream:75 - [STDERR_REDIRECT] [Fatal Error] :1:1: Premature end of file.
2026-04-04 16:50:56,682 [ERROR] LogOutputStream:75 - [STDERR_REDIRECT] 
2026-04-04 16:50:57,671 [ERROR] LogOutputStream:75 - [STDERR_REDIRECT] [Fatal Error] :1:1: Premature end of file.
2026-04-04 16:50:57,671 [ERROR] LogOutputStream:75 - [STDERR_REDIRECT] 
2026-04-04 16:50:58,667 [ERROR] LogOutputStream:75 - [STDERR_REDIRECT] [Fatal Error] :1:1: Premature end of file.
2026-04-04 16:50:58,668 [ERROR] LogOutputStream:75 - [STDERR_REDIRECT] 
2026-04-04 16:50:59,671 [ERROR] LogOutputStream:75 - [STDERR_REDIRECT] [Fatal Error] :1:1: Premature end of file.
2026-04-04 16:50:59,671 [ERROR] LogOutputStream:75 - [STDERR_REDIRECT] 
2026-04-04 16:51:00,668 [ERROR] LogOutputStream:75 - [STDERR_REDIRECT] [Fatal Error] :1:1: Premature end of file.
2026-04-04 16:51:00,668 [ERROR] LogOutputStream:75 - [STDERR_REDIRECT] 
2026-04-04 16:51:01,662 [ERROR] LogOutputStream:75 - [STDERR_REDIRECT] [Fatal Error] :1:1: Premature end of file.
2026-04-04 16:51:01,662 [ERROR] LogOutputStream:75 - [STDERR_REDIRECT] 
2026-04-04 16:51:02,670 [ERROR] LogOutputStream:75 - [STDERR_REDIRECT] [Fatal Error] :1:1: Premature end of file.
2026-04-04 16:51:02,670 [ERROR] LogOutputStream:75 - [STDERR_REDIRECT] 
2026-04-04 16:51:03,665 [ERROR] LogOutputStream:75 - [STDERR_REDIRECT] [Fatal Error] :1:1: Premature end of file.
2026-04-04 16:51:03,666 [ERROR] LogOutputStream:75 - [STDERR_REDIRECT] 
2026-04-04 16:51:04,667 [ERROR] LogOutputStream:75 - [STDERR_REDIRECT] [Fatal Error] :1:1: Premature end of file.
2026-04-04 16:51:04,667 [ERROR] LogOutputStream:75 - [STDERR_REDIRECT] 
2026-04-04 16:51:05,668 [ERROR] LogOutputStream:75 - [STDERR_REDIRECT] [Fatal Error] :1:1: Premature end of file.
2026-04-04 16:51:05,668 [ERROR] LogOutputStream:75 - [STDERR_REDIRECT] 
2026-04-04 16:51:06,662 [ERROR] LogOutputStream:75 - [STDERR_REDIRECT] [Fatal Error] :1:1: Premature end of file.
2026-04-04 16:51:06,663 [ERROR] LogOutputStream:75 - [STDERR_REDIRECT] 
2026-04-04 16:51:07,666 [ERROR] LogOutputStream:75 - [STDERR_REDIRECT] [Fatal Error] :1:1: Premature end of file.
2026-04-04 16:51:07,666 [ERROR] LogOutputStream:75 - [STDERR_REDIRECT] 
2026-04-04 16:51:08,674 [ERROR] LogOutputStream:75 - [STDERR_REDIRECT] [Fatal Error] :1:1: Premature end of file.
2026-04-04 16:51:08,674 [ERROR] LogOutputStream:75 - [STDERR_REDIRECT] 
2026-04-04 16:51:09,668 [ERROR] LogOutputStream:75 - [STDERR_REDIRECT] [Fatal Error] :1:1: Premature end of file.
2026-04-04 16:51:09,668 [ERROR] LogOutputStream:75 - [STDERR_REDIRECT] 
2026-04-04 16:51:10,657 [ERROR] LogOutputStream:75 - [STDERR_REDIRECT] [Fatal Error] :1:1: Premature end of file.
2026-04-04 16:51:10,658 [ERROR] LogOutputStream:75 - [STDERR_REDIRECT] 
2026-04-04 16:51:11,671 [ERROR] LogOutputStream:75 - [STDERR_REDIRECT] [Fatal Error] :1:1: Premature end of file.
2026-04-04 16:51:11,671 [ERROR] LogOutputStream:75 - [STDERR_REDIRECT] 
2026-04-04 16:51:12,676 [ERROR] LogOutputStream:75 - [STDERR_REDIRECT] [Fatal Error] :1:1: Premature end of file.
2026-04-04 16:51:12,676 [ERROR] LogOutputStream:75 - [STDERR_REDIRECT] 
2026-04-04 16:51:13,664 [ERROR] LogOutputStream:75 - [STDERR_REDIRECT] [Fatal Error] :1:1: Premature end of file.
2026-04-04 16:51:13,664 [ERROR] LogOutputStream:75 - [STDERR_REDIRECT] 
2026-04-04 16:51:14,666 [ERROR] LogOutputStream:75 - [STDERR_REDIRECT] [Fatal Error] :1:1: Premature end of file.
2026-04-04 16:51:14,666 [ERROR] LogOutputStream:75 - [STDERR_REDIRECT] 
2026-04-04 16:51:15,679 [ERROR] LogOutputStream:75 - [STDERR_REDIRECT] [Fatal Error] :1:1: Premature end of file.
2026-04-04 16:51:15,679 [ERROR] LogOutputStream:75 - [STDERR_REDIRECT] 
2026-04-04 16:51:16,671 [ERROR] LogOutputStream:75 - [STDERR_REDIRECT] [Fatal Error] :1:1: Premature end of file.
2026-04-04 16:51:16,671 [ERROR] LogOutputStream:75 - [STDERR_REDIRECT] 
2026-04-04 16:51:17,678 [ERROR] LogOutputStream:75 - [STDERR_REDIRECT] [Fatal Error] :1:1: Premature end of file.
2026-04-04 16:51:17,678 [ERROR] LogOutputStream:75 - [STDERR_REDIRECT] 
2026-04-04 16:51:18,666 [ERROR] LogOutputStream:75 - [STDERR_REDIRECT] [Fatal Error] :1:1: Premature end of file.
2026-04-04 16:51:18,666 [ERROR] LogOutputStream:75 - [STDERR_REDIRECT] 
2026-04-04 16:51:19,668 [ERROR] LogOutputStream:75 - [STDERR_REDIRECT] [Fatal Error] :1:1: Premature end of file.
2026-04-04 16:51:19,668 [ERROR] LogOutputStream:75 - [STDERR_REDIRECT] 
2026-04-04 16:51:20,668 [ERROR] LogOutputStream:75 - [STDERR_REDIRECT] [Fatal Error] :1:1: Premature end of file.
2026-04-04 16:51:20,668 [ERROR] LogOutputStream:75 - [STDERR_REDIRECT] 
2026-04-04 16:51:21,646 [ERROR] LogOutputStream:75 - [STDERR_REDIRECT] [Fatal Error] :1:1: Premature end of file.
2026-04-04 16:51:21,646 [ERROR] LogOutputStream:75 - [STDERR_REDIRECT] 
2026-04-04 16:51:22,660 [ERROR] LogOutputStream:75 - [STDERR_REDIRECT] [Fatal Error] :1:1: Premature end of file.
2026-04-04 16:51:22,660 [ERROR] LogOutputStream:75 - [STDERR_REDIRECT] 
2026-04-04 16:51:23,652 [ERROR] LogOutputStream:75 - [STDERR_REDIRECT] [Fatal Error] :1:1: Premature end of file.
2026-04-04 16:51:23,653 [ERROR] LogOutputStream:75 - [STDERR_REDIRECT] 
2026-04-04 16:51:24,679 [ERROR] LogOutputStream:75 - [STDERR_REDIRECT] [Fatal Error] :1:1: Premature end of file.
2026-04-04 16:51:24,680 [ERROR] LogOutputStream:75 - [STDERR_REDIRECT] 
2026-04-04 16:51:25,675 [ERROR] LogOutputStream:75 - [STDERR_REDIRECT] [Fatal Error] :1:1: Premature end of file.
2026-04-04 16:51:25,676 [ERROR] LogOutputStream:75 - [STDERR_REDIRECT] 
2026-04-04 16:51:26,690 [ERROR] LogOutputStream:75 - [STDERR_REDIRECT] [Fatal Error] :1:1: Premature end of file.
2026-04-04 16:51:26,691 [ERROR] LogOutputStream:75 - [STDERR_REDIRECT] 
2026-04-04 16:51:27,670 [ERROR] LogOutputStream:75 - [STDERR_REDIRECT] [Fatal Error] :1:1: Premature end of file.
2026-04-04 16:51:27,671 [ERROR] LogOutputStream:75 - [STDERR_REDIRECT] 
2026-04-04 16:51:28,663 [ERROR] LogOutputStream:75 - [STDERR_REDIRECT] [Fatal Error] :1:1: Premature end of file.
2026-04-04 16:51:28,663 [ERROR] LogOutputStream:75 - [STDERR_REDIRECT] 
2026-04-04 16:51:29,676 [ERROR] LogOutputStream:75 - [STDERR_REDIRECT] [Fatal Error] :1:1: Premature end of file.
2026-04-04 16:51:29,676 [ERROR] LogOutputStream:75 - [STDERR_REDIRECT] 
2026-04-04 16:51:30,671 [ERROR] LogOutputStream:75 - [STDERR_REDIRECT] [Fatal Error] :1:1: Premature end of file.
2026-04-04 16:51:30,671 [ERROR] LogOutputStream:75 - [STDERR_REDIRECT] 
2026-04-04 16:51:31,665 [ERROR] LogOutputStream:75 - [STDERR_REDIRECT] [Fatal Error] :1:1: Premature end of file.
2026-04-04 16:51:31,666 [ERROR] LogOutputStream:75 - [STDERR_REDIRECT] 
2026-04-04 16:51:32,667 [ERROR] LogOutputStream:75 - [STDERR_REDIRECT] [Fatal Error] :1:1: Premature end of file.
2026-04-04 16:51:32,667 [ERROR] LogOutputStream:75 - [STDERR_REDIRECT] 
2026-04-04 16:51:33,665 [ERROR] LogOutputStream:75 - [STDERR_REDIRECT] [Fatal Error] :1:1: Premature end of file.
2026-04-04 16:51:33,665 [ERROR] LogOutputStream:75 - [STDERR_REDIRECT] 
2026-04-04 16:51:34,667 [ERROR] LogOutputStream:75 - [STDERR_REDIRECT] [Fatal Error] :1:1: Premature end of file.
2026-04-04 16:51:34,668 [ERROR] LogOutputStream:75 - [STDERR_REDIRECT] 
2026-04-04 16:51:35,673 [ERROR] LogOutputStream:75 - [STDERR_REDIRECT] [Fatal Error] :1:1: Premature end of file.
2026-04-04 16:51:35,673 [ERROR] LogOutputStream:75 - [STDERR_REDIRECT] 
2026-04-04 16:51:36,664 [ERROR] LogOutputStream:75 - [STDERR_REDIRECT] [Fatal Error] :1:1: Premature end of file.
2026-04-04 16:51:36,665 [ERROR] LogOutputStream:75 - [STDERR_REDIRECT] 
2026-04-04 16:51:37,667 [ERROR] LogOutputStream:75 - [STDERR_REDIRECT] [Fatal Error] :1:1: Premature end of file.
2026-04-04 16:51:37,668 [ERROR] LogOutputStream:75 - [STDERR_REDIRECT] 
2026-04-04 16:51:38,674 [ERROR] LogOutputStream:75 - [STDERR_REDIRECT] [Fatal Error] :1:1: Premature end of file.
2026-04-04 16:51:38,674 [ERROR] LogOutputStream:75 - [STDERR_REDIRECT] 
2026-04-04 16:51:39,664 [ERROR] LogOutputStream:75 - [STDERR_REDIRECT] [Fatal Error] :1:1: Premature end of file.
2026-04-04 16:51:39,664 [ERROR] LogOutputStream:75 - [STDERR_REDIRECT] 
2026-04-04 16:51:40,652 [ERROR] LogOutputStream:75 - [STDERR_REDIRECT] [Fatal Error] :1:1: Premature end of file.
2026-04-04 16:51:40,652 [ERROR] LogOutputStream:75 - [STDERR_REDIRECT] 
2026-04-04 16:51:41,675 [ERROR] LogOutputStream:75 - [STDERR_REDIRECT] [Fatal Error] :1:1: Premature end of file.
2026-04-04 16:51:41,675 [ERROR] LogOutputStream:75 - [STDERR_REDIRECT] 
2026-04-04 16:51:42,658 [ERROR] LogOutputStream:75 - [STDERR_REDIRECT] [Fatal Error] :1:1: Premature end of file.
2026-04-04 16:51:42,658 [ERROR] LogOutputStream:75 - [STDERR_REDIRECT] 
2026-04-04 16:51:43,662 [ERROR] LogOutputStream:75 - [STDERR_REDIRECT] [Fatal Error] :1:1: Premature end of file.
2026-04-04 16:51:43,662 [ERROR] LogOutputStream:75 - [STDERR_REDIRECT] 
2026-04-04 16:51:44,652 [ERROR] LogOutputStream:75 - [STDERR_REDIRECT] [Fatal Error] :1:1: Premature end of file.
2026-04-04 16:51:44,652 [ERROR] LogOutputStream:75 - [STDERR_REDIRECT] 
2026-04-04 16:51:45,670 [ERROR] LogOutputStream:75 - [STDERR_REDIRECT] [Fatal Error] :1:1: Premature end of file.
2026-04-04 16:51:45,670 [ERROR] LogOutputStream:75 - [STDERR_REDIRECT] 
2026-04-04 16:51:46,659 [ERROR] LogOutputStream:75 - [STDERR_REDIRECT] [Fatal Error] :1:1: Premature end of file.
2026-04-04 16:51:46,659 [ERROR] LogOutputStream:75 - [STDERR_REDIRECT] 
2026-04-04 16:51:47,680 [ERROR] LogOutputStream:75 - [STDERR_REDIRECT] [Fatal Error] :1:1: Premature end of file.
2026-04-04 16:51:47,680 [ERROR] LogOutputStream:75 - [STDERR_REDIRECT] 
2026-04-04 16:51:48,673 [ERROR] LogOutputStream:75 - [STDERR_REDIRECT] [Fatal Error] :1:1: Premature end of file.
2026-04-04 16:51:48,673 [ERROR] LogOutputStream:75 - [STDERR_REDIRECT] 
2026-04-04 16:51:49,677 [ERROR] LogOutputStream:75 - [STDERR_REDIRECT] [Fatal Error] :1:1: Premature end of file.
2026-04-04 16:51:49,677 [ERROR] LogOutputStream:75 - [STDERR_REDIRECT] 
2026-04-04 16:51:50,664 [ERROR] LogOutputStream:75 - [STDERR_REDIRECT] [Fatal Error] :1:1: Premature end of file.
2026-04-04 16:51:50,664 [ERROR] LogOutputStream:75 - [STDERR_REDIRECT] 
2026-04-04 16:51:51,673 [ERROR] LogOutputStream:75 - [STDERR_REDIRECT] [Fatal Error] :1:1: Premature end of file.
2026-04-04 16:51:51,673 [ERROR] LogOutputStream:75 - [STDERR_REDIRECT] 
2026-04-04 16:51:52,659 [ERROR] LogOutputStream:75 - [STDERR_REDIRECT] [Fatal Error] :1:1: Premature end of file.
2026-04-04 16:51:52,659 [ERROR] LogOutputStream:75 - [STDERR_REDIRECT] 
2026-04-04 16:51:53,650 [ERROR] LogOutputStream:75 - [STDERR_REDIRECT] [Fatal Error] :1:1: Premature end of file.
2026-04-04 16:51:53,651 [ERROR] LogOutputStream:75 - [STDERR_REDIRECT] 
2026-04-04 16:51:54,691 [ERROR] LogOutputStream:75 - [STDERR_REDIRECT] [Fatal Error] :1:1: Premature end of file.
2026-04-04 16:51:54,691 [ERROR] LogOutputStream:75 - [STDERR_REDIRECT] 
2026-04-04 16:51:55,681 [ERROR] LogOutputStream:75 - [STDERR_REDIRECT] [Fatal Error] :1:1: Premature end of file.
2026-04-04 16:51:55,681 [ERROR] LogOutputStream:75 - [STDERR_REDIRECT] 
2026-04-04 16:51:56,683 [ERROR] LogOutputStream:75 - [STDERR_REDIRECT] [Fatal Error] :1:1: Premature end of file.
2026-04-04 16:51:56,683 [ERROR] LogOutputStream:75 - [STDERR_REDIRECT] 
2026-04-04 16:51:57,696 [ERROR] LogOutputStream:75 - [STDERR_REDIRECT] [Fatal Error] :1:1: Premature end of file.
2026-04-04 16:51:57,697 [ERROR] LogOutputStream:75 - [STDERR_REDIRECT] 
2026-04-04 16:51:58,673 [ERROR] LogOutputStream:75 - [STDERR_REDIRECT] [Fatal Error] :1:1: Premature end of file.
2026-04-04 16:51:58,673 [ERROR] LogOutputStream:75 - [STDERR_REDIRECT] 
2026-04-04 16:51:59,677 [ERROR] LogOutputStream:75 - [STDERR_REDIRECT] [Fatal Error] :1:1: Premature end of file.
2026-04-04 16:51:59,678 [ERROR] LogOutputStream:75 - [STDERR_REDIRECT] 
2026-04-04 16:52:00,669 [ERROR] LogOutputStream:75 - [STDERR_REDIRECT] [Fatal Error] :1:1: Premature end of file.
2026-04-04 16:52:00,669 [ERROR] LogOutputStream:75 - [STDERR_REDIRECT] 
2026-04-04 16:52:01,716 [ERROR] LogOutputStream:75 - [STDERR_REDIRECT] [Fatal Error] :1:1: Premature end of file.
2026-04-04 16:52:01,716 [ERROR] LogOutputStream:75 - [STDERR_REDIRECT] 
2026-04-04 16:52:02,683 [ERROR] LogOutputStream:75 - [STDERR_REDIRECT] [Fatal Error] :1:1: Premature end of file.
2026-04-04 16:52:02,683 [ERROR] LogOutputStream:75 - [STDERR_REDIRECT] 
2026-04-04 16:52:03,650 [ERROR] LogOutputStream:75 - [STDERR_REDIRECT] [Fatal Error] :1:1: Premature end of file.
2026-04-04 16:52:03,650 [ERROR] LogOutputStream:75 - [STDERR_REDIRECT] 
2026-04-04 16:52:04,645 [ERROR] LogOutputStream:75 - [STDERR_REDIRECT] [Fatal Error] :1:1: Premature end of file.
2026-04-04 16:52:04,645 [ERROR] LogOutputStream:75 - [STDERR_REDIRECT] 
2026-04-04 16:52:05,652 [ERROR] LogOutputStream:75 - [STDERR_REDIRECT] [Fatal Error] :1:1: Premature end of file.
2026-04-04 16:52:05,652 [ERROR] LogOutputStream:75 - [STDERR_REDIRECT] 
2026-04-04 16:52:06,677 [ERROR] LogOutputStream:75 - [STDERR_REDIRECT] [Fatal Error] :1:1: Premature end of file.
2026-04-04 16:52:06,677 [ERROR] LogOutputStream:75 - [STDERR_REDIRECT] 
2026-04-04 16:52:07,692 [ERROR] LogOutputStream:75 - [STDERR_REDIRECT] [Fatal Error] :1:1: Premature end of file.
2026-04-04 16:52:07,692 [ERROR] LogOutputStream:75 - [STDERR_REDIRECT] 
2026-04-04 16:52:08,690 [ERROR] LogOutputStream:75 - [STDERR_REDIRECT] [Fatal Error] :1:1: Premature end of file.
2026-04-04 16:52:08,691 [ERROR] LogOutputStream:75 - [STDERR_REDIRECT] 
2026-04-04 16:52:09,695 [ERROR] LogOutputStream:75 - [STDERR_REDIRECT] [Fatal Error] :1:1: Premature end of file.
2026-04-04 16:52:09,695 [ERROR] LogOutputStream:75 - [STDERR_REDIRECT] 
2026-04-04 16:52:10,697 [ERROR] LogOutputStream:75 - [STDERR_REDIRECT] [Fatal Error] :1:1: Premature end of file.
2026-04-04 16:52:10,697 [ERROR] LogOutputStream:75 - [STDERR_REDIRECT] 
2026-04-04 16:52:11,691 [ERROR] LogOutputStream:75 - [STDERR_REDIRECT] [Fatal Error] :1:1: Premature end of file.
2026-04-04 16:52:11,692 [ERROR] LogOutputStream:75 - [STDERR_REDIRECT] 
2026-04-04 16:52:12,700 [ERROR] LogOutputStream:75 - [STDERR_REDIRECT] [Fatal Error] :1:1: Premature end of file.
2026-04-04 16:52:12,701 [ERROR] LogOutputStream:75 - [STDERR_REDIRECT] 
2026-04-04 16:52:13,681 [ERROR] LogOutputStream:75 - [STDERR_REDIRECT] [Fatal Error] :1:1: Premature end of file.
2026-04-04 16:52:13,682 [ERROR] LogOutputStream:75 - [STDERR_REDIRECT] 
2026-04-04 16:52:14,684 [ERROR] LogOutputStream:75 - [STDERR_REDIRECT] [Fatal Error] :1:1: Premature end of file.
2026-04-04 16:52:14,684 [ERROR] LogOutputStream:75 - [STDERR_REDIRECT] 
2026-04-04 16:52:15,682 [ERROR] LogOutputStream:75 - [STDERR_REDIRECT] [Fatal Error] :1:1: Premature end of file.
2026-04-04 16:52:15,682 [ERROR] LogOutputStream:75 - [STDERR_REDIRECT] 
2026-04-04 16:52:16,693 [ERROR] LogOutputStream:75 - [STDERR_REDIRECT] [Fatal Error] :1:1: Premature end of file.
2026-04-04 16:52:16,693 [ERROR] LogOutputStream:75 - [STDERR_REDIRECT] 
2026-04-04 16:52:17,686 [ERROR] LogOutputStream:75 - [STDERR_REDIRECT] [Fatal Error] :1:1: Premature end of file.
2026-04-04 16:52:17,687 [ERROR] LogOutputStream:75 - [STDERR_REDIRECT] 
2026-04-04 16:52:18,689 [ERROR] LogOutputStream:75 - [STDERR_REDIRECT] [Fatal Error] :1:1: Premature end of file.
2026-04-04 16:52:18,689 [ERROR] LogOutputStream:75 - [STDERR_REDIRECT] 
2026-04-04 16:52:19,681 [ERROR] LogOutputStream:75 - [STDERR_REDIRECT] [Fatal Error] :1:1: Premature end of file.
2026-04-04 16:52:19,682 [ERROR] LogOutputStream:75 - [STDERR_REDIRECT] 
2026-04-04 16:52:20,683 [ERROR] LogOutputStream:75 - [STDERR_REDIRECT] [Fatal Error] :1:1: Premature end of file.
2026-04-04 16:52:20,683 [ERROR] LogOutputStream:75 - [STDERR_REDIRECT] 
2026-04-04 16:52:21,700 [ERROR] LogOutputStream:75 - [STDERR_REDIRECT] [Fatal Error] :1:1: Premature end of file.
2026-04-04 16:52:21,700 [ERROR] LogOutputStream:75 - [STDERR_REDIRECT] 
2026-04-04 16:52:22,686 [ERROR] LogOutputStream:75 - [STDERR_REDIRECT] [Fatal Error] :1:1: Premature end of file.
2026-04-04 16:52:22,686 [ERROR] LogOutputStream:75 - [STDERR_REDIRECT] 
2026-04-04 16:52:23,696 [ERROR] LogOutputStream:75 - [STDERR_REDIRECT] [Fatal Error] :1:1: Premature end of file.
2026-04-04 16:52:23,696 [ERROR] LogOutputStream:75 - [STDERR_REDIRECT] 
2026-04-04 16:52:24,659 [ERROR] LogOutputStream:75 - [STDERR_REDIRECT] [Fatal Error] :1:1: Premature end of file.
2026-04-04 16:52:24,659 [ERROR] LogOutputStream:75 - [STDERR_REDIRECT] 
2026-04-04 16:52:25,690 [ERROR] LogOutputStream:75 - [STDERR_REDIRECT] [Fatal Error] :1:1: Premature end of file.
2026-04-04 16:52:25,690 [ERROR] LogOutputStream:75 - [STDERR_REDIRECT] 
2026-04-04 16:52:26,685 [ERROR] LogOutputStream:75 - [STDERR_REDIRECT] [Fatal Error] :1:1: Premature end of file.
2026-04-04 16:52:26,685 [ERROR] LogOutputStream:75 - [STDERR_REDIRECT] 
2026-04-04 16:52:27,686 [ERROR] LogOutputStream:75 - [STDERR_REDIRECT] [Fatal Error] :1:1: Premature end of file.
2026-04-04 16:52:27,687 [ERROR] LogOutputStream:75 - [STDERR_REDIRECT] 
2026-04-04 16:52:28,676 [ERROR] LogOutputStream:75 - [STDERR_REDIRECT] [Fatal Error] :1:1: Premature end of file.
2026-04-04 16:52:28,676 [ERROR] LogOutputStream:75 - [STDERR_REDIRECT] 
2026-04-04 16:52:29,693 [ERROR] LogOutputStream:75 - [STDERR_REDIRECT] [Fatal Error] :1:1: Premature end of file.
2026-04-04 16:52:29,693 [ERROR] LogOutputStream:75 - [STDERR_REDIRECT] 
2026-04-04 16:52:30,727 [ERROR] LogOutputStream:75 - [STDERR_REDIRECT] [Fatal Error] :1:1: Premature end of file.
2026-04-04 16:52:30,727 [ERROR] LogOutputStream:75 - [STDERR_REDIRECT] 
2026-04-04 16:52:31,703 [ERROR] LogOutputStream:75 - [STDERR_REDIRECT] [Fatal Error] :1:1: Premature end of file.
2026-04-04 16:52:31,703 [ERROR] LogOutputStream:75 - [STDERR_REDIRECT] 
2026-04-04 16:52:32,680 [ERROR] LogOutputStream:75 - [STDERR_REDIRECT] [Fatal Error] :1:1: Premature end of file.
2026-04-04 16:52:32,680 [ERROR] LogOutputStream:75 - [STDERR_REDIRECT] 
2026-04-04 16:52:33,680 [ERROR] LogOutputStream:75 - [STDERR_REDIRECT] [Fatal Error] :1:1: Premature end of file.
2026-04-04 16:52:33,680 [ERROR] LogOutputStream:75 - [STDERR_REDIRECT] 
2026-04-04 16:52:34,722 [ERROR] LogOutputStream:75 - [STDERR_REDIRECT] [Fatal Error] :1:1: Premature end of file.
2026-04-04 16:52:34,722 [ERROR] LogOutputStream:75 - [STDERR_REDIRECT] 
2026-04-04 16:52:35,683 [ERROR] LogOutputStream:75 - [STDERR_REDIRECT] [Fatal Error] :1:1: Premature end of file.
2026-04-04 16:52:35,683 [ERROR] LogOutputStream:75 - [STDERR_REDIRECT] 
2026-04-04 16:52:36,684 [ERROR] LogOutputStream:75 - [STDERR_REDIRECT] [Fatal Error] :1:1: Premature end of file.
2026-04-04 16:52:36,685 [ERROR] LogOutputStream:75 - [STDERR_REDIRECT] 
2026-04-04 16:52:37,686 [ERROR] LogOutputStream:75 - [STDERR_REDIRECT] [Fatal Error] :1:1: Premature end of file.
2026-04-04 16:52:37,686 [ERROR] LogOutputStream:75 - [STDERR_REDIRECT] 
2026-04-04 16:52:38,680 [ERROR] LogOutputStream:75 - [STDERR_REDIRECT] [Fatal Error] :1:1: Premature end of file.
2026-04-04 16:52:38,680 [ERROR] LogOutputStream:75 - [STDERR_REDIRECT] 
2026-04-04 16:52:39,692 [ERROR] LogOutputStream:75 - [STDERR_REDIRECT] [Fatal Error] :1:1: Premature end of file.
2026-04-04 16:52:39,693 [ERROR] LogOutputStream:75 - [STDERR_REDIRECT] 
2026-04-04 16:52:40,680 [ERROR] LogOutputStream:75 - [STDERR_REDIRECT] [Fatal Error] :1:1: Premature end of file.
2026-04-04 16:52:40,680 [ERROR] LogOutputStream:75 - [STDERR_REDIRECT] 
2026-04-04 16:52:41,673 [ERROR] LogOutputStream:75 - [STDERR_REDIRECT] [Fatal Error] :1:1: Premature end of file.
2026-04-04 16:52:41,673 [ERROR] LogOutputStream:75 - [STDERR_REDIRECT] 
2026-04-04 16:52:42,679 [ERROR] LogOutputStream:75 - [STDERR_REDIRECT] [Fatal Error] :1:1: Premature end of file.
2026-04-04 16:52:42,679 [ERROR] LogOutputStream:75 - [STDERR_REDIRECT] 
2026-04-04 16:52:43,679 [ERROR] LogOutputStream:75 - [STDERR_REDIRECT] [Fatal Error] :1:1: Premature end of file.
2026-04-04 16:52:43,679 [ERROR] LogOutputStream:75 - [STDERR_REDIRECT] 
2026-04-04 16:52:44,680 [ERROR] LogOutputStream:75 - [STDERR_REDIRECT] [Fatal Error] :1:1: Premature end of file.
2026-04-04 16:52:44,680 [ERROR] LogOutputStream:75 - [STDERR_REDIRECT] 
2026-04-04 16:52:45,678 [ERROR] LogOutputStream:75 - [STDERR_REDIRECT] [Fatal Error] :1:1: Premature end of file.
2026-04-04 16:52:45,678 [ERROR] LogOutputStream:75 - [STDERR_REDIRECT] 
2026-04-04 16:52:46,676 [ERROR] LogOutputStream:75 - [STDERR_REDIRECT] [Fatal Error] :1:1: Premature end of file.
2026-04-04 16:52:46,676 [ERROR] LogOutputStream:75 - [STDERR_REDIRECT] 
2026-04-04 16:52:47,674 [ERROR] LogOutputStream:75 - [STDERR_REDIRECT] [Fatal Error] :1:1: Premature end of file.
2026-04-04 16:52:47,675 [ERROR] LogOutputStream:75 - [STDERR_REDIRECT] 
2026-04-04 16:52:48,676 [ERROR] LogOutputStream:75 - [STDERR_REDIRECT] [Fatal Error] :1:1: Premature end of file.
2026-04-04 16:52:48,676 [ERROR] LogOutputStream:75 - [STDERR_REDIRECT] 
2026-04-04 16:52:49,673 [ERROR] LogOutputStream:75 - [STDERR_REDIRECT] [Fatal Error] :1:1: Premature end of file.
2026-04-04 16:52:49,673 [ERROR] LogOutputStream:75 - [STDERR_REDIRECT] 
2026-04-04 16:52:50,674 [ERROR] LogOutputStream:75 - [STDERR_REDIRECT] [Fatal Error] :1:1: Premature end of file.
2026-04-04 16:52:50,674 [ERROR] LogOutputStream:75 - [STDERR_REDIRECT] 
2026-04-04 16:52:51,670 [ERROR] LogOutputStream:75 - [STDERR_REDIRECT] [Fatal Error] :1:1: Premature end of file.
2026-04-04 16:52:51,670 [ERROR] LogOutputStream:75 - [STDERR_REDIRECT] 
2026-04-04 16:52:52,664 [ERROR] LogOutputStream:75 - [STDERR_REDIRECT] [Fatal Error] :1:1: Premature end of file.
2026-04-04 16:52:52,664 [ERROR] LogOutputStream:75 - [STDERR_REDIRECT] 
2026-04-04 16:52:53,663 [ERROR] LogOutputStream:75 - [STDERR_REDIRECT] [Fatal Error] :1:1: Premature end of file.
2026-04-04 16:52:53,664 [ERROR] LogOutputStream:75 - [STDERR_REDIRECT] 
2026-04-04 16:52:54,668 [ERROR] LogOutputStream:75 - [STDERR_REDIRECT] [Fatal Error] :1:1: Premature end of file.
2026-04-04 16:52:54,669 [ERROR] LogOutputStream:75 - [STDERR_REDIRECT] 
2026-04-04 16:52:55,679 [ERROR] LogOutputStream:75 - [STDERR_REDIRECT] [Fatal Error] :1:1: Premature end of file.
2026-04-04 16:52:55,679 [ERROR] LogOutputStream:75 - [STDERR_REDIRECT] 
2026-04-04 16:52:56,676 [ERROR] LogOutputStream:75 - [STDERR_REDIRECT] [Fatal Error] :1:1: Premature end of file.
2026-04-04 16:52:56,677 [ERROR] LogOutputStream:75 - [STDERR_REDIRECT] 
2026-04-04 16:52:57,674 [ERROR] LogOutputStream:75 - [STDERR_REDIRECT] [Fatal Error] :1:1: Premature end of file.
2026-04-04 16:52:57,674 [ERROR] LogOutputStream:75 - [STDERR_REDIRECT] 
2026-04-04 16:52:58,673 [ERROR] LogOutputStream:75 - [STDERR_REDIRECT] [Fatal Error] :1:1: Premature end of file.
2026-04-04 16:52:58,675 [ERROR] LogOutputStream:75 - [STDERR_REDIRECT] 
2026-04-04 16:52:59,673 [ERROR] LogOutputStream:75 - [STDERR_REDIRECT] [Fatal Error] :1:1: Premature end of file.
2026-04-04 16:52:59,673 [ERROR] LogOutputStream:75 - [STDERR_REDIRECT] 
2026-04-04 16:53:00,674 [ERROR] LogOutputStream:75 - [STDERR_REDIRECT] [Fatal Error] :1:1: Premature end of file.
2026-04-04 16:53:00,674 [ERROR] LogOutputStream:75 - [STDERR_REDIRECT] 
2026-04-04 16:53:01,675 [ERROR] LogOutputStream:75 - [STDERR_REDIRECT] [Fatal Error] :1:1: Premature end of file.
2026-04-04 16:53:01,675 [ERROR] LogOutputStream:75 - [STDERR_REDIRECT] 
2026-04-04 16:53:02,675 [ERROR] LogOutputStream:75 - [STDERR_REDIRECT] [Fatal Error] :1:1: Premature end of file.
2026-04-04 16:53:02,675 [ERROR] LogOutputStream:75 - [STDERR_REDIRECT] 
2026-04-04 16:53:03,674 [ERROR] LogOutputStream:75 - [STDERR_REDIRECT] [Fatal Error] :1:1: Premature end of file.
2026-04-04 16:53:03,674 [ERROR] LogOutputStream:75 - [STDERR_REDIRECT] 
2026-04-04 16:53:04,670 [ERROR] LogOutputStream:75 - [STDERR_REDIRECT] [Fatal Error] :1:1: Premature end of file.
2026-04-04 16:53:04,672 [ERROR] LogOutputStream:75 - [STDERR_REDIRECT] 
2026-04-04 16:53:05,674 [ERROR] LogOutputStream:75 - [STDERR_REDIRECT] [Fatal Error] :1:1: Premature end of file.
2026-04-04 16:53:05,674 [ERROR] LogOutputStream:75 - [STDERR_REDIRECT] 
2026-04-04 16:53:06,674 [ERROR] LogOutputStream:75 - [STDERR_REDIRECT] [Fatal Error] :1:1: Premature end of file.
2026-04-04 16:53:06,675 [ERROR] LogOutputStream:75 - [STDERR_REDIRECT] 
2026-04-04 16:53:07,676 [ERROR] LogOutputStream:75 - [STDERR_REDIRECT] [Fatal Error] :1:1: Premature end of file.
2026-04-04 16:53:07,676 [ERROR] LogOutputStream:75 - [STDERR_REDIRECT] 
2026-04-04 16:53:08,675 [ERROR] LogOutputStream:75 - [STDERR_REDIRECT] [Fatal Error] :1:1: Premature end of file.
2026-04-04 16:53:08,675 [ERROR] LogOutputStream:75 - [STDERR_REDIRECT] 
2026-04-04 16:53:09,674 [ERROR] LogOutputStream:75 - [STDERR_REDIRECT] [Fatal Error] :1:1: Premature end of file.
2026-04-04 16:53:09,678 [ERROR] LogOutputStream:75 - [STDERR_REDIRECT] 
2026-04-04 16:53:10,673 [ERROR] LogOutputStream:75 - [STDERR_REDIRECT] [Fatal Error] :1:1: Premature end of file.
2026-04-04 16:53:10,673 [ERROR] LogOutputStream:75 - [STDERR_REDIRECT] 
2026-04-04 16:53:11,676 [ERROR] LogOutputStream:75 - [STDERR_REDIRECT] [Fatal Error] :1:1: Premature end of file.
2026-04-04 16:53:11,676 [ERROR] LogOutputStream:75 - [STDERR_REDIRECT] 
2026-04-04 16:53:12,672 [ERROR] LogOutputStream:75 - [STDERR_REDIRECT] [Fatal Error] :1:1: Premature end of file.
2026-04-04 16:53:12,673 [ERROR] LogOutputStream:75 - [STDERR_REDIRECT] 
2026-04-04 16:53:13,675 [ERROR] LogOutputStream:75 - [STDERR_REDIRECT] [Fatal Error] :1:1: Premature end of file.
2026-04-04 16:53:13,675 [ERROR] LogOutputStream:75 - [STDERR_REDIRECT] 
2026-04-04 16:53:14,674 [ERROR] LogOutputStream:75 - [STDERR_REDIRECT] [Fatal Error] :1:1: Premature end of file.
2026-04-04 16:53:14,674 [ERROR] LogOutputStream:75 - [STDERR_REDIRECT] 
2026-04-04 16:53:15,675 [ERROR] LogOutputStream:75 - [STDERR_REDIRECT] [Fatal Error] :1:1: Premature end of file.
2026-04-04 16:53:15,675 [ERROR] LogOutputStream:75 - [STDERR_REDIRECT] 
2026-04-04 16:53:16,672 [ERROR] LogOutputStream:75 - [STDERR_REDIRECT] [Fatal Error] :1:1: Premature end of file.
2026-04-04 16:53:16,673 [ERROR] LogOutputStream:75 - [STDERR_REDIRECT] 
2026-04-04 16:53:17,673 [ERROR] LogOutputStream:75 - [STDERR_REDIRECT] [Fatal Error] :1:1: Premature end of file.
2026-04-04 16:53:17,674 [ERROR] LogOutputStream:75 - [STDERR_REDIRECT] 
2026-04-04 16:53:18,677 [ERROR] LogOutputStream:75 - [STDERR_REDIRECT] [Fatal Error] :1:1: Premature end of file.
2026-04-04 16:53:18,678 [ERROR] LogOutputStream:75 - [STDERR_REDIRECT] 
2026-04-04 16:53:19,671 [ERROR] LogOutputStream:75 - [STDERR_REDIRECT] [Fatal Error] :1:1: Premature end of file.
2026-04-04 16:53:19,672 [ERROR] LogOutputStream:75 - [STDERR_REDIRECT] 
2026-04-04 16:53:20,674 [ERROR] LogOutputStream:75 - [STDERR_REDIRECT] [Fatal Error] :1:1: Premature end of file.
2026-04-04 16:53:20,674 [ERROR] LogOutputStream:75 - [STDERR_REDIRECT] 
2026-04-04 16:53:21,675 [ERROR] LogOutputStream:75 - [STDERR_REDIRECT] [Fatal Error] :1:1: Premature end of file.
2026-04-04 16:53:21,676 [ERROR] LogOutputStream:75 - [STDERR_REDIRECT] 
2026-04-04 16:53:22,666 [ERROR] LogOutputStream:75 - [STDERR_REDIRECT] [Fatal Error] :1:1: Premature end of file.
2026-04-04 16:53:22,666 [ERROR] LogOutputStream:75 - [STDERR_REDIRECT] 
2026-04-04 16:53:23,663 [ERROR] LogOutputStream:75 - [STDERR_REDIRECT] [Fatal Error] :1:1: Premature end of file.
2026-04-04 16:53:23,663 [ERROR] LogOutputStream:75 - [STDERR_REDIRECT] 
2026-04-04 16:53:24,668 [ERROR] LogOutputStream:75 - [STDERR_REDIRECT] [Fatal Error] :1:1: Premature end of file.
2026-04-04 16:53:24,669 [ERROR] LogOutputStream:75 - [STDERR_REDIRECT] 
2026-04-04 16:53:25,670 [ERROR] LogOutputStream:75 - [STDERR_REDIRECT] [Fatal Error] :1:1: Premature end of file.
2026-04-04 16:53:25,671 [ERROR] LogOutputStream:75 - [STDERR_REDIRECT] 
2026-04-04 16:53:26,675 [ERROR] LogOutputStream:75 - [STDERR_REDIRECT] [Fatal Error] :1:1: Premature end of file.
2026-04-04 16:53:26,675 [ERROR] LogOutputStream:75 - [STDERR_REDIRECT] 
2026-04-04 16:53:27,672 [ERROR] LogOutputStream:75 - [STDERR_REDIRECT] [Fatal Error] :1:1: Premature end of file.
2026-04-04 16:53:27,672 [ERROR] LogOutputStream:75 - [STDERR_REDIRECT] 
2026-04-04 16:53:28,674 [ERROR] LogOutputStream:75 - [STDERR_REDIRECT] [Fatal Error] :1:1: Premature end of file.
2026-04-04 16:53:28,674 [ERROR] LogOutputStream:75 - [STDERR_REDIRECT] 
2026-04-04 16:53:29,675 [ERROR] LogOutputStream:75 - [STDERR_REDIRECT] [Fatal Error] :1:1: Premature end of file.
2026-04-04 16:53:29,675 [ERROR] LogOutputStream:75 - [STDERR_REDIRECT] 
2026-04-04 16:53:30,672 [ERROR] LogOutputStream:75 - [STDERR_REDIRECT] [Fatal Error] :1:1: Premature end of file.
2026-04-04 16:53:30,673 [ERROR] LogOutputStream:75 - [STDERR_REDIRECT] 
2026-04-04 16:53:31,674 [ERROR] LogOutputStream:75 - [STDERR_REDIRECT] [Fatal Error] :1:1: Premature end of file.
2026-04-04 16:53:31,674 [ERROR] LogOutputStream:75 - [STDERR_REDIRECT] 
2026-04-04 16:53:32,672 [ERROR] LogOutputStream:75 - [STDERR_REDIRECT] [Fatal Error] :1:1: Premature end of file.
2026-04-04 16:53:32,672 [ERROR] LogOutputStream:75 - [STDERR_REDIRECT] 
2026-04-04 16:53:33,672 [ERROR] LogOutputStream:75 - [STDERR_REDIRECT] [Fatal Error] :1:1: Premature end of file.
2026-04-04 16:53:33,672 [ERROR] LogOutputStream:75 - [STDERR_REDIRECT] 
2026-04-04 16:53:34,675 [ERROR] LogOutputStream:75 - [STDERR_REDIRECT] [Fatal Error] :1:1: Premature end of file.
2026-04-04 16:53:34,675 [ERROR] LogOutputStream:75 - [STDERR_REDIRECT] 
2026-04-04 16:53:35,678 [ERROR] LogOutputStream:75 - [STDERR_REDIRECT] [Fatal Error] :1:1: Premature end of file.
2026-04-04 16:53:35,678 [ERROR] LogOutputStream:75 - [STDERR_REDIRECT] 
2026-04-04 16:53:36,675 [ERROR] LogOutputStream:75 - [STDERR_REDIRECT] [Fatal Error] :1:1: Premature end of file.
2026-04-04 16:53:36,675 [ERROR] LogOutputStream:75 - [STDERR_REDIRECT] 
2026-04-04 16:53:37,680 [ERROR] LogOutputStream:75 - [STDERR_REDIRECT] [Fatal Error] :1:1: Premature end of file.
2026-04-04 16:53:37,680 [ERROR] LogOutputStream:75 - [STDERR_REDIRECT] 
2026-04-04 16:53:38,667 [ERROR] LogOutputStream:75 - [STDERR_REDIRECT] [Fatal Error] :1:1: Premature end of file.
2026-04-04 16:53:38,667 [ERROR] LogOutputStream:75 - [STDERR_REDIRECT] 
2026-04-04 16:53:39,676 [ERROR] LogOutputStream:75 - [STDERR_REDIRECT] [Fatal Error] :1:1: Premature end of file.
2026-04-04 16:53:39,676 [ERROR] LogOutputStream:75 - [STDERR_REDIRECT] 
2026-04-04 16:53:40,681 [ERROR] LogOutputStream:75 - [STDERR_REDIRECT] [Fatal Error] :1:1: Premature end of file.
2026-04-04 16:53:40,681 [ERROR] LogOutputStream:75 - [STDERR_REDIRECT] 
2026-04-04 16:53:41,672 [ERROR] LogOutputStream:75 - [STDERR_REDIRECT] [Fatal Error] :1:1: Premature end of file.
2026-04-04 16:53:41,672 [ERROR] LogOutputStream:75 - [STDERR_REDIRECT] 
2026-04-04 16:53:42,675 [ERROR] LogOutputStream:75 - [STDERR_REDIRECT] [Fatal Error] :1:1: Premature end of file.
2026-04-04 16:53:42,675 [ERROR] LogOutputStream:75 - [STDERR_REDIRECT] 
2026-04-04 16:53:43,673 [ERROR] LogOutputStream:75 - [STDERR_REDIRECT] [Fatal Error] :1:1: Premature end of file.
2026-04-04 16:53:43,674 [ERROR] LogOutputStream:75 - [STDERR_REDIRECT] 
2026-04-04 16:53:44,676 [ERROR] LogOutputStream:75 - [STDERR_REDIRECT] [Fatal Error] :1:1: Premature end of file.
2026-04-04 16:53:44,676 [ERROR] LogOutputStream:75 - [STDERR_REDIRECT] 
2026-04-04 16:53:45,679 [ERROR] LogOutputStream:75 - [STDERR_REDIRECT] [Fatal Error] :1:1: Premature end of file.
2026-04-04 16:53:45,679 [ERROR] LogOutputStream:75 - [STDERR_REDIRECT] 
2026-04-04 16:53:46,675 [ERROR] LogOutputStream:75 - [STDERR_REDIRECT] [Fatal Error] :1:1: Premature end of file.
2026-04-04 16:53:46,676 [ERROR] LogOutputStream:75 - [STDERR_REDIRECT] 
2026-04-04 16:53:47,674 [ERROR] LogOutputStream:75 - [STDERR_REDIRECT] [Fatal Error] :1:1: Premature end of file.
2026-04-04 16:53:47,674 [ERROR] LogOutputStream:75 - [STDERR_REDIRECT] 
2026-04-04 16:53:48,673 [ERROR] LogOutputStream:75 - [STDERR_REDIRECT] [Fatal Error] :1:1: Premature end of file.
2026-04-04 16:53:48,673 [ERROR] LogOutputStream:75 - [STDERR_REDIRECT] 
2026-04-04 16:53:49,675 [ERROR] LogOutputStream:75 - [STDERR_REDIRECT] [Fatal Error] :1:1: Premature end of file.
2026-04-04 16:53:49,675 [ERROR] LogOutputStream:75 - [STDERR_REDIRECT] 
2026-04-04 16:53:50,680 [ERROR] LogOutputStream:75 - [STDERR_REDIRECT] [Fatal Error] :1:1: Premature end of file.
2026-04-04 16:53:50,680 [ERROR] LogOutputStream:75 - [STDERR_REDIRECT] 
2026-04-04 16:53:51,673 [ERROR] LogOutputStream:75 - [STDERR_REDIRECT] [Fatal Error] :1:1: Premature end of file.
2026-04-04 16:53:51,673 [ERROR] LogOutputStream:75 - [STDERR_REDIRECT] 
2026-04-04 16:53:52,671 [ERROR] LogOutputStream:75 - [STDERR_REDIRECT] [Fatal Error] :1:1: Premature end of file.
2026-04-04 16:53:52,672 [ERROR] LogOutputStream:75 - [STDERR_REDIRECT] 
2026-04-04 16:53:53,672 [ERROR] LogOutputStream:75 - [STDERR_REDIRECT] [Fatal Error] :1:1: Premature end of file.
2026-04-04 16:53:53,672 [ERROR] LogOutputStream:75 - [STDERR_REDIRECT] 
2026-04-04 16:53:54,673 [ERROR] LogOutputStream:75 - [STDERR_REDIRECT] [Fatal Error] :1:1: Premature end of file.
2026-04-04 16:53:54,673 [ERROR] LogOutputStream:75 - [STDERR_REDIRECT] 
2026-04-04 16:53:55,671 [ERROR] LogOutputStream:75 - [STDERR_REDIRECT] [Fatal Error] :1:1: Premature end of file.
2026-04-04 16:53:55,671 [ERROR] LogOutputStream:75 - [STDERR_REDIRECT] 
2026-04-04 16:53:56,671 [ERROR] LogOutputStream:75 - [STDERR_REDIRECT] [Fatal Error] :1:1: Premature end of file.
2026-04-04 16:53:56,672 [ERROR] LogOutputStream:75 - [STDERR_REDIRECT] 
2026-04-04 16:53:57,673 [ERROR] LogOutputStream:75 - [STDERR_REDIRECT] [Fatal Error] :1:1: Premature end of file.
2026-04-04 16:53:57,674 [ERROR] LogOutputStream:75 - [STDERR_REDIRECT] 
2026-04-04 16:53:58,673 [ERROR] LogOutputStream:75 - [STDERR_REDIRECT] [Fatal Error] :1:1: Premature end of file.
2026-04-04 16:53:58,673 [ERROR] LogOutputStream:75 - [STDERR_REDIRECT] 
2026-04-04 16:53:59,679 [ERROR] LogOutputStream:75 - [STDERR_REDIRECT] [Fatal Error] :1:1: Premature end of file.
2026-04-04 16:53:59,680 [ERROR] LogOutputStream:75 - [STDERR_REDIRECT] 
2026-04-04 16:54:00,671 [ERROR] LogOutputStream:75 - [STDERR_REDIRECT] [Fatal Error] :1:1: Premature end of file.
2026-04-04 16:54:00,671 [ERROR] LogOutputStream:75 - [STDERR_REDIRECT] 
2026-04-04 16:54:01,677 [ERROR] LogOutputStream:75 - [STDERR_REDIRECT] [Fatal Error] :1:1: Premature end of file.
2026-04-04 16:54:01,677 [ERROR] LogOutputStream:75 - [STDERR_REDIRECT] 
2026-04-04 16:54:02,671 [ERROR] LogOutputStream:75 - [STDERR_REDIRECT] [Fatal Error] :1:1: Premature end of file.
2026-04-04 16:54:02,671 [ERROR] LogOutputStream:75 - [STDERR_REDIRECT] 
2026-04-04 16:54:03,677 [ERROR] LogOutputStream:75 - [STDERR_REDIRECT] [Fatal Error] :1:1: Premature end of file.
2026-04-04 16:54:03,677 [ERROR] LogOutputStream:75 - [STDERR_REDIRECT] 
2026-04-04 16:54:04,678 [ERROR] LogOutputStream:75 - [STDERR_REDIRECT] [Fatal Error] :1:1: Premature end of file.
2026-04-04 16:54:04,678 [ERROR] LogOutputStream:75 - [STDERR_REDIRECT] 
2026-04-04 16:54:05,678 [ERROR] LogOutputStream:75 - [STDERR_REDIRECT] [Fatal Error] :1:1: Premature end of file.
2026-04-04 16:54:05,679 [ERROR] LogOutputStream:75 - [STDERR_REDIRECT] 
2026-04-04 16:54:06,679 [ERROR] LogOutputStream:75 - [STDERR_REDIRECT] [Fatal Error] :1:1: Premature end of file.
2026-04-04 16:54:06,679 [ERROR] LogOutputStream:75 - [STDERR_REDIRECT] 
2026-04-04 16:54:07,676 [ERROR] LogOutputStream:75 - [STDERR_REDIRECT] [Fatal Error] :1:1: Premature end of file.
2026-04-04 16:54:07,676 [ERROR] LogOutputStream:75 - [STDERR_REDIRECT] 
2026-04-04 16:54:08,676 [ERROR] LogOutputStream:75 - [STDERR_REDIRECT] [Fatal Error] :1:1: Premature end of file.
2026-04-04 16:54:08,677 [ERROR] LogOutputStream:75 - [STDERR_REDIRECT] 
2026-04-04 16:54:09,667 [ERROR] LogOutputStream:75 - [STDERR_REDIRECT] [Fatal Error] :1:1: Premature end of file.
2026-04-04 16:54:09,667 [ERROR] LogOutputStream:75 - [STDERR_REDIRECT] 
2026-04-04 16:54:10,679 [ERROR] LogOutputStream:75 - [STDERR_REDIRECT] [Fatal Error] :1:1: Premature end of file.
2026-04-04 16:54:10,679 [ERROR] LogOutputStream:75 - [STDERR_REDIRECT] 
2026-04-04 16:54:11,680 [ERROR] LogOutputStream:75 - [STDERR_REDIRECT] [Fatal Error] :1:1: Premature end of file.
2026-04-04 16:54:11,680 [ERROR] LogOutputStream:75 - [STDERR_REDIRECT] 
2026-04-04 16:54:12,676 [ERROR] LogOutputStream:75 - [STDERR_REDIRECT] [Fatal Error] :1:1: Premature end of file.
2026-04-04 16:54:12,677 [ERROR] LogOutputStream:75 - [STDERR_REDIRECT] 
2026-04-04 16:54:13,676 [ERROR] LogOutputStream:75 - [STDERR_REDIRECT] [Fatal Error] :1:1: Premature end of file.
2026-04-04 16:54:13,677 [ERROR] LogOutputStream:75 - [STDERR_REDIRECT] 
2026-04-04 16:54:14,674 [ERROR] LogOutputStream:75 - [STDERR_REDIRECT] [Fatal Error] :1:1: Premature end of file.
2026-04-04 16:54:14,674 [ERROR] LogOutputStream:75 - [STDERR_REDIRECT] 
2026-04-04 16:54:15,677 [ERROR] LogOutputStream:75 - [STDERR_REDIRECT] [Fatal Error] :1:1: Premature end of file.
2026-04-04 16:54:15,677 [ERROR] LogOutputStream:75 - [STDERR_REDIRECT] 
2026-04-04 16:54:16,672 [ERROR] LogOutputStream:75 - [STDERR_REDIRECT] [Fatal Error] :1:1: Premature end of file.
2026-04-04 16:54:16,673 [ERROR] LogOutputStream:75 - [STDERR_REDIRECT] 
2026-04-04 16:54:17,672 [ERROR] LogOutputStream:75 - [STDERR_REDIRECT] [Fatal Error] :1:1: Premature end of file.
2026-04-04 16:54:17,672 [ERROR] LogOutputStream:75 - [STDERR_REDIRECT] 
2026-04-04 16:54:18,674 [ERROR] LogOutputStream:75 - [STDERR_REDIRECT] [Fatal Error] :1:1: Premature end of file.
2026-04-04 16:54:18,674 [ERROR] LogOutputStream:75 - [STDERR_REDIRECT] 
2026-04-04 16:54:19,678 [ERROR] LogOutputStream:75 - [STDERR_REDIRECT] [Fatal Error] :1:1: Premature end of file.
2026-04-04 16:54:19,678 [ERROR] LogOutputStream:75 - [STDERR_REDIRECT] 
2026-04-04 16:54:20,678 [ERROR] LogOutputStream:75 - [STDERR_REDIRECT] [Fatal Error] :1:1: Premature end of file.
2026-04-04 16:54:20,678 [ERROR] LogOutputStream:75 - [STDERR_REDIRECT] 
2026-04-04 16:54:21,677 [ERROR] LogOutputStream:75 - [STDERR_REDIRECT] [Fatal Error] :1:1: Premature end of file.
2026-04-04 16:54:21,677 [ERROR] LogOutputStream:75 - [STDERR_REDIRECT] 
2026-04-04 16:54:22,667 [ERROR] LogOutputStream:75 - [STDERR_REDIRECT] [Fatal Error] :1:1: Premature end of file.
2026-04-04 16:54:22,667 [ERROR] LogOutputStream:75 - [STDERR_REDIRECT] 
2026-04-04 16:54:23,664 [ERROR] LogOutputStream:75 - [STDERR_REDIRECT] [Fatal Error] :1:1: Premature end of file.
2026-04-04 16:54:23,664 [ERROR] LogOutputStream:75 - [STDERR_REDIRECT] 
2026-04-04 16:54:24,672 [ERROR] LogOutputStream:75 - [STDERR_REDIRECT] [Fatal Error] :1:1: Premature end of file.
2026-04-04 16:54:24,672 [ERROR] LogOutputStream:75 - [STDERR_REDIRECT] 
2026-04-04 16:54:25,675 [ERROR] LogOutputStream:75 - [STDERR_REDIRECT] [Fatal Error] :1:1: Premature end of file.
2026-04-04 16:54:25,675 [ERROR] LogOutputStream:75 - [STDERR_REDIRECT] 
2026-04-04 16:54:26,671 [ERROR] LogOutputStream:75 - [STDERR_REDIRECT] [Fatal Error] :1:1: Premature end of file.
2026-04-04 16:54:26,671 [ERROR] LogOutputStream:75 - [STDERR_REDIRECT] 
2026-04-04 16:54:27,672 [ERROR] LogOutputStream:75 - [STDERR_REDIRECT] [Fatal Error] :1:1: Premature end of file.
2026-04-04 16:54:27,673 [ERROR] LogOutputStream:75 - [STDERR_REDIRECT] 
2026-04-04 16:54:28,673 [ERROR] LogOutputStream:75 - [STDERR_REDIRECT] [Fatal Error] :1:1: Premature end of file.
2026-04-04 16:54:28,673 [ERROR] LogOutputStream:75 - [STDERR_REDIRECT] 
2026-04-04 16:54:29,676 [ERROR] LogOutputStream:75 - [STDERR_REDIRECT] [Fatal Error] :1:1: Premature end of file.
2026-04-04 16:54:29,676 [ERROR] LogOutputStream:75 - [STDERR_REDIRECT] 
2026-04-04 16:54:30,677 [ERROR] LogOutputStream:75 - [STDERR_REDIRECT] [Fatal Error] :1:1: Premature end of file.
2026-04-04 16:54:30,677 [ERROR] LogOutputStream:75 - [STDERR_REDIRECT] 
2026-04-04 16:54:31,661 [ERROR] LogOutputStream:75 - [STDERR_REDIRECT] [Fatal Error] :1:1: Premature end of file.
2026-04-04 16:54:31,662 [ERROR] LogOutputStream:75 - [STDERR_REDIRECT] 
2026-04-04 16:54:32,676 [ERROR] LogOutputStream:75 - [STDERR_REDIRECT] [Fatal Error] :1:1: Premature end of file.
2026-04-04 16:54:32,676 [ERROR] LogOutputStream:75 - [STDERR_REDIRECT] 
2026-04-04 16:54:33,675 [ERROR] LogOutputStream:75 - [STDERR_REDIRECT] [Fatal Error] :1:1: Premature end of file.
2026-04-04 16:54:33,675 [ERROR] LogOutputStream:75 - [STDERR_REDIRECT] 
2026-04-04 16:54:34,671 [ERROR] LogOutputStream:75 - [STDERR_REDIRECT] [Fatal Error] :1:1: Premature end of file.
2026-04-04 16:54:34,671 [ERROR] LogOutputStream:75 - [STDERR_REDIRECT] 
2026-04-04 16:54:35,676 [ERROR] LogOutputStream:75 - [STDERR_REDIRECT] [Fatal Error] :1:1: Premature end of file.
2026-04-04 16:54:35,677 [ERROR] LogOutputStream:75 - [STDERR_REDIRECT] 
2026-04-04 16:54:36,676 [ERROR] LogOutputStream:75 - [STDERR_REDIRECT] [Fatal Error] :1:1: Premature end of file.
2026-04-04 16:54:36,676 [ERROR] LogOutputStream:75 - [STDERR_REDIRECT] 
2026-04-04 16:54:37,678 [ERROR] LogOutputStream:75 - [STDERR_REDIRECT] [Fatal Error] :1:1: Premature end of file.
2026-04-04 16:54:37,678 [ERROR] LogOutputStream:75 - [STDERR_REDIRECT] 
2026-04-04 16:54:38,674 [ERROR] LogOutputStream:75 - [STDERR_REDIRECT] [Fatal Error] :1:1: Premature end of file.
2026-04-04 16:54:38,675 [ERROR] LogOutputStream:75 - [STDERR_REDIRECT] 
2026-04-04 16:54:39,666 [ERROR] LogOutputStream:75 - [STDERR_REDIRECT] [Fatal Error] :1:1: Premature end of file.
2026-04-04 16:54:39,666 [ERROR] LogOutputStream:75 - [STDERR_REDIRECT] 
2026-04-04 16:54:40,672 [ERROR] LogOutputStream:75 - [STDERR_REDIRECT] [Fatal Error] :1:1: Premature end of file.
2026-04-04 16:54:40,672 [ERROR] LogOutputStream:75 - [STDERR_REDIRECT] 
2026-04-04 16:54:41,677 [ERROR] LogOutputStream:75 - [STDERR_REDIRECT] [Fatal Error] :1:1: Premature end of file.
2026-04-04 16:54:41,678 [ERROR] LogOutputStream:75 - [STDERR_REDIRECT] 
2026-04-04 16:54:42,672 [ERROR] LogOutputStream:75 - [STDERR_REDIRECT] [Fatal Error] :1:1: Premature end of file.
2026-04-04 16:54:42,672 [ERROR] LogOutputStream:75 - [STDERR_REDIRECT] 
2026-04-04 16:54:43,670 [ERROR] LogOutputStream:75 - [STDERR_REDIRECT] [Fatal Error] :1:1: Premature end of file.
2026-04-04 16:54:43,670 [ERROR] LogOutputStream:75 - [STDERR_REDIRECT] 
2026-04-04 16:54:44,671 [ERROR] LogOutputStream:75 - [STDERR_REDIRECT] [Fatal Error] :1:1: Premature end of file.
2026-04-04 16:54:44,671 [ERROR] LogOutputStream:75 - [STDERR_REDIRECT] 
2026-04-04 16:54:45,676 [ERROR] LogOutputStream:75 - [STDERR_REDIRECT] [Fatal Error] :1:1: Premature end of file.
2026-04-04 16:54:45,676 [ERROR] LogOutputStream:75 - [STDERR_REDIRECT] 
2026-04-04 16:54:46,671 [ERROR] LogOutputStream:75 - [STDERR_REDIRECT] [Fatal Error] :1:1: Premature end of file.
2026-04-04 16:54:46,672 [ERROR] LogOutputStream:75 - [STDERR_REDIRECT] 
2026-04-04 16:54:47,674 [ERROR] LogOutputStream:75 - [STDERR_REDIRECT] [Fatal Error] :1:1: Premature end of file.
2026-04-04 16:54:47,674 [ERROR] LogOutputStream:75 - [STDERR_REDIRECT] 
2026-04-04 16:54:48,674 [ERROR] LogOutputStream:75 - [STDERR_REDIRECT] [Fatal Error] :1:1: Premature end of file.
2026-04-04 16:54:48,674 [ERROR] LogOutputStream:75 - [STDERR_REDIRECT] 
2026-04-04 16:54:49,675 [ERROR] LogOutputStream:75 - [STDERR_REDIRECT] [Fatal Error] :1:1: Premature end of file.
2026-04-04 16:54:49,675 [ERROR] LogOutputStream:75 - [STDERR_REDIRECT] 
2026-04-04 16:54:50,671 [ERROR] LogOutputStream:75 - [STDERR_REDIRECT] [Fatal Error] :1:1: Premature end of file.
2026-04-04 16:54:50,671 [ERROR] LogOutputStream:75 - [STDERR_REDIRECT] 
2026-04-04 16:54:51,671 [ERROR] LogOutputStream:75 - [STDERR_REDIRECT] [Fatal Error] :1:1: Premature end of file.
2026-04-04 16:54:51,672 [ERROR] LogOutputStream:75 - [STDERR_REDIRECT] 
2026-04-04 16:54:52,662 [ERROR] LogOutputStream:75 - [STDERR_REDIRECT] [Fatal Error] :1:1: Premature end of file.
2026-04-04 16:54:52,663 [ERROR] LogOutputStream:75 - [STDERR_REDIRECT] 
2026-04-04 16:54:53,669 [ERROR] LogOutputStream:75 - [STDERR_REDIRECT] [Fatal Error] :1:1: Premature end of file.
2026-04-04 16:54:53,670 [ERROR] LogOutputStream:75 - [STDERR_REDIRECT] 
2026-04-04 16:54:57,511 [ERROR] LogOutputStream:75 - [STDERR_REDIRECT] [Fatal Error] :1:1: Premature end of file.
2026-04-04 16:54:57,512 [ERROR] LogOutputStream:75 - [STDERR_REDIRECT] 
2026-04-04 16:54:57,580 [ERROR] LogOutputStream:75 - [STDERR_REDIRECT] [Fatal Error] :1:1: Premature end of file.
2026-04-04 16:54:57,580 [ERROR] LogOutputStream:75 - [STDERR_REDIRECT] 
2026-04-04 16:54:57,640 [ERROR] LogOutputStream:75 - [STDERR_REDIRECT] [Fatal Error] :1:1: Premature end of file.
2026-04-04 16:54:57,640 [ERROR] LogOutputStream:75 - [STDERR_REDIRECT] 
2026-04-04 16:54:57,700 [ERROR] LogOutputStream:75 - [STDERR_REDIRECT] [Fatal Error] :1:1: Premature end of file.
2026-04-04 16:54:57,700 [ERROR] LogOutputStream:75 - [STDERR_REDIRECT] 
2026-04-04 16:54:58,680 [ERROR] LogOutputStream:75 - [STDERR_REDIRECT] [Fatal Error] :1:1: Premature end of file.
2026-04-04 16:54:58,680 [ERROR] LogOutputStream:75 - [STDERR_REDIRECT] 
2026-04-04 16:55:00,468 [ERROR] LogOutputStream:75 - [STDERR_REDIRECT] [Fatal Error] :1:1: Premature end of file.
2026-04-04 16:55:00,468 [ERROR] LogOutputStream:75 - [STDERR_REDIRECT] 
2026-04-04 16:55:00,690 [ERROR] LogOutputStream:75 - [STDERR_REDIRECT] [Fatal Error] :1:1: Premature end of file.
2026-04-04 16:55:00,691 [ERROR] LogOutputStream:75 - [STDERR_REDIRECT] 
2026-04-04 16:55:01,685 [ERROR] LogOutputStream:75 - [STDERR_REDIRECT] [Fatal Error] :1:1: Premature end of file.
2026-04-04 16:55:01,686 [ERROR] LogOutputStream:75 - [STDERR_REDIRECT] 
2026-04-04 16:55:02,680 [ERROR] LogOutputStream:75 - [STDERR_REDIRECT] [Fatal Error] :1:1: Premature end of file.
2026-04-04 16:55:02,681 [ERROR] LogOutputStream:75 - [STDERR_REDIRECT] 
2026-04-04 16:55:03,677 [ERROR] LogOutputStream:75 - [STDERR_REDIRECT] [Fatal Error] :1:1: Premature end of file.
2026-04-04 16:55:03,677 [ERROR] LogOutputStream:75 - [STDERR_REDIRECT] 
2026-04-04 16:55:04,684 [ERROR] LogOutputStream:75 - [STDERR_REDIRECT] [Fatal Error] :1:1: Premature end of file.
2026-04-04 16:55:04,684 [ERROR] LogOutputStream:75 - [STDERR_REDIRECT] 
2026-04-04 16:55:05,676 [ERROR] LogOutputStream:75 - [STDERR_REDIRECT] [Fatal Error] :1:1: Premature end of file.
2026-04-04 16:55:05,676 [ERROR] LogOutputStream:75 - [STDERR_REDIRECT] 
2026-04-04 16:55:06,679 [ERROR] LogOutputStream:75 - [STDERR_REDIRECT] [Fatal Error] :1:1: Premature end of file.
2026-04-04 16:55:06,680 [ERROR] LogOutputStream:75 - [STDERR_REDIRECT] 
2026-04-04 16:55:07,680 [ERROR] LogOutputStream:75 - [STDERR_REDIRECT] [Fatal Error] :1:1: Premature end of file.
2026-04-04 16:55:07,680 [ERROR] LogOutputStream:75 - [STDERR_REDIRECT] 
2026-04-04 16:55:08,683 [ERROR] LogOutputStream:75 - [STDERR_REDIRECT] [Fatal Error] :1:1: Premature end of file.
2026-04-04 16:55:08,684 [ERROR] LogOutputStream:75 - [STDERR_REDIRECT] 
2026-04-04 16:56:17,362 [ERROR] LogOutputStream:75 - [STDERR_REDIRECT] [Fatal Error] :1:1: Premature end of file.
2026-04-04 16:56:17,362 [ERROR] LogOutputStream:75 - [STDERR_REDIRECT] 
2026-04-04 16:56:17,395 [ERROR] LogOutputStream:75 - [STDERR_REDIRECT] [Fatal Error] :1:1: Premature end of file.
2026-04-04 16:56:17,396 [ERROR] LogOutputStream:75 - [STDERR_REDIRECT] 
2026-04-04 16:56:17,454 [ERROR] LogOutputStream:75 - [STDERR_REDIRECT] [Fatal Error] :1:1: Premature end of file.
2026-04-04 16:56:17,454 [ERROR] LogOutputStream:75 - [STDERR_REDIRECT] 
2026-04-04 16:56:17,526 [ERROR] LogOutputStream:75 - [STDERR_REDIRECT] [Fatal Error] :1:1: Premature end of file.
2026-04-04 16:56:17,526 [ERROR] LogOutputStream:75 - [STDERR_REDIRECT] 
2026-04-04 16:56:17,597 [ERROR] LogOutputStream:75 - [STDERR_REDIRECT] [Fatal Error] :1:1: Premature end of file.
2026-04-04 16:56:17,597 [ERROR] LogOutputStream:75 - [STDERR_REDIRECT] 
2026-04-04 16:56:17,665 [ERROR] LogOutputStream:75 - [STDERR_REDIRECT] [Fatal Error] :1:1: Premature end of file.
2026-04-04 16:56:17,665 [ERROR] LogOutputStream:75 - [STDERR_REDIRECT] 
2026-04-04 16:56:17,727 [ERROR] LogOutputStream:75 - [STDERR_REDIRECT] [Fatal Error] :1:1: Premature end of file.
2026-04-04 16:56:17,727 [ERROR] LogOutputStream:75 - [STDERR_REDIRECT] 
2026-04-04 16:56:17,816 [ERROR] LogOutputStream:75 - [STDERR_REDIRECT] [Fatal Error] :1:1: Premature end of file.
2026-04-04 16:56:17,816 [ERROR] LogOutputStream:75 - [STDERR_REDIRECT] 
2026-04-04 16:56:17,889 [ERROR] LogOutputStream:75 - [STDERR_REDIRECT] [Fatal Error] :1:1: Premature end of file.
2026-04-04 16:56:17,889 [ERROR] LogOutputStream:75 - [STDERR_REDIRECT] 
2026-04-04 16:56:17,967 [ERROR] LogOutputStream:75 - [STDERR_REDIRECT] [Fatal Error] :1:1: Premature end of file.
2026-04-04 16:56:17,967 [ERROR] LogOutputStream:75 - [STDERR_REDIRECT] 
2026-04-04 16:56:18,023 [ERROR] LogOutputStream:75 - [STDERR_REDIRECT] [Fatal Error] :1:1: Premature end of file.
2026-04-04 16:56:18,023 [ERROR] LogOutputStream:75 - [STDERR_REDIRECT] 
2026-04-04 16:56:18,079 [ERROR] LogOutputStream:75 - [STDERR_REDIRECT] [Fatal Error] :1:1: Premature end of file.
2026-04-04 16:56:18,080 [ERROR] LogOutputStream:75 - [STDERR_REDIRECT] 
2026-04-04 16:56:18,132 [ERROR] LogOutputStream:75 - [STDERR_REDIRECT] [Fatal Error] :1:1: Premature end of file.
2026-04-04 16:56:18,132 [ERROR] LogOutputStream:75 - [STDERR_REDIRECT] 
2026-04-04 16:56:18,181 [ERROR] LogOutputStream:75 - [STDERR_REDIRECT] [Fatal Error] :1:1: Premature end of file.
2026-04-04 16:56:18,181 [ERROR] LogOutputStream:75 - [STDERR_REDIRECT] 
2026-04-04 16:56:18,232 [ERROR] LogOutputStream:75 - [STDERR_REDIRECT] [Fatal Error] :1:1: Premature end of file.
2026-04-04 16:56:18,232 [ERROR] LogOutputStream:75 - [STDERR_REDIRECT] 
2026-04-04 16:56:18,285 [ERROR] LogOutputStream:75 - [STDERR_REDIRECT] [Fatal Error] :1:1: Premature end of file.
2026-04-04 16:56:18,286 [ERROR] LogOutputStream:75 - [STDERR_REDIRECT] 
2026-04-04 16:56:18,339 [ERROR] LogOutputStream:75 - [STDERR_REDIRECT] [Fatal Error] :1:1: Premature end of file.
2026-04-04 16:56:18,339 [ERROR] LogOutputStream:75 - [STDERR_REDIRECT] 
2026-04-04 16:56:18,391 [ERROR] LogOutputStream:75 - [STDERR_REDIRECT] [Fatal Error] :1:1: Premature end of file.
2026-04-04 16:56:18,391 [ERROR] LogOutputStream:75 - [STDERR_REDIRECT] 
2026-04-04 16:56:18,454 [ERROR] LogOutputStream:75 - [STDERR_REDIRECT] [Fatal Error] :1:1: Premature end of file.
2026-04-04 16:56:18,454 [ERROR] LogOutputStream:75 - [STDERR_REDIRECT] 
2026-04-04 16:56:18,513 [ERROR] LogOutputStream:75 - [STDERR_REDIRECT] [Fatal Error] :1:1: Premature end of file.
2026-04-04 16:56:18,514 [ERROR] LogOutputStream:75 - [STDERR_REDIRECT] 
2026-04-04 16:56:18,616 [ERROR] LogOutputStream:75 - [STDERR_REDIRECT] [Fatal Error] :1:1: Premature end of file.
2026-04-04 16:56:18,616 [ERROR] LogOutputStream:75 - [STDERR_REDIRECT] 
2026-04-04 16:56:18,687 [ERROR] LogOutputStream:75 - [STDERR_REDIRECT] [Fatal Error] :1:1: Premature end of file.
2026-04-04 16:56:18,687 [ERROR] LogOutputStream:75 - [STDERR_REDIRECT] 
2026-04-04 16:56:18,761 [ERROR] LogOutputStream:75 - [STDERR_REDIRECT] [Fatal Error] :1:1: Premature end of file.
2026-04-04 16:56:18,761 [ERROR] LogOutputStream:75 - [STDERR_REDIRECT] 
2026-04-04 16:56:18,829 [ERROR] LogOutputStream:75 - [STDERR_REDIRECT] [Fatal Error] :1:1: Premature end of file.
2026-04-04 16:56:18,830 [ERROR] LogOutputStream:75 - [STDERR_REDIRECT] 
2026-04-04 16:56:18,901 [ERROR] LogOutputStream:75 - [STDERR_REDIRECT] [Fatal Error] :1:1: Premature end of file.
2026-04-04 16:56:18,901 [ERROR] LogOutputStream:75 - [STDERR_REDIRECT] 
2026-04-04 16:56:19,274 [ERROR] LogOutputStream:75 - [STDERR_REDIRECT] [Fatal Error] :1:1: Premature end of file.
2026-04-04 16:56:19,274 [ERROR] LogOutputStream:75 - [STDERR_REDIRECT] 
2026-04-04 16:56:19,610 [ERROR] LogOutputStream:75 - [STDERR_REDIRECT] [Fatal Error] :1:1: Premature end of file.
2026-04-04 16:56:19,610 [ERROR] LogOutputStream:75 - [STDERR_REDIRECT] 
2026-04-04 16:56:19,961 [ERROR] LogOutputStream:75 - [STDERR_REDIRECT] [Fatal Error] :1:1: Premature end of file.
2026-04-04 16:56:19,961 [ERROR] LogOutputStream:75 - [STDERR_REDIRECT] 
2026-04-04 16:56:20,098 [ERROR] LogOutputStream:75 - [STDERR_REDIRECT] [Fatal Error] :1:1: Premature end of file.
2026-04-04 16:56:20,099 [ERROR] LogOutputStream:75 - [STDERR_REDIRECT] 
2026-04-04 16:56:20,204 [ERROR] LogOutputStream:75 - [STDERR_REDIRECT] [Fatal Error] :1:1: Premature end of file.
2026-04-04 16:56:20,205 [ERROR] LogOutputStream:75 - [STDERR_REDIRECT] 
2026-04-04 16:56:20,285 [ERROR] LogOutputStream:75 - [STDERR_REDIRECT] [Fatal Error] :1:1: Premature end of file.
2026-04-04 16:56:20,285 [ERROR] LogOutputStream:75 - [STDERR_REDIRECT] 
2026-04-04 16:56:20,337 [ERROR] LogOutputStream:75 - [STDERR_REDIRECT] [Fatal Error] :1:1: Premature end of file.
2026-04-04 16:56:20,337 [ERROR] LogOutputStream:75 - [STDERR_REDIRECT] 
2026-04-04 16:56:20,386 [ERROR] LogOutputStream:75 - [STDERR_REDIRECT] [Fatal Error] :1:1: Premature end of file.
2026-04-04 16:56:20,386 [ERROR] LogOutputStream:75 - [STDERR_REDIRECT] 
2026-04-04 16:56:20,430 [ERROR] LogOutputStream:75 - [STDERR_REDIRECT] [Fatal Error] :1:1: Premature end of file.
2026-04-04 16:56:20,431 [ERROR] LogOutputStream:75 - [STDERR_REDIRECT] 
2026-04-04 16:56:20,467 [ERROR] LogOutputStream:75 - [STDERR_REDIRECT] [Fatal Error] :1:1: Premature end of file.
2026-04-04 16:56:20,467 [ERROR] LogOutputStream:75 - [STDERR_REDIRECT] 
2026-04-04 16:56:20,503 [ERROR] LogOutputStream:75 - [STDERR_REDIRECT] [Fatal Error] :1:1: Premature end of file.
2026-04-04 16:56:20,503 [ERROR] LogOutputStream:75 - [STDERR_REDIRECT] 
2026-04-04 16:56:20,535 [ERROR] LogOutputStream:75 - [STDERR_REDIRECT] [Fatal Error] :1:1: Premature end of file.
2026-04-04 16:56:20,535 [ERROR] LogOutputStream:75 - [STDERR_REDIRECT] 
2026-04-04 16:56:20,567 [ERROR] LogOutputStream:75 - [STDERR_REDIRECT] [Fatal Error] :1:1: Premature end of file.
2026-04-04 16:56:20,567 [ERROR] LogOutputStream:75 - [STDERR_REDIRECT] 
2026-04-04 16:56:20,600 [ERROR] LogOutputStream:75 - [STDERR_REDIRECT] [Fatal Error] :1:1: Premature end of file.
2026-04-04 16:56:20,601 [ERROR] LogOutputStream:75 - [STDERR_REDIRECT] 
2026-04-04 16:56:20,637 [ERROR] LogOutputStream:75 - [STDERR_REDIRECT] [Fatal Error] :1:1: Premature end of file.
2026-04-04 16:56:20,637 [ERROR] LogOutputStream:75 - [STDERR_REDIRECT] 
2026-04-04 16:56:20,679 [ERROR] LogOutputStream:75 - [STDERR_REDIRECT] [Fatal Error] :1:1: Premature end of file.
2026-04-04 16:56:20,679 [ERROR] LogOutputStream:75 - [STDERR_REDIRECT] 
2026-04-04 16:56:20,720 [ERROR] LogOutputStream:75 - [STDERR_REDIRECT] [Fatal Error] :1:1: Premature end of file.
2026-04-04 16:56:20,721 [ERROR] LogOutputStream:75 - [STDERR_REDIRECT] 
2026-04-04 16:56:20,765 [ERROR] LogOutputStream:75 - [STDERR_REDIRECT] [Fatal Error] :1:1: Premature end of file.
2026-04-04 16:56:20,765 [ERROR] LogOutputStream:75 - [STDERR_REDIRECT] 
2026-04-04 16:56:20,812 [ERROR] LogOutputStream:75 - [STDERR_REDIRECT] [Fatal Error] :1:1: Premature end of file.
2026-04-04 16:56:20,813 [ERROR] LogOutputStream:75 - [STDERR_REDIRECT] 
2026-04-04 16:56:20,854 [ERROR] LogOutputStream:75 - [STDERR_REDIRECT] [Fatal Error] :1:1: Premature end of file.
2026-04-04 16:56:20,854 [ERROR] LogOutputStream:75 - [STDERR_REDIRECT] 
2026-04-04 16:56:20,897 [ERROR] LogOutputStream:75 - [STDERR_REDIRECT] [Fatal Error] :1:1: Premature end of file.
2026-04-04 16:56:20,897 [ERROR] LogOutputStream:75 - [STDERR_REDIRECT] 
2026-04-04 16:56:20,939 [ERROR] LogOutputStream:75 - [STDERR_REDIRECT] [Fatal Error] :1:1: Premature end of file.
2026-04-04 16:56:20,939 [ERROR] LogOutputStream:75 - [STDERR_REDIRECT] 
2026-04-04 16:56:20,982 [ERROR] LogOutputStream:75 - [STDERR_REDIRECT] [Fatal Error] :1:1: Premature end of file.
2026-04-04 16:56:20,982 [ERROR] LogOutputStream:75 - [STDERR_REDIRECT] 
2026-04-04 16:56:21,031 [ERROR] LogOutputStream:75 - [STDERR_REDIRECT] [Fatal Error] :1:1: Premature end of file.
2026-04-04 16:56:21,032 [ERROR] LogOutputStream:75 - [STDERR_REDIRECT] 
2026-04-04 16:56:21,085 [ERROR] LogOutputStream:75 - [STDERR_REDIRECT] [Fatal Error] :1:1: Premature end of file.
2026-04-04 16:56:21,085 [ERROR] LogOutputStream:75 - [STDERR_REDIRECT] 
2026-04-04 16:56:21,134 [ERROR] LogOutputStream:75 - [STDERR_REDIRECT] [Fatal Error] :1:1: Premature end of file.
2026-04-04 16:56:21,134 [ERROR] LogOutputStream:75 - [STDERR_REDIRECT] 
2026-04-04 16:56:21,182 [ERROR] LogOutputStream:75 - [STDERR_REDIRECT] [Fatal Error] :1:1: Premature end of file.
2026-04-04 16:56:21,183 [ERROR] LogOutputStream:75 - [STDERR_REDIRECT] 
2026-04-04 16:56:21,238 [ERROR] LogOutputStream:75 - [STDERR_REDIRECT] [Fatal Error] :1:1: Premature end of file.
2026-04-04 16:56:21,238 [ERROR] LogOutputStream:75 - [STDERR_REDIRECT] 
2026-04-04 16:56:21,286 [ERROR] LogOutputStream:75 - [STDERR_REDIRECT] [Fatal Error] :1:1: Premature end of file.
2026-04-04 16:56:21,286 [ERROR] LogOutputStream:75 - [STDERR_REDIRECT] 
2026-04-04 16:56:21,334 [ERROR] LogOutputStream:75 - [STDERR_REDIRECT] [Fatal Error] :1:1: Premature end of file.
2026-04-04 16:56:21,334 [ERROR] LogOutputStream:75 - [STDERR_REDIRECT] 
2026-04-04 16:56:21,379 [ERROR] LogOutputStream:75 - [STDERR_REDIRECT] [Fatal Error] :1:1: Premature end of file.
2026-04-04 16:56:21,379 [ERROR] LogOutputStream:75 - [STDERR_REDIRECT] 
2026-04-04 16:56:21,424 [ERROR] LogOutputStream:75 - [STDERR_REDIRECT] [Fatal Error] :1:1: Premature end of file.
2026-04-04 16:56:21,424 [ERROR] LogOutputStream:75 - [STDERR_REDIRECT] 
2026-04-04 16:56:21,470 [ERROR] LogOutputStream:75 - [STDERR_REDIRECT] [Fatal Error] :1:1: Premature end of file.
2026-04-04 16:56:21,470 [ERROR] LogOutputStream:75 - [STDERR_REDIRECT] 
2026-04-04 16:56:21,530 [ERROR] LogOutputStream:75 - [STDERR_REDIRECT] [Fatal Error] :1:1: Premature end of file.
2026-04-04 16:56:21,530 [ERROR] LogOutputStream:75 - [STDERR_REDIRECT] 
2026-04-04 16:56:21,608 [ERROR] LogOutputStream:75 - [STDERR_REDIRECT] [Fatal Error] :1:1: Premature end of file.
2026-04-04 16:56:21,609 [ERROR] LogOutputStream:75 - [STDERR_REDIRECT] 
2026-04-04 16:56:21,690 [ERROR] LogOutputStream:75 - [STDERR_REDIRECT] [Fatal Error] :1:1: Premature end of file.
2026-04-04 16:56:21,690 [ERROR] LogOutputStream:75 - [STDERR_REDIRECT] 
2026-04-04 16:56:21,772 [ERROR] LogOutputStream:75 - [STDERR_REDIRECT] [Fatal Error] :1:1: Premature end of file.
2026-04-04 16:56:21,773 [ERROR] LogOutputStream:75 - [STDERR_REDIRECT] 
2026-04-04 16:56:21,854 [ERROR] LogOutputStream:75 - [STDERR_REDIRECT] [Fatal Error] :1:1: Premature end of file.
2026-04-04 16:56:21,854 [ERROR] LogOutputStream:75 - [STDERR_REDIRECT] 
2026-04-04 16:56:21,937 [ERROR] LogOutputStream:75 - [STDERR_REDIRECT] [Fatal Error] :1:1: Premature end of file.
2026-04-04 16:56:21,938 [ERROR] LogOutputStream:75 - [STDERR_REDIRECT] 
2026-04-04 16:56:22,016 [ERROR] LogOutputStream:75 - [STDERR_REDIRECT] [Fatal Error] :1:1: Premature end of file.
2026-04-04 16:56:22,016 [ERROR] LogOutputStream:75 - [STDERR_REDIRECT] 
2026-04-04 16:56:22,128 [ERROR] LogOutputStream:75 - [STDERR_REDIRECT] [Fatal Error] :1:1: Premature end of file.
2026-04-04 16:56:22,128 [ERROR] LogOutputStream:75 - [STDERR_REDIRECT] 
2026-04-04 16:56:22,227 [ERROR] LogOutputStream:75 - [STDERR_REDIRECT] [Fatal Error] :1:1: Premature end of file.
2026-04-04 16:56:22,227 [ERROR] LogOutputStream:75 - [STDERR_REDIRECT] 
2026-04-04 16:56:22,307 [ERROR] LogOutputStream:75 - [STDERR_REDIRECT] [Fatal Error] :1:1: Premature end of file.
2026-04-04 16:56:22,307 [ERROR] LogOutputStream:75 - [STDERR_REDIRECT] 
2026-04-04 16:56:22,394 [ERROR] LogOutputStream:75 - [STDERR_REDIRECT] [Fatal Error] :1:1: Premature end of file.
2026-04-04 16:56:22,395 [ERROR] LogOutputStream:75 - [STDERR_REDIRECT] 
2026-04-04 16:56:22,478 [ERROR] LogOutputStream:75 - [STDERR_REDIRECT] [Fatal Error] :1:1: Premature end of file.
2026-04-04 16:56:22,478 [ERROR] LogOutputStream:75 - [STDERR_REDIRECT] 
2026-04-04 16:56:22,562 [ERROR] LogOutputStream:75 - [STDERR_REDIRECT] [Fatal Error] :1:1: Premature end of file.
2026-04-04 16:56:22,562 [ERROR] LogOutputStream:75 - [STDERR_REDIRECT] 
2026-04-04 16:56:22,640 [ERROR] LogOutputStream:75 - [STDERR_REDIRECT] [Fatal Error] :1:1: Premature end of file.
2026-04-04 16:56:22,640 [ERROR] LogOutputStream:75 - [STDERR_REDIRECT] 
2026-04-04 16:56:22,713 [ERROR] LogOutputStream:75 - [STDERR_REDIRECT] [Fatal Error] :1:1: Premature end of file.
2026-04-04 16:56:22,713 [ERROR] LogOutputStream:75 - [STDERR_REDIRECT] 
2026-04-04 16:56:22,790 [ERROR] LogOutputStream:75 - [STDERR_REDIRECT] [Fatal Error] :1:1: Premature end of file.
2026-04-04 16:56:22,792 [ERROR] LogOutputStream:75 - [STDERR_REDIRECT] 
2026-04-04 16:56:24,045 [ERROR] LogOutputStream:75 - [STDERR_REDIRECT] [Fatal Error] :1:1: Premature end of file.
2026-04-04 16:56:24,045 [ERROR] LogOutputStream:75 - [STDERR_REDIRECT] 
2026-04-04 16:56:25,612 [ERROR] LogOutputStream:75 - [STDERR_REDIRECT] [Fatal Error] :1:1: Premature end of file.
2026-04-04 16:56:25,612 [ERROR] LogOutputStream:75 - [STDERR_REDIRECT] 
2026-04-04 16:56:25,695 [ERROR] LogOutputStream:75 - [STDERR_REDIRECT] [Fatal Error] :1:1: Premature end of file.
2026-04-04 16:56:25,695 [ERROR] LogOutputStream:75 - [STDERR_REDIRECT] 
2026-04-04 16:56:26,697 [ERROR] LogOutputStream:75 - [STDERR_REDIRECT] [Fatal Error] :1:1: Premature end of file.
2026-04-04 16:56:26,697 [ERROR] LogOutputStream:75 - [STDERR_REDIRECT] 
2026-04-04 16:56:27,694 [ERROR] LogOutputStream:75 - [STDERR_REDIRECT] [Fatal Error] :1:1: Premature end of file.
2026-04-04 16:56:27,694 [ERROR] LogOutputStream:75 - [STDERR_REDIRECT] 
2026-04-04 16:56:28,692 [ERROR] LogOutputStream:75 - [STDERR_REDIRECT] [Fatal Error] :1:1: Premature end of file.
2026-04-04 16:56:28,693 [ERROR] LogOutputStream:75 - [STDERR_REDIRECT] 
2026-04-04 16:56:29,696 [ERROR] LogOutputStream:75 - [STDERR_REDIRECT] [Fatal Error] :1:1: Premature end of file.
2026-04-04 16:56:29,697 [ERROR] LogOutputStream:75 - [STDERR_REDIRECT] 
2026-04-04 16:56:30,690 [ERROR] LogOutputStream:75 - [STDERR_REDIRECT] [Fatal Error] :1:1: Premature end of file.
2026-04-04 16:56:30,691 [ERROR] LogOutputStream:75 - [STDERR_REDIRECT] 
2026-04-04 16:56:31,759 [ERROR] LogOutputStream:75 - [STDERR_REDIRECT] [Fatal Error] :1:1: Premature end of file.
2026-04-04 16:56:31,760 [ERROR] LogOutputStream:75 - [STDERR_REDIRECT] 
2026-04-04 16:56:32,684 [ERROR] LogOutputStream:75 - [STDERR_REDIRECT] [Fatal Error] :1:1: Premature end of file.
2026-04-04 16:56:32,684 [ERROR] LogOutputStream:75 - [STDERR_REDIRECT] 
2026-04-04 16:56:33,696 [ERROR] LogOutputStream:75 - [STDERR_REDIRECT] [Fatal Error] :1:1: Premature end of file.
2026-04-04 16:56:33,696 [ERROR] LogOutputStream:75 - [STDERR_REDIRECT] 
2026-04-04 16:56:34,688 [ERROR] LogOutputStream:75 - [STDERR_REDIRECT] [Fatal Error] :1:1: Premature end of file.
2026-04-04 16:56:34,688 [ERROR] LogOutputStream:75 - [STDERR_REDIRECT] 
2026-04-04 16:56:35,674 [ERROR] LogOutputStream:75 - [STDERR_REDIRECT] [Fatal Error] :1:1: Premature end of file.
2026-04-04 16:56:35,674 [ERROR] LogOutputStream:75 - [STDERR_REDIRECT] 
2026-04-04 16:56:36,665 [ERROR] LogOutputStream:75 - [STDERR_REDIRECT] [Fatal Error] :1:1: Premature end of file.
2026-04-04 16:56:36,665 [ERROR] LogOutputStream:75 - [STDERR_REDIRECT] 
2026-04-04 16:56:37,768 [ERROR] LogOutputStream:75 - [STDERR_REDIRECT] [Fatal Error] :1:1: Premature end of file.
2026-04-04 16:56:37,768 [ERROR] LogOutputStream:75 - [STDERR_REDIRECT] 
2026-04-04 16:56:38,721 [ERROR] LogOutputStream:75 - [STDERR_REDIRECT] [Fatal Error] :1:1: Premature end of file.
2026-04-04 16:56:38,725 [ERROR] LogOutputStream:75 - [STDERR_REDIRECT] 
2026-04-04 16:56:39,753 [ERROR] LogOutputStream:75 - [STDERR_REDIRECT] [Fatal Error] :1:1: Premature end of file.
2026-04-04 16:56:39,754 [ERROR] LogOutputStream:75 - [STDERR_REDIRECT] 
2026-04-04 16:56:40,690 [ERROR] LogOutputStream:75 - [STDERR_REDIRECT] [Fatal Error] :1:1: Premature end of file.
2026-04-04 16:56:40,690 [ERROR] LogOutputStream:75 - [STDERR_REDIRECT] 
2026-04-04 16:56:41,689 [ERROR] LogOutputStream:75 - [STDERR_REDIRECT] [Fatal Error] :1:1: Premature end of file.
2026-04-04 16:56:41,689 [ERROR] LogOutputStream:75 - [STDERR_REDIRECT] 
2026-04-04 16:56:42,736 [ERROR] LogOutputStream:75 - [STDERR_REDIRECT] [Fatal Error] :1:1: Premature end of file.
2026-04-04 16:56:42,738 [ERROR] LogOutputStream:75 - [STDERR_REDIRECT] 
2026-04-04 16:56:43,707 [ERROR] LogOutputStream:75 - [STDERR_REDIRECT] [Fatal Error] :1:1: Premature end of file.
2026-04-04 16:56:43,707 [ERROR] LogOutputStream:75 - [STDERR_REDIRECT] 
2026-04-04 16:56:44,709 [ERROR] LogOutputStream:75 - [STDERR_REDIRECT] [Fatal Error] :1:1: Premature end of file.
2026-04-04 16:56:44,709 [ERROR] LogOutputStream:75 - [STDERR_REDIRECT] 
2026-04-04 16:56:45,897 [ERROR] LogOutputStream:75 - [STDERR_REDIRECT] [Fatal Error] :1:1: Premature end of file.
2026-04-04 16:56:45,899 [ERROR] LogOutputStream:75 - [STDERR_REDIRECT] 
2026-04-04 16:56:46,724 [ERROR] LogOutputStream:75 - [STDERR_REDIRECT] [Fatal Error] :1:1: Premature end of file.
2026-04-04 16:56:46,724 [ERROR] LogOutputStream:75 - [STDERR_REDIRECT] 
2026-04-04 16:56:47,768 [ERROR] LogOutputStream:75 - [STDERR_REDIRECT] [Fatal Error] :1:1: Premature end of file.
2026-04-04 16:56:47,769 [ERROR] LogOutputStream:75 - [STDERR_REDIRECT] 
2026-04-04 16:56:48,744 [ERROR] LogOutputStream:75 - [STDERR_REDIRECT] [Fatal Error] :1:1: Premature end of file.
2026-04-04 16:56:48,745 [ERROR] LogOutputStream:75 - [STDERR_REDIRECT] 
2026-04-04 16:56:49,710 [ERROR] LogOutputStream:75 - [STDERR_REDIRECT] [Fatal Error] :1:1: Premature end of file.
2026-04-04 16:56:49,710 [ERROR] LogOutputStream:75 - [STDERR_REDIRECT] 
2026-04-04 16:56:50,776 [ERROR] LogOutputStream:75 - [STDERR_REDIRECT] [Fatal Error] :1:1: Premature end of file.
2026-04-04 16:56:50,776 [ERROR] LogOutputStream:75 - [STDERR_REDIRECT] 
2026-04-04 16:56:51,681 [ERROR] LogOutputStream:75 - [STDERR_REDIRECT] [Fatal Error] :1:1: Premature end of file.
2026-04-04 16:56:51,681 [ERROR] LogOutputStream:75 - [STDERR_REDIRECT] 
2026-04-04 16:56:52,722 [ERROR] LogOutputStream:75 - [STDERR_REDIRECT] [Fatal Error] :1:1: Premature end of file.
2026-04-04 16:56:52,722 [ERROR] LogOutputStream:75 - [STDERR_REDIRECT] 
2026-04-04 16:56:53,723 [ERROR] LogOutputStream:75 - [STDERR_REDIRECT] [Fatal Error] :1:1: Premature end of file.
2026-04-04 16:56:53,723 [ERROR] LogOutputStream:75 - [STDERR_REDIRECT] 
2026-04-04 16:56:54,694 [ERROR] LogOutputStream:75 - [STDERR_REDIRECT] [Fatal Error] :1:1: Premature end of file.
2026-04-04 16:56:54,694 [ERROR] LogOutputStream:75 - [STDERR_REDIRECT] 
2026-04-04 16:56:55,656 [ERROR] LogOutputStream:75 - [STDERR_REDIRECT] [Fatal Error] :1:1: Premature end of file.
2026-04-04 16:56:55,656 [ERROR] LogOutputStream:75 - [STDERR_REDIRECT] 
2026-04-04 16:56:56,699 [ERROR] LogOutputStream:75 - [STDERR_REDIRECT] [Fatal Error] :1:1: Premature end of file.
2026-04-04 16:56:56,699 [ERROR] LogOutputStream:75 - [STDERR_REDIRECT] 
2026-04-04 16:56:57,713 [ERROR] LogOutputStream:75 - [STDERR_REDIRECT] [Fatal Error] :1:1: Premature end of file.
2026-04-04 16:56:57,713 [ERROR] LogOutputStream:75 - [STDERR_REDIRECT] 
2026-04-04 16:56:58,682 [ERROR] LogOutputStream:75 - [STDERR_REDIRECT] [Fatal Error] :1:1: Premature end of file.
2026-04-04 16:56:58,682 [ERROR] LogOutputStream:75 - [STDERR_REDIRECT] 
2026-04-04 16:56:59,684 [ERROR] LogOutputStream:75 - [STDERR_REDIRECT] [Fatal Error] :1:1: Premature end of file.
2026-04-04 16:56:59,684 [ERROR] LogOutputStream:75 - [STDERR_REDIRECT] 
2026-04-04 16:57:00,667 [ERROR] LogOutputStream:75 - [STDERR_REDIRECT] [Fatal Error] :1:1: Premature end of file.
2026-04-04 16:57:00,667 [ERROR] LogOutputStream:75 - [STDERR_REDIRECT] 
2026-04-04 16:57:01,670 [ERROR] LogOutputStream:75 - [STDERR_REDIRECT] [Fatal Error] :1:1: Premature end of file.
2026-04-04 16:57:01,670 [ERROR] LogOutputStream:75 - [STDERR_REDIRECT] 
2026-04-04 16:57:02,669 [ERROR] LogOutputStream:75 - [STDERR_REDIRECT] [Fatal Error] :1:1: Premature end of file.
2026-04-04 16:57:02,669 [ERROR] LogOutputStream:75 - [STDERR_REDIRECT] 
2026-04-04 16:57:03,738 [ERROR] LogOutputStream:75 - [STDERR_REDIRECT] [Fatal Error] :1:1: Premature end of file.
2026-04-04 16:57:03,740 [ERROR] LogOutputStream:75 - [STDERR_REDIRECT] 
2026-04-04 16:57:04,691 [ERROR] LogOutputStream:75 - [STDERR_REDIRECT] [Fatal Error] :1:1: Premature end of file.
2026-04-04 16:57:04,691 [ERROR] LogOutputStream:75 - [STDERR_REDIRECT] 
2026-04-04 16:57:05,669 [ERROR] LogOutputStream:75 - [STDERR_REDIRECT] [Fatal Error] :1:1: Premature end of file.
2026-04-04 16:57:05,669 [ERROR] LogOutputStream:75 - [STDERR_REDIRECT] 
2026-04-04 16:57:06,799 [ERROR] LogOutputStream:75 - [STDERR_REDIRECT] [Fatal Error] :1:1: Premature end of file.
2026-04-04 16:57:06,799 [ERROR] LogOutputStream:75 - [STDERR_REDIRECT] 
2026-04-04 16:57:07,682 [ERROR] LogOutputStream:75 - [STDERR_REDIRECT] [Fatal Error] :1:1: Premature end of file.
2026-04-04 16:57:07,682 [ERROR] LogOutputStream:75 - [STDERR_REDIRECT] 
2026-04-04 16:57:08,736 [ERROR] LogOutputStream:75 - [STDERR_REDIRECT] [Fatal Error] :1:1: Premature end of file.
2026-04-04 16:57:08,736 [ERROR] LogOutputStream:75 - [STDERR_REDIRECT] 
2026-04-04 16:57:09,682 [ERROR] LogOutputStream:75 - [STDERR_REDIRECT] [Fatal Error] :1:1: Premature end of file.
2026-04-04 16:57:09,682 [ERROR] LogOutputStream:75 - [STDERR_REDIRECT] 
2026-04-04 16:57:10,682 [ERROR] LogOutputStream:75 - [STDERR_REDIRECT] [Fatal Error] :1:1: Premature end of file.
2026-04-04 16:57:10,682 [ERROR] LogOutputStream:75 - [STDERR_REDIRECT] 
2026-04-04 16:57:11,691 [ERROR] LogOutputStream:75 - [STDERR_REDIRECT] [Fatal Error] :1:1: Premature end of file.
2026-04-04 16:57:11,691 [ERROR] LogOutputStream:75 - [STDERR_REDIRECT] 
2026-04-04 16:57:12,735 [ERROR] LogOutputStream:75 - [STDERR_REDIRECT] [Fatal Error] :1:1: Premature end of file.
2026-04-04 16:57:12,737 [ERROR] LogOutputStream:75 - [STDERR_REDIRECT] 
2026-04-04 16:57:13,750 [ERROR] LogOutputStream:75 - [STDERR_REDIRECT] [Fatal Error] :1:1: Premature end of file.
2026-04-04 16:57:13,751 [ERROR] LogOutputStream:75 - [STDERR_REDIRECT] 
2026-04-04 16:57:14,691 [ERROR] LogOutputStream:75 - [STDERR_REDIRECT] [Fatal Error] :1:1: Premature end of file.
2026-04-04 16:57:14,691 [ERROR] LogOutputStream:75 - [STDERR_REDIRECT] 
2026-04-04 16:57:15,722 [ERROR] LogOutputStream:75 - [STDERR_REDIRECT] [Fatal Error] :1:1: Premature end of file.
2026-04-04 16:57:15,722 [ERROR] LogOutputStream:75 - [STDERR_REDIRECT] 
2026-04-04 16:57:16,692 [ERROR] LogOutputStream:75 - [STDERR_REDIRECT] [Fatal Error] :1:1: Premature end of file.
2026-04-04 16:57:16,692 [ERROR] LogOutputStream:75 - [STDERR_REDIRECT] 
2026-04-04 16:57:17,694 [ERROR] LogOutputStream:75 - [STDERR_REDIRECT] [Fatal Error] :1:1: Premature end of file.
2026-04-04 16:57:17,694 [ERROR] LogOutputStream:75 - [STDERR_REDIRECT] 
2026-04-04 16:57:18,701 [ERROR] LogOutputStream:75 - [STDERR_REDIRECT] [Fatal Error] :1:1: Premature end of file.
2026-04-04 16:57:18,701 [ERROR] LogOutputStream:75 - [STDERR_REDIRECT] 
2026-04-04 16:57:19,703 [ERROR] LogOutputStream:75 - [STDERR_REDIRECT] [Fatal Error] :1:1: Premature end of file.
2026-04-04 16:57:19,703 [ERROR] LogOutputStream:75 - [STDERR_REDIRECT] 
2026-04-04 16:57:20,712 [ERROR] LogOutputStream:75 - [STDERR_REDIRECT] [Fatal Error] :1:1: Premature end of file.
2026-04-04 16:57:20,712 [ERROR] LogOutputStream:75 - [STDERR_REDIRECT] 
2026-04-04 16:57:21,705 [ERROR] LogOutputStream:75 - [STDERR_REDIRECT] [Fatal Error] :1:1: Premature end of file.
2026-04-04 16:57:21,705 [ERROR] LogOutputStream:75 - [STDERR_REDIRECT] 
2026-04-04 16:57:22,686 [ERROR] LogOutputStream:75 - [STDERR_REDIRECT] [Fatal Error] :1:1: Premature end of file.
2026-04-04 16:57:22,686 [ERROR] LogOutputStream:75 - [STDERR_REDIRECT] 
2026-04-04 16:57:23,667 [ERROR] LogOutputStream:75 - [STDERR_REDIRECT] [Fatal Error] :1:1: Premature end of file.
2026-04-04 16:57:23,667 [ERROR] LogOutputStream:75 - [STDERR_REDIRECT] 
2026-04-04 16:57:24,820 [ERROR] LogOutputStream:75 - [STDERR_REDIRECT] [Fatal Error] :1:1: Premature end of file.
2026-04-04 16:57:24,820 [ERROR] LogOutputStream:75 - [STDERR_REDIRECT] 
2026-04-04 16:57:25,894 [ERROR] LogOutputStream:75 - [STDERR_REDIRECT] [Fatal Error] :1:1: Premature end of file.
2026-04-04 16:57:25,894 [ERROR] LogOutputStream:75 - [STDERR_REDIRECT] 
2026-04-04 16:57:26,932 [ERROR] LogOutputStream:75 - [STDERR_REDIRECT] [Fatal Error] :1:1: Premature end of file.
2026-04-04 16:57:26,932 [ERROR] LogOutputStream:75 - [STDERR_REDIRECT] 
2026-04-04 16:57:27,863 [ERROR] LogOutputStream:75 - [STDERR_REDIRECT] [Fatal Error] :1:1: Premature end of file.
2026-04-04 16:57:27,895 [ERROR] LogOutputStream:75 - [STDERR_REDIRECT] 
2026-04-04 16:57:28,791 [ERROR] LogOutputStream:75 - [STDERR_REDIRECT] [Fatal Error] :1:1: Premature end of file.
2026-04-04 16:57:28,791 [ERROR] LogOutputStream:75 - [STDERR_REDIRECT] 
2026-04-04 16:57:29,825 [ERROR] LogOutputStream:75 - [STDERR_REDIRECT] [Fatal Error] :1:1: Premature end of file.
2026-04-04 16:57:29,825 [ERROR] LogOutputStream:75 - [STDERR_REDIRECT] 
2026-04-04 16:57:30,697 [ERROR] LogOutputStream:75 - [STDERR_REDIRECT] [Fatal Error] :1:1: Premature end of file.
2026-04-04 16:57:30,697 [ERROR] LogOutputStream:75 - [STDERR_REDIRECT] 
2026-04-04 16:57:31,712 [ERROR] LogOutputStream:75 - [STDERR_REDIRECT] [Fatal Error] :1:1: Premature end of file.
2026-04-04 16:57:31,712 [ERROR] LogOutputStream:75 - [STDERR_REDIRECT] 
2026-04-04 16:57:32,703 [ERROR] LogOutputStream:75 - [STDERR_REDIRECT] [Fatal Error] :1:1: Premature end of file.
2026-04-04 16:57:32,703 [ERROR] LogOutputStream:75 - [STDERR_REDIRECT] 
2026-04-04 16:57:33,704 [ERROR] LogOutputStream:75 - [STDERR_REDIRECT] [Fatal Error] :1:1: Premature end of file.
2026-04-04 16:57:33,704 [ERROR] LogOutputStream:75 - [STDERR_REDIRECT] 
2026-04-04 16:57:34,701 [ERROR] LogOutputStream:75 - [STDERR_REDIRECT] [Fatal Error] :1:1: Premature end of file.
2026-04-04 16:57:34,701 [ERROR] LogOutputStream:75 - [STDERR_REDIRECT] 
2026-04-04 16:57:35,742 [ERROR] LogOutputStream:75 - [STDERR_REDIRECT] [Fatal Error] :1:1: Premature end of file.
2026-04-04 16:57:35,742 [ERROR] LogOutputStream:75 - [STDERR_REDIRECT] 
2026-04-04 16:57:36,722 [ERROR] LogOutputStream:75 - [STDERR_REDIRECT] [Fatal Error] :1:1: Premature end of file.
2026-04-04 16:57:36,722 [ERROR] LogOutputStream:75 - [STDERR_REDIRECT] 
2026-04-04 16:57:37,708 [ERROR] LogOutputStream:75 - [STDERR_REDIRECT] [Fatal Error] :1:1: Premature end of file.
2026-04-04 16:57:37,708 [ERROR] LogOutputStream:75 - [STDERR_REDIRECT] 
2026-04-04 16:57:38,694 [ERROR] LogOutputStream:75 - [STDERR_REDIRECT] [Fatal Error] :1:1: Premature end of file.
2026-04-04 16:57:38,694 [ERROR] LogOutputStream:75 - [STDERR_REDIRECT] 
2026-04-04 16:57:39,695 [ERROR] LogOutputStream:75 - [STDERR_REDIRECT] [Fatal Error] :1:1: Premature end of file.
2026-04-04 16:57:39,695 [ERROR] LogOutputStream:75 - [STDERR_REDIRECT] 
2026-04-04 16:57:40,708 [ERROR] LogOutputStream:75 - [STDERR_REDIRECT] [Fatal Error] :1:1: Premature end of file.
2026-04-04 16:57:40,708 [ERROR] LogOutputStream:75 - [STDERR_REDIRECT] 
2026-04-04 16:57:41,720 [ERROR] LogOutputStream:75 - [STDERR_REDIRECT] [Fatal Error] :1:1: Premature end of file.
2026-04-04 16:57:41,720 [ERROR] LogOutputStream:75 - [STDERR_REDIRECT] 
2026-04-04 16:57:42,717 [ERROR] LogOutputStream:75 - [STDERR_REDIRECT] [Fatal Error] :1:1: Premature end of file.
2026-04-04 16:57:42,717 [ERROR] LogOutputStream:75 - [STDERR_REDIRECT] 
2026-04-04 16:57:43,698 [ERROR] LogOutputStream:75 - [STDERR_REDIRECT] [Fatal Error] :1:1: Premature end of file.
2026-04-04 16:57:43,714 [ERROR] LogOutputStream:75 - [STDERR_REDIRECT] 
2026-04-04 16:57:44,699 [ERROR] LogOutputStream:75 - [STDERR_REDIRECT] [Fatal Error] :1:1: Premature end of file.
2026-04-04 16:57:44,701 [ERROR] LogOutputStream:75 - [STDERR_REDIRECT] 
2026-04-04 16:57:45,712 [ERROR] LogOutputStream:75 - [STDERR_REDIRECT] [Fatal Error] :1:1: Premature end of file.
2026-04-04 16:57:45,712 [ERROR] LogOutputStream:75 - [STDERR_REDIRECT] 
2026-04-04 16:57:46,710 [ERROR] LogOutputStream:75 - [STDERR_REDIRECT] [Fatal Error] :1:1: Premature end of file.
2026-04-04 16:57:46,710 [ERROR] LogOutputStream:75 - [STDERR_REDIRECT] 
2026-04-04 16:57:47,728 [ERROR] LogOutputStream:75 - [STDERR_REDIRECT] [Fatal Error] :1:1: Premature end of file.
2026-04-04 16:57:47,728 [ERROR] LogOutputStream:75 - [STDERR_REDIRECT] 
2026-04-04 16:57:48,717 [ERROR] LogOutputStream:75 - [STDERR_REDIRECT] [Fatal Error] :1:1: Premature end of file.
2026-04-04 16:57:48,717 [ERROR] LogOutputStream:75 - [STDERR_REDIRECT] 
2026-04-04 16:57:49,725 [ERROR] LogOutputStream:75 - [STDERR_REDIRECT] [Fatal Error] :1:1: Premature end of file.
2026-04-04 16:57:49,725 [ERROR] LogOutputStream:75 - [STDERR_REDIRECT] 
2026-04-04 16:57:50,718 [ERROR] LogOutputStream:75 - [STDERR_REDIRECT] [Fatal Error] :1:1: Premature end of file.
2026-04-04 16:57:50,718 [ERROR] LogOutputStream:75 - [STDERR_REDIRECT] 
2026-04-04 16:57:51,696 [ERROR] LogOutputStream:75 - [STDERR_REDIRECT] [Fatal Error] :1:1: Premature end of file.
2026-04-04 16:57:51,698 [ERROR] LogOutputStream:75 - [STDERR_REDIRECT] 
2026-04-04 16:57:52,697 [ERROR] LogOutputStream:75 - [STDERR_REDIRECT] [Fatal Error] :1:1: Premature end of file.
2026-04-04 16:57:52,697 [ERROR] LogOutputStream:75 - [STDERR_REDIRECT] 
2026-04-04 16:57:53,692 [ERROR] LogOutputStream:75 - [STDERR_REDIRECT] [Fatal Error] :1:1: Premature end of file.
2026-04-04 16:57:53,692 [ERROR] LogOutputStream:75 - [STDERR_REDIRECT] 
2026-04-04 16:57:54,698 [ERROR] LogOutputStream:75 - [STDERR_REDIRECT] [Fatal Error] :1:1: Premature end of file.
2026-04-04 16:57:54,698 [ERROR] LogOutputStream:75 - [STDERR_REDIRECT] 
2026-04-04 16:57:55,712 [ERROR] LogOutputStream:75 - [STDERR_REDIRECT] [Fatal Error] :1:1: Premature end of file.
2026-04-04 16:57:55,712 [ERROR] LogOutputStream:75 - [STDERR_REDIRECT] 
2026-04-04 16:57:56,701 [ERROR] LogOutputStream:75 - [STDERR_REDIRECT] [Fatal Error] :1:1: Premature end of file.
2026-04-04 16:57:56,713 [ERROR] LogOutputStream:75 - [STDERR_REDIRECT] 
2026-04-04 16:57:57,690 [ERROR] LogOutputStream:75 - [STDERR_REDIRECT] [Fatal Error] :1:1: Premature end of file.
2026-04-04 16:57:57,690 [ERROR] LogOutputStream:75 - [STDERR_REDIRECT] 
2026-04-04 16:57:58,693 [ERROR] LogOutputStream:75 - [STDERR_REDIRECT] [Fatal Error] :1:1: Premature end of file.
2026-04-04 16:57:58,693 [ERROR] LogOutputStream:75 - [STDERR_REDIRECT] 
2026-04-04 16:57:59,696 [ERROR] LogOutputStream:75 - [STDERR_REDIRECT] [Fatal Error] :1:1: Premature end of file.
2026-04-04 16:57:59,696 [ERROR] LogOutputStream:75 - [STDERR_REDIRECT] 
2026-04-04 16:58:00,715 [ERROR] LogOutputStream:75 - [STDERR_REDIRECT] [Fatal Error] :1:1: Premature end of file.
2026-04-04 16:58:00,715 [ERROR] LogOutputStream:75 - [STDERR_REDIRECT] 
2026-04-04 16:58:01,697 [ERROR] LogOutputStream:75 - [STDERR_REDIRECT] [Fatal Error] :1:1: Premature end of file.
2026-04-04 16:58:01,697 [ERROR] LogOutputStream:75 - [STDERR_REDIRECT] 
2026-04-04 16:58:02,716 [ERROR] LogOutputStream:75 - [STDERR_REDIRECT] [Fatal Error] :1:1: Premature end of file.
2026-04-04 16:58:02,717 [ERROR] LogOutputStream:75 - [STDERR_REDIRECT] 
2026-04-04 16:58:03,711 [ERROR] LogOutputStream:75 - [STDERR_REDIRECT] [Fatal Error] :1:1: Premature end of file.
2026-04-04 16:58:03,711 [ERROR] LogOutputStream:75 - [STDERR_REDIRECT] 
2026-04-04 16:58:04,701 [ERROR] LogOutputStream:75 - [STDERR_REDIRECT] [Fatal Error] :1:1: Premature end of file.
2026-04-04 16:58:04,701 [ERROR] LogOutputStream:75 - [STDERR_REDIRECT] 
2026-04-04 16:58:05,697 [ERROR] LogOutputStream:75 - [STDERR_REDIRECT] [Fatal Error] :1:1: Premature end of file.
2026-04-04 16:58:05,697 [ERROR] LogOutputStream:75 - [STDERR_REDIRECT] 
2026-04-04 16:58:06,687 [ERROR] LogOutputStream:75 - [STDERR_REDIRECT] [Fatal Error] :1:1: Premature end of file.
2026-04-04 16:58:06,687 [ERROR] LogOutputStream:75 - [STDERR_REDIRECT] 
2026-04-04 16:58:07,677 [ERROR] LogOutputStream:75 - [STDERR_REDIRECT] [Fatal Error] :1:1: Premature end of file.
2026-04-04 16:58:07,677 [ERROR] LogOutputStream:75 - [STDERR_REDIRECT] 
2026-04-04 16:58:08,690 [ERROR] LogOutputStream:75 - [STDERR_REDIRECT] [Fatal Error] :1:1: Premature end of file.
2026-04-04 16:58:08,697 [ERROR] LogOutputStream:75 - [STDERR_REDIRECT] 
2026-04-04 16:58:09,705 [ERROR] LogOutputStream:75 - [STDERR_REDIRECT] [Fatal Error] :1:1: Premature end of file.
2026-04-04 16:58:09,707 [ERROR] LogOutputStream:75 - [STDERR_REDIRECT] 
2026-04-04 16:58:10,708 [ERROR] LogOutputStream:75 - [STDERR_REDIRECT] [Fatal Error] :1:1: Premature end of file.
2026-04-04 16:58:10,708 [ERROR] LogOutputStream:75 - [STDERR_REDIRECT] 
2026-04-04 16:58:11,722 [ERROR] LogOutputStream:75 - [STDERR_REDIRECT] [Fatal Error] :1:1: Premature end of file.
2026-04-04 16:58:11,722 [ERROR] LogOutputStream:75 - [STDERR_REDIRECT] 
2026-04-04 16:58:12,693 [ERROR] LogOutputStream:75 - [STDERR_REDIRECT] [Fatal Error] :1:1: Premature end of file.
2026-04-04 16:58:12,693 [ERROR] LogOutputStream:75 - [STDERR_REDIRECT] 
2026-04-04 16:58:13,694 [ERROR] LogOutputStream:75 - [STDERR_REDIRECT] [Fatal Error] :1:1: Premature end of file.
2026-04-04 16:58:13,694 [ERROR] LogOutputStream:75 - [STDERR_REDIRECT] 
2026-04-04 16:58:14,721 [ERROR] LogOutputStream:75 - [STDERR_REDIRECT] [Fatal Error] :1:1: Premature end of file.
2026-04-04 16:58:14,721 [ERROR] LogOutputStream:75 - [STDERR_REDIRECT] 
2026-04-04 16:58:15,701 [ERROR] LogOutputStream:75 - [STDERR_REDIRECT] [Fatal Error] :1:1: Premature end of file.
2026-04-04 16:58:15,701 [ERROR] LogOutputStream:75 - [STDERR_REDIRECT] 
2026-04-04 16:58:16,804 [ERROR] LogOutputStream:75 - [STDERR_REDIRECT] [Fatal Error] :1:1: Premature end of file.
2026-04-04 16:58:16,804 [ERROR] LogOutputStream:75 - [STDERR_REDIRECT] 
2026-04-04 16:58:17,707 [ERROR] LogOutputStream:75 - [STDERR_REDIRECT] [Fatal Error] :1:1: Premature end of file.
2026-04-04 16:58:17,707 [ERROR] LogOutputStream:75 - [STDERR_REDIRECT] 
2026-04-04 16:58:18,706 [ERROR] LogOutputStream:75 - [STDERR_REDIRECT] [Fatal Error] :1:1: Premature end of file.
2026-04-04 16:58:18,706 [ERROR] LogOutputStream:75 - [STDERR_REDIRECT] 
2026-04-04 16:58:19,698 [ERROR] LogOutputStream:75 - [STDERR_REDIRECT] [Fatal Error] :1:1: Premature end of file.
2026-04-04 16:58:19,705 [ERROR] LogOutputStream:75 - [STDERR_REDIRECT] 
2026-04-04 16:58:20,700 [ERROR] LogOutputStream:75 - [STDERR_REDIRECT] [Fatal Error] :1:1: Premature end of file.
2026-04-04 16:58:20,710 [ERROR] LogOutputStream:75 - [STDERR_REDIRECT] 
2026-04-04 16:58:21,694 [ERROR] LogOutputStream:75 - [STDERR_REDIRECT] [Fatal Error] :1:1: Premature end of file.
2026-04-04 16:58:21,694 [ERROR] LogOutputStream:75 - [STDERR_REDIRECT] 
2026-04-04 16:58:22,699 [ERROR] LogOutputStream:75 - [STDERR_REDIRECT] [Fatal Error] :1:1: Premature end of file.
2026-04-04 16:58:22,699 [ERROR] LogOutputStream:75 - [STDERR_REDIRECT] 
2026-04-04 16:58:23,706 [ERROR] LogOutputStream:75 - [STDERR_REDIRECT] [Fatal Error] :1:1: Premature end of file.
2026-04-04 16:58:23,706 [ERROR] LogOutputStream:75 - [STDERR_REDIRECT] 
2026-04-04 16:58:24,716 [ERROR] LogOutputStream:75 - [STDERR_REDIRECT] [Fatal Error] :1:1: Premature end of file.
2026-04-04 16:58:24,716 [ERROR] LogOutputStream:75 - [STDERR_REDIRECT] 
2026-04-04 16:58:25,709 [ERROR] LogOutputStream:75 - [STDERR_REDIRECT] [Fatal Error] :1:1: Premature end of file.
2026-04-04 16:58:25,709 [ERROR] LogOutputStream:75 - [STDERR_REDIRECT] 
2026-04-04 16:58:26,702 [ERROR] LogOutputStream:75 - [STDERR_REDIRECT] [Fatal Error] :1:1: Premature end of file.
2026-04-04 16:58:26,702 [ERROR] LogOutputStream:75 - [STDERR_REDIRECT] 
2026-04-04 16:58:27,703 [ERROR] LogOutputStream:75 - [STDERR_REDIRECT] [Fatal Error] :1:1: Premature end of file.
2026-04-04 16:58:27,703 [ERROR] LogOutputStream:75 - [STDERR_REDIRECT] 
2026-04-04 16:58:28,692 [ERROR] LogOutputStream:75 - [STDERR_REDIRECT] [Fatal Error] :1:1: Premature end of file.
2026-04-04 16:58:28,692 [ERROR] LogOutputStream:75 - [STDERR_REDIRECT] 
2026-04-04 16:58:29,692 [ERROR] LogOutputStream:75 - [STDERR_REDIRECT] [Fatal Error] :1:1: Premature end of file.
2026-04-04 16:58:29,692 [ERROR] LogOutputStream:75 - [STDERR_REDIRECT] 
2026-04-04 16:58:30,712 [ERROR] LogOutputStream:75 - [STDERR_REDIRECT] [Fatal Error] :1:1: Premature end of file.
2026-04-04 16:58:30,712 [ERROR] LogOutputStream:75 - [STDERR_REDIRECT] 
2026-04-04 16:58:31,700 [ERROR] LogOutputStream:75 - [STDERR_REDIRECT] [Fatal Error] :1:1: Premature end of file.
2026-04-04 16:58:31,700 [ERROR] LogOutputStream:75 - [STDERR_REDIRECT] 
2026-04-04 16:58:32,713 [ERROR] LogOutputStream:75 - [STDERR_REDIRECT] [Fatal Error] :1:1: Premature end of file.
2026-04-04 16:58:32,714 [ERROR] LogOutputStream:75 - [STDERR_REDIRECT] 
2026-04-04 16:58:33,698 [ERROR] LogOutputStream:75 - [STDERR_REDIRECT] [Fatal Error] :1:1: Premature end of file.
2026-04-04 16:58:33,698 [ERROR] LogOutputStream:75 - [STDERR_REDIRECT] 
2026-04-04 16:58:34,692 [ERROR] LogOutputStream:75 - [STDERR_REDIRECT] [Fatal Error] :1:1: Premature end of file.
2026-04-04 16:58:34,692 [ERROR] LogOutputStream:75 - [STDERR_REDIRECT] 
2026-04-04 16:58:35,694 [ERROR] LogOutputStream:75 - [STDERR_REDIRECT] [Fatal Error] :1:1: Premature end of file.
2026-04-04 16:58:35,694 [ERROR] LogOutputStream:75 - [STDERR_REDIRECT] 
2026-04-04 16:58:36,694 [ERROR] LogOutputStream:75 - [STDERR_REDIRECT] [Fatal Error] :1:1: Premature end of file.
2026-04-04 16:58:36,694 [ERROR] LogOutputStream:75 - [STDERR_REDIRECT] 
2026-04-04 16:58:37,693 [ERROR] LogOutputStream:75 - [STDERR_REDIRECT] [Fatal Error] :1:1: Premature end of file.
2026-04-04 16:58:37,693 [ERROR] LogOutputStream:75 - [STDERR_REDIRECT] 
2026-04-04 16:58:38,697 [ERROR] LogOutputStream:75 - [STDERR_REDIRECT] [Fatal Error] :1:1: Premature end of file.
2026-04-04 16:58:38,697 [ERROR] LogOutputStream:75 - [STDERR_REDIRECT] 
2026-04-04 16:58:39,680 [ERROR] LogOutputStream:75 - [STDERR_REDIRECT] [Fatal Error] :1:1: Premature end of file.
2026-04-04 16:58:39,680 [ERROR] LogOutputStream:75 - [STDERR_REDIRECT] 
2026-04-04 16:58:40,709 [ERROR] LogOutputStream:75 - [STDERR_REDIRECT] [Fatal Error] :1:1: Premature end of file.
2026-04-04 16:58:40,709 [ERROR] LogOutputStream:75 - [STDERR_REDIRECT] 
2026-04-04 16:58:41,700 [ERROR] LogOutputStream:75 - [STDERR_REDIRECT] [Fatal Error] :1:1: Premature end of file.
2026-04-04 16:58:41,700 [ERROR] LogOutputStream:75 - [STDERR_REDIRECT] 
2026-04-04 16:58:42,710 [ERROR] LogOutputStream:75 - [STDERR_REDIRECT] [Fatal Error] :1:1: Premature end of file.
2026-04-04 16:58:42,710 [ERROR] LogOutputStream:75 - [STDERR_REDIRECT] 
2026-04-04 16:58:43,683 [ERROR] LogOutputStream:75 - [STDERR_REDIRECT] [Fatal Error] :1:1: Premature end of file.
2026-04-04 16:58:43,683 [ERROR] LogOutputStream:75 - [STDERR_REDIRECT] 
2026-04-04 16:58:44,701 [ERROR] LogOutputStream:75 - [STDERR_REDIRECT] [Fatal Error] :1:1: Premature end of file.
2026-04-04 16:58:44,701 [ERROR] LogOutputStream:75 - [STDERR_REDIRECT] 
2026-04-04 16:58:45,700 [ERROR] LogOutputStream:75 - [STDERR_REDIRECT] [Fatal Error] :1:1: Premature end of file.
2026-04-04 16:58:45,700 [ERROR] LogOutputStream:75 - [STDERR_REDIRECT] 
2026-04-04 16:58:46,696 [ERROR] LogOutputStream:75 - [STDERR_REDIRECT] [Fatal Error] :1:1: Premature end of file.
2026-04-04 16:58:46,696 [ERROR] LogOutputStream:75 - [STDERR_REDIRECT] 
2026-04-04 16:58:47,705 [ERROR] LogOutputStream:75 - [STDERR_REDIRECT] [Fatal Error] :1:1: Premature end of file.
2026-04-04 16:58:47,705 [ERROR] LogOutputStream:75 - [STDERR_REDIRECT] 
2026-04-04 16:58:48,705 [ERROR] LogOutputStream:75 - [STDERR_REDIRECT] [Fatal Error] :1:1: Premature end of file.
2026-04-04 16:58:48,708 [ERROR] LogOutputStream:75 - [STDERR_REDIRECT] 
2026-04-04 16:58:49,701 [ERROR] LogOutputStream:75 - [STDERR_REDIRECT] [Fatal Error] :1:1: Premature end of file.
2026-04-04 16:58:49,701 [ERROR] LogOutputStream:75 - [STDERR_REDIRECT] 
2026-04-04 16:58:50,700 [ERROR] LogOutputStream:75 - [STDERR_REDIRECT] [Fatal Error] :1:1: Premature end of file.
2026-04-04 16:58:50,700 [ERROR] LogOutputStream:75 - [STDERR_REDIRECT] 
2026-04-04 16:58:51,718 [ERROR] LogOutputStream:75 - [STDERR_REDIRECT] [Fatal Error] :1:1: Premature end of file.
2026-04-04 16:58:51,718 [ERROR] LogOutputStream:75 - [STDERR_REDIRECT] 
2026-04-04 16:58:52,725 [ERROR] LogOutputStream:75 - [STDERR_REDIRECT] [Fatal Error] :1:1: Premature end of file.
2026-04-04 16:58:52,725 [ERROR] LogOutputStream:75 - [STDERR_REDIRECT] 
2026-04-04 16:58:53,694 [ERROR] LogOutputStream:75 - [STDERR_REDIRECT] [Fatal Error] :1:1: Premature end of file.
2026-04-04 16:58:53,694 [ERROR] LogOutputStream:75 - [STDERR_REDIRECT] 
2026-04-04 16:58:54,701 [ERROR] LogOutputStream:75 - [STDERR_REDIRECT] [Fatal Error] :1:1: Premature end of file.
2026-04-04 16:58:54,701 [ERROR] LogOutputStream:75 - [STDERR_REDIRECT] 
2026-04-04 16:58:55,684 [ERROR] LogOutputStream:75 - [STDERR_REDIRECT] [Fatal Error] :1:1: Premature end of file.
2026-04-04 16:58:55,684 [ERROR] LogOutputStream:75 - [STDERR_REDIRECT] 
2026-04-04 16:58:56,702 [ERROR] LogOutputStream:75 - [STDERR_REDIRECT] [Fatal Error] :1:1: Premature end of file.
2026-04-04 16:58:56,702 [ERROR] LogOutputStream:75 - [STDERR_REDIRECT] 
2026-04-04 16:58:57,689 [ERROR] LogOutputStream:75 - [STDERR_REDIRECT] [Fatal Error] :1:1: Premature end of file.
2026-04-04 16:58:57,689 [ERROR] LogOutputStream:75 - [STDERR_REDIRECT] 
2026-04-04 16:58:58,709 [ERROR] LogOutputStream:75 - [STDERR_REDIRECT] [Fatal Error] :1:1: Premature end of file.
2026-04-04 16:58:58,709 [ERROR] LogOutputStream:75 - [STDERR_REDIRECT] 
2026-04-04 16:58:59,704 [ERROR] LogOutputStream:75 - [STDERR_REDIRECT] [Fatal Error] :1:1: Premature end of file.
2026-04-04 16:58:59,704 [ERROR] LogOutputStream:75 - [STDERR_REDIRECT] 
2026-04-04 16:59:00,702 [ERROR] LogOutputStream:75 - [STDERR_REDIRECT] [Fatal Error] :1:1: Premature end of file.
2026-04-04 16:59:00,702 [ERROR] LogOutputStream:75 - [STDERR_REDIRECT] 
2026-04-04 16:59:01,704 [ERROR] LogOutputStream:75 - [STDERR_REDIRECT] [Fatal Error] :1:1: Premature end of file.
2026-04-04 16:59:01,704 [ERROR] LogOutputStream:75 - [STDERR_REDIRECT] 
2026-04-04 16:59:02,702 [ERROR] LogOutputStream:75 - [STDERR_REDIRECT] [Fatal Error] :1:1: Premature end of file.
2026-04-04 16:59:02,702 [ERROR] LogOutputStream:75 - [STDERR_REDIRECT] 
2026-04-04 16:59:03,697 [ERROR] LogOutputStream:75 - [STDERR_REDIRECT] [Fatal Error] :1:1: Premature end of file.
2026-04-04 16:59:03,697 [ERROR] LogOutputStream:75 - [STDERR_REDIRECT] 
2026-04-04 16:59:04,707 [ERROR] LogOutputStream:75 - [STDERR_REDIRECT] [Fatal Error] :1:1: Premature end of file.
2026-04-04 16:59:04,707 [ERROR] LogOutputStream:75 - [STDERR_REDIRECT] 
2026-04-04 16:59:05,694 [ERROR] LogOutputStream:75 - [STDERR_REDIRECT] [Fatal Error] :1:1: Premature end of file.
2026-04-04 16:59:05,694 [ERROR] LogOutputStream:75 - [STDERR_REDIRECT] 
2026-04-04 16:59:06,701 [ERROR] LogOutputStream:75 - [STDERR_REDIRECT] [Fatal Error] :1:1: Premature end of file.
2026-04-04 16:59:06,701 [ERROR] LogOutputStream:75 - [STDERR_REDIRECT] 
2026-04-04 16:59:07,696 [ERROR] LogOutputStream:75 - [STDERR_REDIRECT] [Fatal Error] :1:1: Premature end of file.
2026-04-04 16:59:07,696 [ERROR] LogOutputStream:75 - [STDERR_REDIRECT] 
2026-04-04 16:59:08,702 [ERROR] LogOutputStream:75 - [STDERR_REDIRECT] [Fatal Error] :1:1: Premature end of file.
2026-04-04 16:59:08,702 [ERROR] LogOutputStream:75 - [STDERR_REDIRECT] 
2026-04-04 16:59:09,698 [ERROR] LogOutputStream:75 - [STDERR_REDIRECT] [Fatal Error] :1:1: Premature end of file.
2026-04-04 16:59:09,698 [ERROR] LogOutputStream:75 - [STDERR_REDIRECT] 
2026-04-04 16:59:10,696 [ERROR] LogOutputStream:75 - [STDERR_REDIRECT] [Fatal Error] :1:1: Premature end of file.
2026-04-04 16:59:10,696 [ERROR] LogOutputStream:75 - [STDERR_REDIRECT] 
2026-04-04 16:59:11,692 [ERROR] LogOutputStream:75 - [STDERR_REDIRECT] [Fatal Error] :1:1: Premature end of file.
2026-04-04 16:59:11,692 [ERROR] LogOutputStream:75 - [STDERR_REDIRECT] 
2026-04-04 16:59:12,688 [ERROR] LogOutputStream:75 - [STDERR_REDIRECT] [Fatal Error] :1:1: Premature end of file.
2026-04-04 16:59:12,688 [ERROR] LogOutputStream:75 - [STDERR_REDIRECT] 
2026-04-04 16:59:13,677 [ERROR] LogOutputStream:75 - [STDERR_REDIRECT] [Fatal Error] :1:1: Premature end of file.
2026-04-04 16:59:13,677 [ERROR] LogOutputStream:75 - [STDERR_REDIRECT] 
2026-04-04 16:59:14,681 [ERROR] LogOutputStream:75 - [STDERR_REDIRECT] [Fatal Error] :1:1: Premature end of file.
2026-04-04 16:59:14,681 [ERROR] LogOutputStream:75 - [STDERR_REDIRECT] 
2026-04-04 16:59:15,685 [ERROR] LogOutputStream:75 - [STDERR_REDIRECT] [Fatal Error] :1:1: Premature end of file.
2026-04-04 16:59:15,685 [ERROR] LogOutputStream:75 - [STDERR_REDIRECT] 
2026-04-04 16:59:16,687 [ERROR] LogOutputStream:75 - [STDERR_REDIRECT] [Fatal Error] :1:1: Premature end of file.
2026-04-04 16:59:16,687 [ERROR] LogOutputStream:75 - [STDERR_REDIRECT] 
2026-04-04 16:59:17,674 [ERROR] LogOutputStream:75 - [STDERR_REDIRECT] [Fatal Error] :1:1: Premature end of file.
2026-04-04 16:59:17,674 [ERROR] LogOutputStream:75 - [STDERR_REDIRECT] 
2026-04-04 16:59:18,672 [ERROR] LogOutputStream:75 - [STDERR_REDIRECT] [Fatal Error] :1:1: Premature end of file.
2026-04-04 16:59:18,675 [ERROR] LogOutputStream:75 - [STDERR_REDIRECT] 
2026-04-04 16:59:19,668 [ERROR] LogOutputStream:75 - [STDERR_REDIRECT] [Fatal Error] :1:1: Premature end of file.
2026-04-04 16:59:19,668 [ERROR] LogOutputStream:75 - [STDERR_REDIRECT] 
2026-04-04 16:59:20,680 [ERROR] LogOutputStream:75 - [STDERR_REDIRECT] [Fatal Error] :1:1: Premature end of file.
2026-04-04 16:59:20,680 [ERROR] LogOutputStream:75 - [STDERR_REDIRECT] 
2026-04-04 16:59:21,683 [ERROR] LogOutputStream:75 - [STDERR_REDIRECT] [Fatal Error] :1:1: Premature end of file.
2026-04-04 16:59:21,683 [ERROR] LogOutputStream:75 - [STDERR_REDIRECT] 
2026-04-04 16:59:22,686 [ERROR] LogOutputStream:75 - [STDERR_REDIRECT] [Fatal Error] :1:1: Premature end of file.
2026-04-04 16:59:22,686 [ERROR] LogOutputStream:75 - [STDERR_REDIRECT] 
2026-04-04 16:59:23,676 [ERROR] LogOutputStream:75 - [STDERR_REDIRECT] [Fatal Error] :1:1: Premature end of file.
2026-04-04 16:59:23,676 [ERROR] LogOutputStream:75 - [STDERR_REDIRECT] 
2026-04-04 16:59:24,684 [ERROR] LogOutputStream:75 - [STDERR_REDIRECT] [Fatal Error] :1:1: Premature end of file.
2026-04-04 16:59:24,684 [ERROR] LogOutputStream:75 - [STDERR_REDIRECT] 
2026-04-04 16:59:25,687 [ERROR] LogOutputStream:75 - [STDERR_REDIRECT] [Fatal Error] :1:1: Premature end of file.
2026-04-04 16:59:25,687 [ERROR] LogOutputStream:75 - [STDERR_REDIRECT] 
2026-04-04 16:59:26,673 [ERROR] LogOutputStream:75 - [STDERR_REDIRECT] [Fatal Error] :1:1: Premature end of file.
2026-04-04 16:59:26,673 [ERROR] LogOutputStream:75 - [STDERR_REDIRECT] 
2026-04-04 16:59:27,678 [ERROR] LogOutputStream:75 - [STDERR_REDIRECT] [Fatal Error] :1:1: Premature end of file.
2026-04-04 16:59:27,678 [ERROR] LogOutputStream:75 - [STDERR_REDIRECT] 
2026-04-04 16:59:28,681 [ERROR] LogOutputStream:75 - [STDERR_REDIRECT] [Fatal Error] :1:1: Premature end of file.
2026-04-04 16:59:28,681 [ERROR] LogOutputStream:75 - [STDERR_REDIRECT] 
2026-04-04 16:59:29,686 [ERROR] LogOutputStream:75 - [STDERR_REDIRECT] [Fatal Error] :1:1: Premature end of file.
2026-04-04 16:59:29,686 [ERROR] LogOutputStream:75 - [STDERR_REDIRECT] 
2026-04-04 16:59:30,673 [ERROR] LogOutputStream:75 - [STDERR_REDIRECT] [Fatal Error] :1:1: Premature end of file.
2026-04-04 16:59:30,673 [ERROR] LogOutputStream:75 - [STDERR_REDIRECT] 
2026-04-04 16:59:31,678 [ERROR] LogOutputStream:75 - [STDERR_REDIRECT] [Fatal Error] :1:1: Premature end of file.
2026-04-04 16:59:31,678 [ERROR] LogOutputStream:75 - [STDERR_REDIRECT] 
2026-04-04 16:59:32,684 [ERROR] LogOutputStream:75 - [STDERR_REDIRECT] [Fatal Error] :1:1: Premature end of file.
2026-04-04 16:59:32,684 [ERROR] LogOutputStream:75 - [STDERR_REDIRECT] 
2026-04-04 16:59:33,670 [ERROR] LogOutputStream:75 - [STDERR_REDIRECT] [Fatal Error] :1:1: Premature end of file.
2026-04-04 16:59:33,670 [ERROR] LogOutputStream:75 - [STDERR_REDIRECT] 
2026-04-04 16:59:34,684 [ERROR] LogOutputStream:75 - [STDERR_REDIRECT] [Fatal Error] :1:1: Premature end of file.
2026-04-04 16:59:34,684 [ERROR] LogOutputStream:75 - [STDERR_REDIRECT] 
2026-04-04 16:59:35,680 [ERROR] LogOutputStream:75 - [STDERR_REDIRECT] [Fatal Error] :1:1: Premature end of file.
2026-04-04 16:59:35,680 [ERROR] LogOutputStream:75 - [STDERR_REDIRECT] 
2026-04-04 16:59:36,683 [ERROR] LogOutputStream:75 - [STDERR_REDIRECT] [Fatal Error] :1:1: Premature end of file.
2026-04-04 16:59:36,683 [ERROR] LogOutputStream:75 - [STDERR_REDIRECT] 
2026-04-04 16:59:37,688 [ERROR] LogOutputStream:75 - [STDERR_REDIRECT] [Fatal Error] :1:1: Premature end of file.
2026-04-04 16:59:37,688 [ERROR] LogOutputStream:75 - [STDERR_REDIRECT] 
2026-04-04 16:59:38,674 [ERROR] LogOutputStream:75 - [STDERR_REDIRECT] [Fatal Error] :1:1: Premature end of file.
2026-04-04 16:59:38,674 [ERROR] LogOutputStream:75 - [STDERR_REDIRECT] 
2026-04-04 16:59:39,679 [ERROR] LogOutputStream:75 - [STDERR_REDIRECT] [Fatal Error] :1:1: Premature end of file.
2026-04-04 16:59:39,679 [ERROR] LogOutputStream:75 - [STDERR_REDIRECT] 
2026-04-04 16:59:40,683 [ERROR] LogOutputStream:75 - [STDERR_REDIRECT] [Fatal Error] :1:1: Premature end of file.
2026-04-04 16:59:40,683 [ERROR] LogOutputStream:75 - [STDERR_REDIRECT] 
2026-04-04 16:59:41,693 [ERROR] LogOutputStream:75 - [STDERR_REDIRECT] [Fatal Error] :1:1: Premature end of file.
2026-04-04 16:59:41,693 [ERROR] LogOutputStream:75 - [STDERR_REDIRECT] 
2026-04-04 16:59:42,674 [ERROR] LogOutputStream:75 - [STDERR_REDIRECT] [Fatal Error] :1:1: Premature end of file.
2026-04-04 16:59:42,674 [ERROR] LogOutputStream:75 - [STDERR_REDIRECT] 
2026-04-04 16:59:43,679 [ERROR] LogOutputStream:75 - [STDERR_REDIRECT] [Fatal Error] :1:1: Premature end of file.
2026-04-04 16:59:43,679 [ERROR] LogOutputStream:75 - [STDERR_REDIRECT] 
2026-04-04 16:59:44,666 [ERROR] LogOutputStream:75 - [STDERR_REDIRECT] [Fatal Error] :1:1: Premature end of file.
2026-04-04 16:59:44,682 [ERROR] LogOutputStream:75 - [STDERR_REDIRECT] 
2026-04-04 16:59:45,687 [ERROR] LogOutputStream:75 - [STDERR_REDIRECT] [Fatal Error] :1:1: Premature end of file.
2026-04-04 16:59:45,687 [ERROR] LogOutputStream:75 - [STDERR_REDIRECT] 
2026-04-04 16:59:46,677 [ERROR] LogOutputStream:75 - [STDERR_REDIRECT] [Fatal Error] :1:1: Premature end of file.
2026-04-04 16:59:46,677 [ERROR] LogOutputStream:75 - [STDERR_REDIRECT] 
2026-04-04 16:59:47,680 [ERROR] LogOutputStream:75 - [STDERR_REDIRECT] [Fatal Error] :1:1: Premature end of file.
2026-04-04 16:59:47,680 [ERROR] LogOutputStream:75 - [STDERR_REDIRECT] 
2026-04-04 16:59:48,678 [ERROR] LogOutputStream:75 - [STDERR_REDIRECT] [Fatal Error] :1:1: Premature end of file.
2026-04-04 16:59:48,678 [ERROR] LogOutputStream:75 - [STDERR_REDIRECT] 
2026-04-04 16:59:49,691 [ERROR] LogOutputStream:75 - [STDERR_REDIRECT] [Fatal Error] :1:1: Premature end of file.
2026-04-04 16:59:49,691 [ERROR] LogOutputStream:75 - [STDERR_REDIRECT] 
2026-04-04 16:59:50,674 [ERROR] LogOutputStream:75 - [STDERR_REDIRECT] [Fatal Error] :1:1: Premature end of file.
2026-04-04 16:59:50,674 [ERROR] LogOutputStream:75 - [STDERR_REDIRECT] 
2026-04-04 16:59:51,697 [ERROR] LogOutputStream:75 - [STDERR_REDIRECT] [Fatal Error] :1:1: Premature end of file.
2026-04-04 16:59:51,697 [ERROR] LogOutputStream:75 - [STDERR_REDIRECT] 
2026-04-04 16:59:52,682 [ERROR] LogOutputStream:75 - [STDERR_REDIRECT] [Fatal Error] :1:1: Premature end of file.
2026-04-04 16:59:52,682 [ERROR] LogOutputStream:75 - [STDERR_REDIRECT] 
2026-04-04 16:59:53,685 [ERROR] LogOutputStream:75 - [STDERR_REDIRECT] [Fatal Error] :1:1: Premature end of file.
2026-04-04 16:59:53,686 [ERROR] LogOutputStream:75 - [STDERR_REDIRECT] 
2026-04-04 16:59:54,690 [ERROR] LogOutputStream:75 - [STDERR_REDIRECT] [Fatal Error] :1:1: Premature end of file.
2026-04-04 16:59:54,690 [ERROR] LogOutputStream:75 - [STDERR_REDIRECT] 
2026-04-04 16:59:55,671 [ERROR] LogOutputStream:75 - [STDERR_REDIRECT] [Fatal Error] :1:1: Premature end of file.
2026-04-04 16:59:55,671 [ERROR] LogOutputStream:75 - [STDERR_REDIRECT] 
2026-04-04 16:59:56,680 [ERROR] LogOutputStream:75 - [STDERR_REDIRECT] [Fatal Error] :1:1: Premature end of file.
2026-04-04 16:59:56,680 [ERROR] LogOutputStream:75 - [STDERR_REDIRECT] 
2026-04-04 16:59:57,673 [ERROR] LogOutputStream:75 - [STDERR_REDIRECT] [Fatal Error] :1:1: Premature end of file.
2026-04-04 16:59:57,673 [ERROR] LogOutputStream:75 - [STDERR_REDIRECT] 
2026-04-04 16:59:58,669 [ERROR] LogOutputStream:75 - [STDERR_REDIRECT] [Fatal Error] :1:1: Premature end of file.
2026-04-04 16:59:58,669 [ERROR] LogOutputStream:75 - [STDERR_REDIRECT] 
2026-04-04 16:59:59,684 [ERROR] LogOutputStream:75 - [STDERR_REDIRECT] [Fatal Error] :1:1: Premature end of file.
2026-04-04 16:59:59,684 [ERROR] LogOutputStream:75 - [STDERR_REDIRECT] 
2026-04-04 17:00:00,706 [ERROR] LogOutputStream:75 - [STDERR_REDIRECT] [Fatal Error] :1:1: Premature end of file.
2026-04-04 17:00:00,708 [ERROR] LogOutputStream:75 - [STDERR_REDIRECT] 
2026-04-04 17:00:01,683 [ERROR] LogOutputStream:75 - [STDERR_REDIRECT] [Fatal Error] :1:1: Premature end of file.
2026-04-04 17:00:01,683 [ERROR] LogOutputStream:75 - [STDERR_REDIRECT] 
2026-04-04 17:00:02,678 [ERROR] LogOutputStream:75 - [STDERR_REDIRECT] [Fatal Error] :1:1: Premature end of file.
2026-04-04 17:00:02,678 [ERROR] LogOutputStream:75 - [STDERR_REDIRECT] 
2026-04-04 17:00:03,687 [ERROR] LogOutputStream:75 - [STDERR_REDIRECT] [Fatal Error] :1:1: Premature end of file.
2026-04-04 17:00:03,687 [ERROR] LogOutputStream:75 - [STDERR_REDIRECT] 
2026-04-04 17:00:04,687 [ERROR] LogOutputStream:75 - [STDERR_REDIRECT] [Fatal Error] :1:1: Premature end of file.
2026-04-04 17:00:04,687 [ERROR] LogOutputStream:75 - [STDERR_REDIRECT] 
2026-04-04 17:00:05,681 [ERROR] LogOutputStream:75 - [STDERR_REDIRECT] [Fatal Error] :1:1: Premature end of file.
2026-04-04 17:00:05,681 [ERROR] LogOutputStream:75 - [STDERR_REDIRECT] 
2026-04-04 17:00:06,679 [ERROR] LogOutputStream:75 - [STDERR_REDIRECT] [Fatal Error] :1:1: Premature end of file.
2026-04-04 17:00:06,679 [ERROR] LogOutputStream:75 - [STDERR_REDIRECT] 
2026-04-04 17:00:07,683 [ERROR] LogOutputStream:75 - [STDERR_REDIRECT] [Fatal Error] :1:1: Premature end of file.
2026-04-04 17:00:07,683 [ERROR] LogOutputStream:75 - [STDERR_REDIRECT] 
2026-04-04 17:00:08,671 [ERROR] LogOutputStream:75 - [STDERR_REDIRECT] [Fatal Error] :1:1: Premature end of file.
2026-04-04 17:00:08,671 [ERROR] LogOutputStream:75 - [STDERR_REDIRECT] 
2026-04-04 17:00:09,673 [ERROR] LogOutputStream:75 - [STDERR_REDIRECT] [Fatal Error] :1:1: Premature end of file.
2026-04-04 17:00:09,673 [ERROR] LogOutputStream:75 - [STDERR_REDIRECT] 
2026-04-04 17:00:13,134 [ERROR] LogOutputStream:75 - [STDERR_REDIRECT] [Fatal Error] :1:1: Premature end of file.
2026-04-04 17:00:13,146 [ERROR] LogOutputStream:75 - [STDERR_REDIRECT] 
2026-04-04 17:00:13,202 [ERROR] LogOutputStream:75 - [STDERR_REDIRECT] [Fatal Error] :1:1: Premature end of file.
2026-04-04 17:00:13,206 [ERROR] LogOutputStream:75 - [STDERR_REDIRECT] 
2026-04-04 17:00:13,259 [ERROR] LogOutputStream:75 - [STDERR_REDIRECT] [Fatal Error] :1:1: Premature end of file.
2026-04-04 17:00:13,259 [ERROR] LogOutputStream:75 - [STDERR_REDIRECT] 
2026-04-04 17:00:13,687 [ERROR] LogOutputStream:75 - [STDERR_REDIRECT] [Fatal Error] :1:1: Premature end of file.
2026-04-04 17:00:13,688 [ERROR] LogOutputStream:75 - [STDERR_REDIRECT] 
2026-04-04 17:00:14,665 [ERROR] LogOutputStream:75 - [STDERR_REDIRECT] [Fatal Error] :1:1: Premature end of file.
2026-04-04 17:00:14,676 [ERROR] LogOutputStream:75 - [STDERR_REDIRECT] 
2026-04-04 17:00:16,104 [ERROR] LogOutputStream:75 - [STDERR_REDIRECT] [Fatal Error] :1:1: Premature end of file.
2026-04-04 17:00:16,106 [ERROR] LogOutputStream:75 - [STDERR_REDIRECT] 
2026-04-04 17:00:16,674 [ERROR] LogOutputStream:75 - [STDERR_REDIRECT] [Fatal Error] :1:1: Premature end of file.
2026-04-04 17:00:16,674 [ERROR] LogOutputStream:75 - [STDERR_REDIRECT] 
2026-04-04 17:00:17,691 [ERROR] LogOutputStream:75 - [STDERR_REDIRECT] [Fatal Error] :1:1: Premature end of file.
2026-04-04 17:00:17,691 [ERROR] LogOutputStream:75 - [STDERR_REDIRECT] 
2026-04-04 17:00:18,686 [ERROR] LogOutputStream:75 - [STDERR_REDIRECT] [Fatal Error] :1:1: Premature end of file.
2026-04-04 17:00:18,694 [ERROR] LogOutputStream:75 - [STDERR_REDIRECT] 
2026-04-04 17:00:19,706 [ERROR] LogOutputStream:75 - [STDERR_REDIRECT] [Fatal Error] :1:1: Premature end of file.
2026-04-04 17:00:19,706 [ERROR] LogOutputStream:75 - [STDERR_REDIRECT] 
2026-04-04 17:00:20,708 [ERROR] LogOutputStream:75 - [STDERR_REDIRECT] [Fatal Error] :1:1: Premature end of file.
2026-04-04 17:00:20,708 [ERROR] LogOutputStream:75 - [STDERR_REDIRECT] 
2026-04-04 17:00:21,692 [ERROR] LogOutputStream:75 - [STDERR_REDIRECT] [Fatal Error] :1:1: Premature end of file.
2026-04-04 17:00:21,692 [ERROR] LogOutputStream:75 - [STDERR_REDIRECT] 
2026-04-04 17:00:22,676 [ERROR] LogOutputStream:75 - [STDERR_REDIRECT] [Fatal Error] :1:1: Premature end of file.
2026-04-04 17:00:22,676 [ERROR] LogOutputStream:75 - [STDERR_REDIRECT] 
2026-04-04 17:00:23,690 [ERROR] LogOutputStream:75 - [STDERR_REDIRECT] [Fatal Error] :1:1: Premature end of file.
2026-04-04 17:00:23,690 [ERROR] LogOutputStream:75 - [STDERR_REDIRECT] 
2026-04-04 17:01:36,745 [ERROR] LogOutputStream:75 - [STDERR_REDIRECT] [Fatal Error] :1:1: Premature end of file.
2026-04-04 17:01:36,745 [ERROR] LogOutputStream:75 - [STDERR_REDIRECT] 
2026-04-04 17:01:36,816 [ERROR] LogOutputStream:75 - [STDERR_REDIRECT] [Fatal Error] :1:1: Premature end of file.
2026-04-04 17:01:36,816 [ERROR] LogOutputStream:75 - [STDERR_REDIRECT] 
2026-04-04 17:01:36,877 [ERROR] LogOutputStream:75 - [STDERR_REDIRECT] [Fatal Error] :1:1: Premature end of file.
2026-04-04 17:01:36,877 [ERROR] LogOutputStream:75 - [STDERR_REDIRECT] 
2026-04-04 17:01:36,923 [ERROR] LogOutputStream:75 - [STDERR_REDIRECT] [Fatal Error] :1:1: Premature end of file.
2026-04-04 17:01:36,923 [ERROR] LogOutputStream:75 - [STDERR_REDIRECT] 
2026-04-04 17:01:36,962 [ERROR] LogOutputStream:75 - [STDERR_REDIRECT] [Fatal Error] :1:1: Premature end of file.
2026-04-04 17:01:36,962 [ERROR] LogOutputStream:75 - [STDERR_REDIRECT] 
2026-04-04 17:01:36,999 [ERROR] LogOutputStream:75 - [STDERR_REDIRECT] [Fatal Error] :1:1: Premature end of file.
2026-04-04 17:01:36,999 [ERROR] LogOutputStream:75 - [STDERR_REDIRECT] 
2026-04-04 17:01:37,033 [ERROR] LogOutputStream:75 - [STDERR_REDIRECT] [Fatal Error] :1:1: Premature end of file.
2026-04-04 17:01:37,033 [ERROR] LogOutputStream:75 - [STDERR_REDIRECT] 
2026-04-04 17:01:37,078 [ERROR] LogOutputStream:75 - [STDERR_REDIRECT] [Fatal Error] :1:1: Premature end of file.
2026-04-04 17:01:37,078 [ERROR] LogOutputStream:75 - [STDERR_REDIRECT] 
2026-04-04 17:01:37,132 [ERROR] LogOutputStream:75 - [STDERR_REDIRECT] [Fatal Error] :1:1: Premature end of file.
2026-04-04 17:01:37,132 [ERROR] LogOutputStream:75 - [STDERR_REDIRECT] 
2026-04-04 17:01:37,189 [ERROR] LogOutputStream:75 - [STDERR_REDIRECT] [Fatal Error] :1:1: Premature end of file.
2026-04-04 17:01:37,189 [ERROR] LogOutputStream:75 - [STDERR_REDIRECT] 
2026-04-04 17:01:37,237 [ERROR] LogOutputStream:75 - [STDERR_REDIRECT] [Fatal Error] :1:1: Premature end of file.
2026-04-04 17:01:37,237 [ERROR] LogOutputStream:75 - [STDERR_REDIRECT] 
2026-04-04 17:01:37,269 [ERROR] LogOutputStream:75 - [STDERR_REDIRECT] [Fatal Error] :1:1: Premature end of file.
2026-04-04 17:01:37,269 [ERROR] LogOutputStream:75 - [STDERR_REDIRECT] 
2026-04-04 17:01:37,300 [ERROR] LogOutputStream:75 - [STDERR_REDIRECT] [Fatal Error] :1:1: Premature end of file.
2026-04-04 17:01:37,300 [ERROR] LogOutputStream:75 - [STDERR_REDIRECT] 
2026-04-04 17:01:37,332 [ERROR] LogOutputStream:75 - [STDERR_REDIRECT] [Fatal Error] :1:1: Premature end of file.
2026-04-04 17:01:37,332 [ERROR] LogOutputStream:75 - [STDERR_REDIRECT] 
2026-04-04 17:01:37,364 [ERROR] LogOutputStream:75 - [STDERR_REDIRECT] [Fatal Error] :1:1: Premature end of file.
2026-04-04 17:01:37,377 [ERROR] LogOutputStream:75 - [STDERR_REDIRECT] 
2026-04-04 17:01:37,413 [ERROR] LogOutputStream:75 - [STDERR_REDIRECT] [Fatal Error] :1:1: Premature end of file.
2026-04-04 17:01:37,413 [ERROR] LogOutputStream:75 - [STDERR_REDIRECT] 
2026-04-04 17:01:37,443 [ERROR] LogOutputStream:75 - [STDERR_REDIRECT] [Fatal Error] :1:1: Premature end of file.
2026-04-04 17:01:37,443 [ERROR] LogOutputStream:75 - [STDERR_REDIRECT] 
2026-04-04 17:01:37,475 [ERROR] LogOutputStream:75 - [STDERR_REDIRECT] [Fatal Error] :1:1: Premature end of file.
2026-04-04 17:01:37,475 [ERROR] LogOutputStream:75 - [STDERR_REDIRECT] 
2026-04-04 17:01:37,513 [ERROR] LogOutputStream:75 - [STDERR_REDIRECT] [Fatal Error] :1:1: Premature end of file.
2026-04-04 17:01:37,513 [ERROR] LogOutputStream:75 - [STDERR_REDIRECT] 
2026-04-04 17:01:37,554 [ERROR] LogOutputStream:75 - [STDERR_REDIRECT] [Fatal Error] :1:1: Premature end of file.
2026-04-04 17:01:37,554 [ERROR] LogOutputStream:75 - [STDERR_REDIRECT] 
2026-04-04 17:01:37,586 [ERROR] LogOutputStream:75 - [STDERR_REDIRECT] [Fatal Error] :1:1: Premature end of file.
2026-04-04 17:01:37,586 [ERROR] LogOutputStream:75 - [STDERR_REDIRECT] 
2026-04-04 17:01:37,633 [ERROR] LogOutputStream:75 - [STDERR_REDIRECT] [Fatal Error] :1:1: Premature end of file.
2026-04-04 17:01:37,633 [ERROR] LogOutputStream:75 - [STDERR_REDIRECT] 
2026-04-04 17:01:37,665 [ERROR] LogOutputStream:75 - [STDERR_REDIRECT] [Fatal Error] :1:1: Premature end of file.
2026-04-04 17:01:37,665 [ERROR] LogOutputStream:75 - [STDERR_REDIRECT] 
2026-04-04 17:01:37,714 [ERROR] LogOutputStream:75 - [STDERR_REDIRECT] [Fatal Error] :1:1: Premature end of file.
2026-04-04 17:01:37,714 [ERROR] LogOutputStream:75 - [STDERR_REDIRECT] 
2026-04-04 17:01:37,762 [ERROR] LogOutputStream:75 - [STDERR_REDIRECT] [Fatal Error] :1:1: Premature end of file.
2026-04-04 17:01:37,762 [ERROR] LogOutputStream:75 - [STDERR_REDIRECT] 
2026-04-04 17:01:37,793 [ERROR] LogOutputStream:75 - [STDERR_REDIRECT] [Fatal Error] :1:1: Premature end of file.
2026-04-04 17:01:37,793 [ERROR] LogOutputStream:75 - [STDERR_REDIRECT] 
2026-04-04 17:01:37,825 [ERROR] LogOutputStream:75 - [STDERR_REDIRECT] [Fatal Error] :1:1: Premature end of file.
2026-04-04 17:01:37,825 [ERROR] LogOutputStream:75 - [STDERR_REDIRECT] 
2026-04-04 17:01:37,873 [ERROR] LogOutputStream:75 - [STDERR_REDIRECT] [Fatal Error] :1:1: Premature end of file.
2026-04-04 17:01:37,873 [ERROR] LogOutputStream:75 - [STDERR_REDIRECT] 
2026-04-04 17:01:37,915 [ERROR] LogOutputStream:75 - [STDERR_REDIRECT] [Fatal Error] :1:1: Premature end of file.
2026-04-04 17:01:37,916 [ERROR] LogOutputStream:75 - [STDERR_REDIRECT] 
2026-04-04 17:01:37,953 [ERROR] LogOutputStream:75 - [STDERR_REDIRECT] [Fatal Error] :1:1: Premature end of file.
2026-04-04 17:01:37,953 [ERROR] LogOutputStream:75 - [STDERR_REDIRECT] 
2026-04-04 17:01:37,985 [ERROR] LogOutputStream:75 - [STDERR_REDIRECT] [Fatal Error] :1:1: Premature end of file.
2026-04-04 17:01:37,985 [ERROR] LogOutputStream:75 - [STDERR_REDIRECT] 
2026-04-04 17:01:38,017 [ERROR] LogOutputStream:75 - [STDERR_REDIRECT] [Fatal Error] :1:1: Premature end of file.
2026-04-04 17:01:38,017 [ERROR] LogOutputStream:75 - [STDERR_REDIRECT] 
2026-04-04 17:01:38,065 [ERROR] LogOutputStream:75 - [STDERR_REDIRECT] [Fatal Error] :1:1: Premature end of file.
2026-04-04 17:01:38,065 [ERROR] LogOutputStream:75 - [STDERR_REDIRECT] 
2026-04-04 17:01:38,097 [ERROR] LogOutputStream:75 - [STDERR_REDIRECT] [Fatal Error] :1:1: Premature end of file.
2026-04-04 17:01:38,097 [ERROR] LogOutputStream:75 - [STDERR_REDIRECT] 
2026-04-04 17:01:38,129 [ERROR] LogOutputStream:75 - [STDERR_REDIRECT] [Fatal Error] :1:1: Premature end of file.
2026-04-04 17:01:38,129 [ERROR] LogOutputStream:75 - [STDERR_REDIRECT] 
2026-04-04 17:01:38,160 [ERROR] LogOutputStream:75 - [STDERR_REDIRECT] [Fatal Error] :1:1: Premature end of file.
2026-04-04 17:01:38,160 [ERROR] LogOutputStream:75 - [STDERR_REDIRECT] 
2026-04-04 17:01:38,192 [ERROR] LogOutputStream:75 - [STDERR_REDIRECT] [Fatal Error] :1:1: Premature end of file.
2026-04-04 17:01:38,192 [ERROR] LogOutputStream:75 - [STDERR_REDIRECT] 
2026-04-04 17:01:38,220 [ERROR] LogOutputStream:75 - [STDERR_REDIRECT] [Fatal Error] :1:1: Premature end of file.
2026-04-04 17:01:38,220 [ERROR] LogOutputStream:75 - [STDERR_REDIRECT] 
2026-04-04 17:01:38,256 [ERROR] LogOutputStream:75 - [STDERR_REDIRECT] [Fatal Error] :1:1: Premature end of file.
2026-04-04 17:01:38,259 [ERROR] LogOutputStream:75 - [STDERR_REDIRECT] 
2026-04-04 17:01:38,295 [ERROR] LogOutputStream:75 - [STDERR_REDIRECT] [Fatal Error] :1:1: Premature end of file.
2026-04-04 17:01:38,295 [ERROR] LogOutputStream:75 - [STDERR_REDIRECT] 
2026-04-04 17:01:38,319 [ERROR] LogOutputStream:75 - [STDERR_REDIRECT] [Fatal Error] :1:1: Premature end of file.
2026-04-04 17:01:38,319 [ERROR] LogOutputStream:75 - [STDERR_REDIRECT] 
2026-04-04 17:01:38,375 [ERROR] LogOutputStream:75 - [STDERR_REDIRECT] [Fatal Error] :1:1: Premature end of file.
2026-04-04 17:01:38,375 [ERROR] LogOutputStream:75 - [STDERR_REDIRECT] 
2026-04-04 17:01:38,422 [ERROR] LogOutputStream:75 - [STDERR_REDIRECT] [Fatal Error] :1:1: Premature end of file.
2026-04-04 17:01:38,422 [ERROR] LogOutputStream:75 - [STDERR_REDIRECT] 
2026-04-04 17:01:38,470 [ERROR] LogOutputStream:75 - [STDERR_REDIRECT] [Fatal Error] :1:1: Premature end of file.
2026-04-04 17:01:38,470 [ERROR] LogOutputStream:75 - [STDERR_REDIRECT] 
2026-04-04 17:01:38,515 [ERROR] LogOutputStream:75 - [STDERR_REDIRECT] [Fatal Error] :1:1: Premature end of file.
2026-04-04 17:01:38,515 [ERROR] LogOutputStream:75 - [STDERR_REDIRECT] 
2026-04-04 17:01:38,560 [ERROR] LogOutputStream:75 - [STDERR_REDIRECT] [Fatal Error] :1:1: Premature end of file.
2026-04-04 17:01:38,560 [ERROR] LogOutputStream:75 - [STDERR_REDIRECT] 
2026-04-04 17:01:38,611 [ERROR] LogOutputStream:75 - [STDERR_REDIRECT] [Fatal Error] :1:1: Premature end of file.
2026-04-04 17:01:38,611 [ERROR] LogOutputStream:75 - [STDERR_REDIRECT] 
2026-04-04 17:01:38,656 [ERROR] LogOutputStream:75 - [STDERR_REDIRECT] [Fatal Error] :1:1: Premature end of file.
2026-04-04 17:01:38,656 [ERROR] LogOutputStream:75 - [STDERR_REDIRECT] 
2026-04-04 17:01:38,704 [ERROR] LogOutputStream:75 - [STDERR_REDIRECT] [Fatal Error] :1:1: Premature end of file.
2026-04-04 17:01:38,704 [ERROR] LogOutputStream:75 - [STDERR_REDIRECT] 
2026-04-04 17:01:38,750 [ERROR] LogOutputStream:75 - [STDERR_REDIRECT] [Fatal Error] :1:1: Premature end of file.
2026-04-04 17:01:38,750 [ERROR] LogOutputStream:75 - [STDERR_REDIRECT] 
2026-04-04 17:01:38,780 [ERROR] LogOutputStream:75 - [STDERR_REDIRECT] [Fatal Error] :1:1: Premature end of file.
2026-04-04 17:01:38,780 [ERROR] LogOutputStream:75 - [STDERR_REDIRECT] 
2026-04-04 17:01:39,148 [ERROR] LogOutputStream:75 - [STDERR_REDIRECT] [Fatal Error] :1:1: Premature end of file.
2026-04-04 17:01:39,148 [ERROR] LogOutputStream:75 - [STDERR_REDIRECT] 
2026-04-04 17:01:39,487 [ERROR] LogOutputStream:75 - [STDERR_REDIRECT] [Fatal Error] :1:1: Premature end of file.
2026-04-04 17:01:39,487 [ERROR] LogOutputStream:75 - [STDERR_REDIRECT] 
2026-04-04 17:01:39,843 [ERROR] LogOutputStream:75 - [STDERR_REDIRECT] [Fatal Error] :1:1: Premature end of file.
2026-04-04 17:01:39,843 [ERROR] LogOutputStream:75 - [STDERR_REDIRECT] 
2026-04-04 17:01:40,057 [ERROR] LogOutputStream:75 - [STDERR_REDIRECT] [Fatal Error] :1:1: Premature end of file.
2026-04-04 17:01:40,057 [ERROR] LogOutputStream:75 - [STDERR_REDIRECT] 
2026-04-04 17:01:40,482 [ERROR] LogOutputStream:75 - [STDERR_REDIRECT] [Fatal Error] :1:1: Premature end of file.
2026-04-04 17:01:40,482 [ERROR] LogOutputStream:75 - [STDERR_REDIRECT] 
2026-04-04 17:01:40,795 [ERROR] LogOutputStream:75 - [STDERR_REDIRECT] [Fatal Error] :1:1: Premature end of file.
2026-04-04 17:01:40,795 [ERROR] LogOutputStream:75 - [STDERR_REDIRECT] 
2026-04-04 17:01:41,274 [ERROR] LogOutputStream:75 - [STDERR_REDIRECT] [Fatal Error] :1:1: Premature end of file.
2026-04-04 17:01:41,274 [ERROR] LogOutputStream:75 - [STDERR_REDIRECT] 
2026-04-04 17:01:41,455 [ERROR] LogOutputStream:75 - [STDERR_REDIRECT] [Fatal Error] :1:1: Premature end of file.
2026-04-04 17:01:41,456 [ERROR] LogOutputStream:75 - [STDERR_REDIRECT] 
2026-04-04 17:01:41,573 [ERROR] LogOutputStream:75 - [STDERR_REDIRECT] [Fatal Error] :1:1: Premature end of file.
2026-04-04 17:01:41,573 [ERROR] LogOutputStream:75 - [STDERR_REDIRECT] 
2026-04-04 17:01:41,693 [ERROR] LogOutputStream:75 - [STDERR_REDIRECT] [Fatal Error] :1:1: Premature end of file.
2026-04-04 17:01:41,696 [ERROR] LogOutputStream:75 - [STDERR_REDIRECT] 
2026-04-04 17:01:41,808 [ERROR] LogOutputStream:75 - [STDERR_REDIRECT] [Fatal Error] :1:1: Premature end of file.
2026-04-04 17:01:41,808 [ERROR] LogOutputStream:75 - [STDERR_REDIRECT] 
2026-04-04 17:01:41,918 [ERROR] LogOutputStream:75 - [STDERR_REDIRECT] [Fatal Error] :1:1: Premature end of file.
2026-04-04 17:01:41,918 [ERROR] LogOutputStream:75 - [STDERR_REDIRECT] 
2026-04-04 17:01:42,045 [ERROR] LogOutputStream:75 - [STDERR_REDIRECT] [Fatal Error] :1:1: Premature end of file.
2026-04-04 17:01:42,045 [ERROR] LogOutputStream:75 - [STDERR_REDIRECT] 
2026-04-04 17:01:42,145 [ERROR] LogOutputStream:75 - [STDERR_REDIRECT] [Fatal Error] :1:1: Premature end of file.
2026-04-04 17:01:42,145 [ERROR] LogOutputStream:75 - [STDERR_REDIRECT] 
2026-04-04 17:01:42,240 [ERROR] LogOutputStream:75 - [STDERR_REDIRECT] [Fatal Error] :1:1: Premature end of file.
2026-04-04 17:01:42,242 [ERROR] LogOutputStream:75 - [STDERR_REDIRECT] 
2026-04-04 17:01:42,337 [ERROR] LogOutputStream:75 - [STDERR_REDIRECT] [Fatal Error] :1:1: Premature end of file.
2026-04-04 17:01:42,338 [ERROR] LogOutputStream:75 - [STDERR_REDIRECT] 
2026-04-04 17:01:42,426 [ERROR] LogOutputStream:75 - [STDERR_REDIRECT] [Fatal Error] :1:1: Premature end of file.
2026-04-04 17:01:42,426 [ERROR] LogOutputStream:75 - [STDERR_REDIRECT] 
2026-04-04 17:01:42,529 [ERROR] LogOutputStream:75 - [STDERR_REDIRECT] [Fatal Error] :1:1: Premature end of file.
2026-04-04 17:01:42,529 [ERROR] LogOutputStream:75 - [STDERR_REDIRECT] 
2026-04-04 17:01:42,633 [ERROR] LogOutputStream:75 - [STDERR_REDIRECT] [Fatal Error] :1:1: Premature end of file.
2026-04-04 17:01:42,637 [ERROR] LogOutputStream:75 - [STDERR_REDIRECT] 
2026-04-04 17:01:42,716 [ERROR] LogOutputStream:75 - [STDERR_REDIRECT] [Fatal Error] :1:1: Premature end of file.
2026-04-04 17:01:42,716 [ERROR] LogOutputStream:75 - [STDERR_REDIRECT] 
2026-04-04 17:01:42,795 [ERROR] LogOutputStream:75 - [STDERR_REDIRECT] [Fatal Error] :1:1: Premature end of file.
2026-04-04 17:01:42,796 [ERROR] LogOutputStream:75 - [STDERR_REDIRECT] 
2026-04-04 17:01:43,296 [ERROR] LogOutputStream:75 - [STDERR_REDIRECT] [Fatal Error] :1:1: Premature end of file.
2026-04-04 17:01:43,298 [ERROR] LogOutputStream:75 - [STDERR_REDIRECT] 
2026-04-04 17:01:43,578 [ERROR] LogOutputStream:75 - [STDERR_REDIRECT] [Fatal Error] :1:1: Premature end of file.
2026-04-04 17:01:43,581 [ERROR] LogOutputStream:75 - [STDERR_REDIRECT] 
2026-04-04 17:01:43,835 [ERROR] LogOutputStream:75 - [STDERR_REDIRECT] [Fatal Error] :1:1: Premature end of file.
2026-04-04 17:01:43,835 [ERROR] LogOutputStream:75 - [STDERR_REDIRECT] 
2026-04-04 17:01:43,955 [ERROR] LogOutputStream:75 - [STDERR_REDIRECT] [Fatal Error] :1:1: Premature end of file.
2026-04-04 17:01:43,955 [ERROR] LogOutputStream:75 - [STDERR_REDIRECT] 
2026-04-04 17:01:44,036 [ERROR] LogOutputStream:75 - [STDERR_REDIRECT] [Fatal Error] :1:1: Premature end of file.
2026-04-04 17:01:44,037 [ERROR] LogOutputStream:75 - [STDERR_REDIRECT] 
2026-04-04 17:01:44,098 [ERROR] LogOutputStream:75 - [STDERR_REDIRECT] [Fatal Error] :1:1: Premature end of file.
2026-04-04 17:01:44,100 [ERROR] LogOutputStream:75 - [STDERR_REDIRECT] 
2026-04-04 17:01:44,183 [ERROR] LogOutputStream:75 - [STDERR_REDIRECT] [Fatal Error] :1:1: Premature end of file.
2026-04-04 17:01:44,183 [ERROR] LogOutputStream:75 - [STDERR_REDIRECT] 
2026-04-04 17:01:44,276 [ERROR] LogOutputStream:75 - [STDERR_REDIRECT] [Fatal Error] :1:1: Premature end of file.
2026-04-04 17:01:44,276 [ERROR] LogOutputStream:75 - [STDERR_REDIRECT] 
2026-04-04 17:01:44,768 [ERROR] LogOutputStream:75 - [STDERR_REDIRECT] [Fatal Error] :1:1: Premature end of file.
2026-04-04 17:01:44,768 [ERROR] LogOutputStream:75 - [STDERR_REDIRECT] 
2026-04-04 17:01:45,713 [ERROR] LogOutputStream:75 - [STDERR_REDIRECT] [Fatal Error] :1:1: Premature end of file.
2026-04-04 17:01:45,713 [ERROR] LogOutputStream:75 - [STDERR_REDIRECT] 
2026-04-04 17:01:46,711 [ERROR] LogOutputStream:75 - [STDERR_REDIRECT] [Fatal Error] :1:1: Premature end of file.
2026-04-04 17:01:46,711 [ERROR] LogOutputStream:75 - [STDERR_REDIRECT] 
2026-04-04 17:01:47,739 [ERROR] LogOutputStream:75 - [STDERR_REDIRECT] [Fatal Error] :1:1: Premature end of file.
2026-04-04 17:01:47,740 [ERROR] LogOutputStream:75 - [STDERR_REDIRECT] 
2026-04-04 17:01:48,707 [ERROR] LogOutputStream:75 - [STDERR_REDIRECT] [Fatal Error] :1:1: Premature end of file.
2026-04-04 17:01:48,707 [ERROR] LogOutputStream:75 - [STDERR_REDIRECT] 
2026-04-04 17:01:49,837 [ERROR] LogOutputStream:75 - [STDERR_REDIRECT] [Fatal Error] :1:1: Premature end of file.
2026-04-04 17:01:49,837 [ERROR] LogOutputStream:75 - [STDERR_REDIRECT] 
2026-04-04 17:01:50,742 [ERROR] LogOutputStream:75 - [STDERR_REDIRECT] [Fatal Error] :1:1: Premature end of file.
2026-04-04 17:01:50,742 [ERROR] LogOutputStream:75 - [STDERR_REDIRECT] 
2026-04-04 17:01:51,821 [ERROR] LogOutputStream:75 - [STDERR_REDIRECT] [Fatal Error] :1:1: Premature end of file.
2026-04-04 17:01:51,822 [ERROR] LogOutputStream:75 - [STDERR_REDIRECT] 
2026-04-04 17:01:52,688 [ERROR] LogOutputStream:75 - [STDERR_REDIRECT] [Fatal Error] :1:1: Premature end of file.
2026-04-04 17:01:52,688 [ERROR] LogOutputStream:75 - [STDERR_REDIRECT] 
2026-04-04 17:01:55,758 [ERROR] LogOutputStream:75 - [STDERR_REDIRECT] [Fatal Error] :1:1: Premature end of file.
2026-04-04 17:01:55,758 [ERROR] LogOutputStream:75 - [STDERR_REDIRECT] 
2026-04-04 17:01:55,830 [ERROR] LogOutputStream:75 - [STDERR_REDIRECT] [Fatal Error] :1:1: Premature end of file.
2026-04-04 17:01:55,830 [ERROR] LogOutputStream:75 - [STDERR_REDIRECT] 
2026-04-04 17:01:55,911 [ERROR] LogOutputStream:75 - [STDERR_REDIRECT] [Fatal Error] :1:1: Premature end of file.
2026-04-04 17:01:55,911 [ERROR] LogOutputStream:75 - [STDERR_REDIRECT] 
2026-04-04 17:01:57,234 [ERROR] LogOutputStream:75 - [STDERR_REDIRECT] [Fatal Error] :1:1: Premature end of file.
2026-04-04 17:01:57,234 [ERROR] LogOutputStream:75 - [STDERR_REDIRECT] 
2026-04-04 17:01:57,681 [ERROR] LogOutputStream:75 - [STDERR_REDIRECT] [Fatal Error] :1:1: Premature end of file.
2026-04-04 17:01:57,684 [ERROR] LogOutputStream:75 - [STDERR_REDIRECT] 
2026-04-04 17:01:58,728 [ERROR] LogOutputStream:75 - [STDERR_REDIRECT] [Fatal Error] :1:1: Premature end of file.
2026-04-04 17:01:58,728 [ERROR] LogOutputStream:75 - [STDERR_REDIRECT] 
2026-04-04 17:01:59,710 [ERROR] LogOutputStream:75 - [STDERR_REDIRECT] [Fatal Error] :1:1: Premature end of file.
2026-04-04 17:01:59,710 [ERROR] LogOutputStream:75 - [STDERR_REDIRECT] 
2026-04-04 17:02:00,679 [ERROR] LogOutputStream:75 - [STDERR_REDIRECT] [Fatal Error] :1:1: Premature end of file.
2026-04-04 17:02:00,679 [ERROR] LogOutputStream:75 - [STDERR_REDIRECT] 
2026-04-04 17:02:01,691 [ERROR] LogOutputStream:75 - [STDERR_REDIRECT] [Fatal Error] :1:1: Premature end of file.
2026-04-04 17:02:01,692 [ERROR] LogOutputStream:75 - [STDERR_REDIRECT] 
2026-04-04 17:02:02,687 [ERROR] LogOutputStream:75 - [STDERR_REDIRECT] [Fatal Error] :1:1: Premature end of file.
2026-04-04 17:02:02,688 [ERROR] LogOutputStream:75 - [STDERR_REDIRECT] 
2026-04-04 17:02:03,676 [ERROR] LogOutputStream:75 - [STDERR_REDIRECT] [Fatal Error] :1:1: Premature end of file.
2026-04-04 17:02:03,677 [ERROR] LogOutputStream:75 - [STDERR_REDIRECT] 
2026-04-04 17:02:04,685 [ERROR] LogOutputStream:75 - [STDERR_REDIRECT] [Fatal Error] :1:1: Premature end of file.
2026-04-04 17:02:04,685 [ERROR] LogOutputStream:75 - [STDERR_REDIRECT] 
2026-04-04 17:02:05,675 [ERROR] LogOutputStream:75 - [STDERR_REDIRECT] [Fatal Error] :1:1: Premature end of file.
2026-04-04 17:02:05,675 [ERROR] LogOutputStream:75 - [STDERR_REDIRECT] 
2026-04-04 17:02:06,783 [ERROR] LogOutputStream:75 - [STDERR_REDIRECT] [Fatal Error] :1:1: Premature end of file.
2026-04-04 17:02:06,783 [ERROR] LogOutputStream:75 - [STDERR_REDIRECT] 
2026-04-04 17:02:07,747 [ERROR] LogOutputStream:75 - [STDERR_REDIRECT] [Fatal Error] :1:1: Premature end of file.
2026-04-04 17:02:07,747 [ERROR] LogOutputStream:75 - [STDERR_REDIRECT] 
2026-04-04 17:02:08,701 [ERROR] LogOutputStream:75 - [STDERR_REDIRECT] [Fatal Error] :1:1: Premature end of file.
2026-04-04 17:02:08,702 [ERROR] LogOutputStream:75 - [STDERR_REDIRECT] 
2026-04-04 17:02:09,663 [ERROR] LogOutputStream:75 - [STDERR_REDIRECT] [Fatal Error] :1:1: Premature end of file.
2026-04-04 17:02:09,664 [ERROR] LogOutputStream:75 - [STDERR_REDIRECT] 
2026-04-04 17:02:10,719 [ERROR] LogOutputStream:75 - [STDERR_REDIRECT] [Fatal Error] :1:1: Premature end of file.
2026-04-04 17:02:10,719 [ERROR] LogOutputStream:75 - [STDERR_REDIRECT] 
2026-04-04 17:02:11,738 [ERROR] LogOutputStream:75 - [STDERR_REDIRECT] [Fatal Error] :1:1: Premature end of file.
2026-04-04 17:02:11,738 [ERROR] LogOutputStream:75 - [STDERR_REDIRECT] 
2026-04-04 17:02:12,676 [ERROR] LogOutputStream:75 - [STDERR_REDIRECT] [Fatal Error] :1:1: Premature end of file.
2026-04-04 17:02:12,676 [ERROR] LogOutputStream:75 - [STDERR_REDIRECT] 
2026-04-04 17:02:13,683 [ERROR] LogOutputStream:75 - [STDERR_REDIRECT] [Fatal Error] :1:1: Premature end of file.
2026-04-04 17:02:13,683 [ERROR] LogOutputStream:75 - [STDERR_REDIRECT] 
2026-04-04 17:02:14,684 [ERROR] LogOutputStream:75 - [STDERR_REDIRECT] [Fatal Error] :1:1: Premature end of file.
2026-04-04 17:02:14,684 [ERROR] LogOutputStream:75 - [STDERR_REDIRECT] 
2026-04-04 17:02:15,695 [ERROR] LogOutputStream:75 - [STDERR_REDIRECT] [Fatal Error] :1:1: Premature end of file.
2026-04-04 17:02:15,696 [ERROR] LogOutputStream:75 - [STDERR_REDIRECT] 
2026-04-04 17:02:16,767 [ERROR] LogOutputStream:75 - [STDERR_REDIRECT] [Fatal Error] :1:1: Premature end of file.
2026-04-04 17:02:16,767 [ERROR] LogOutputStream:75 - [STDERR_REDIRECT] 
2026-04-04 17:02:17,723 [ERROR] LogOutputStream:75 - [STDERR_REDIRECT] [Fatal Error] :1:1: Premature end of file.
2026-04-04 17:02:17,723 [ERROR] LogOutputStream:75 - [STDERR_REDIRECT] 
2026-04-04 17:02:18,684 [ERROR] LogOutputStream:75 - [STDERR_REDIRECT] [Fatal Error] :1:1: Premature end of file.
2026-04-04 17:02:18,684 [ERROR] LogOutputStream:75 - [STDERR_REDIRECT] 
2026-04-04 17:02:19,704 [ERROR] LogOutputStream:75 - [STDERR_REDIRECT] [Fatal Error] :1:1: Premature end of file.
2026-04-04 17:02:19,705 [ERROR] LogOutputStream:75 - [STDERR_REDIRECT] 
2026-04-04 17:02:20,680 [ERROR] LogOutputStream:75 - [STDERR_REDIRECT] [Fatal Error] :1:1: Premature end of file.
2026-04-04 17:02:20,680 [ERROR] LogOutputStream:75 - [STDERR_REDIRECT] 
2026-04-04 17:02:21,745 [ERROR] LogOutputStream:75 - [STDERR_REDIRECT] [Fatal Error] :1:1: Premature end of file.
2026-04-04 17:02:21,745 [ERROR] LogOutputStream:75 - [STDERR_REDIRECT] 
2026-04-04 17:02:22,690 [ERROR] LogOutputStream:75 - [STDERR_REDIRECT] [Fatal Error] :1:1: Premature end of file.
2026-04-04 17:02:22,690 [ERROR] LogOutputStream:75 - [STDERR_REDIRECT] 
2026-04-04 17:02:23,659 [ERROR] LogOutputStream:75 - [STDERR_REDIRECT] [Fatal Error] :1:1: Premature end of file.
2026-04-04 17:02:23,659 [ERROR] LogOutputStream:75 - [STDERR_REDIRECT] 
2026-04-04 17:02:24,681 [ERROR] LogOutputStream:75 - [STDERR_REDIRECT] [Fatal Error] :1:1: Premature end of file.
2026-04-04 17:02:24,681 [ERROR] LogOutputStream:75 - [STDERR_REDIRECT] 
2026-04-04 17:02:25,678 [ERROR] LogOutputStream:75 - [STDERR_REDIRECT] [Fatal Error] :1:1: Premature end of file.
2026-04-04 17:02:25,678 [ERROR] LogOutputStream:75 - [STDERR_REDIRECT] 
2026-04-04 17:02:26,686 [ERROR] LogOutputStream:75 - [STDERR_REDIRECT] [Fatal Error] :1:1: Premature end of file.
2026-04-04 17:02:26,687 [ERROR] LogOutputStream:75 - [STDERR_REDIRECT] 
2026-04-04 17:02:27,686 [ERROR] LogOutputStream:75 - [STDERR_REDIRECT] [Fatal Error] :1:1: Premature end of file.
2026-04-04 17:02:27,686 [ERROR] LogOutputStream:75 - [STDERR_REDIRECT] 
2026-04-04 17:02:28,674 [ERROR] LogOutputStream:75 - [STDERR_REDIRECT] [Fatal Error] :1:1: Premature end of file.
2026-04-04 17:02:28,675 [ERROR] LogOutputStream:75 - [STDERR_REDIRECT] 
2026-04-04 17:02:29,673 [ERROR] LogOutputStream:75 - [STDERR_REDIRECT] [Fatal Error] :1:1: Premature end of file.
2026-04-04 17:02:29,673 [ERROR] LogOutputStream:75 - [STDERR_REDIRECT] 
2026-04-04 17:02:30,683 [ERROR] LogOutputStream:75 - [STDERR_REDIRECT] [Fatal Error] :1:1: Premature end of file.
2026-04-04 17:02:30,683 [ERROR] LogOutputStream:75 - [STDERR_REDIRECT] 
2026-04-04 17:02:31,691 [ERROR] LogOutputStream:75 - [STDERR_REDIRECT] [Fatal Error] :1:1: Premature end of file.
2026-04-04 17:02:31,691 [ERROR] LogOutputStream:75 - [STDERR_REDIRECT] 
2026-04-04 17:02:32,687 [ERROR] LogOutputStream:75 - [STDERR_REDIRECT] [Fatal Error] :1:1: Premature end of file.
2026-04-04 17:02:32,688 [ERROR] LogOutputStream:75 - [STDERR_REDIRECT] 
2026-04-04 17:02:33,690 [ERROR] LogOutputStream:75 - [STDERR_REDIRECT] [Fatal Error] :1:1: Premature end of file.
2026-04-04 17:02:33,691 [ERROR] LogOutputStream:75 - [STDERR_REDIRECT] 
2026-04-04 17:02:34,701 [ERROR] LogOutputStream:75 - [STDERR_REDIRECT] [Fatal Error] :1:1: Premature end of file.
2026-04-04 17:02:34,701 [ERROR] LogOutputStream:75 - [STDERR_REDIRECT] 
2026-04-04 17:02:35,699 [ERROR] LogOutputStream:75 - [STDERR_REDIRECT] [Fatal Error] :1:1: Premature end of file.
2026-04-04 17:02:35,700 [ERROR] LogOutputStream:75 - [STDERR_REDIRECT] 
2026-04-04 17:02:36,687 [ERROR] LogOutputStream:75 - [STDERR_REDIRECT] [Fatal Error] :1:1: Premature end of file.
2026-04-04 17:02:36,687 [ERROR] LogOutputStream:75 - [STDERR_REDIRECT] 
2026-04-04 17:02:37,698 [ERROR] LogOutputStream:75 - [STDERR_REDIRECT] [Fatal Error] :1:1: Premature end of file.
2026-04-04 17:02:37,699 [ERROR] LogOutputStream:75 - [STDERR_REDIRECT] 
2026-04-04 17:02:38,703 [ERROR] LogOutputStream:75 - [STDERR_REDIRECT] [Fatal Error] :1:1: Premature end of file.
2026-04-04 17:02:38,703 [ERROR] LogOutputStream:75 - [STDERR_REDIRECT] 
2026-04-04 17:02:39,684 [ERROR] LogOutputStream:75 - [STDERR_REDIRECT] [Fatal Error] :1:1: Premature end of file.
2026-04-04 17:02:39,685 [ERROR] LogOutputStream:75 - [STDERR_REDIRECT] 
2026-04-04 17:02:40,686 [ERROR] LogOutputStream:75 - [STDERR_REDIRECT] [Fatal Error] :1:1: Premature end of file.
2026-04-04 17:02:40,686 [ERROR] LogOutputStream:75 - [STDERR_REDIRECT] 
2026-04-04 17:02:41,685 [ERROR] LogOutputStream:75 - [STDERR_REDIRECT] [Fatal Error] :1:1: Premature end of file.
2026-04-04 17:02:41,686 [ERROR] LogOutputStream:75 - [STDERR_REDIRECT] 
2026-04-04 17:02:42,685 [ERROR] LogOutputStream:75 - [STDERR_REDIRECT] [Fatal Error] :1:1: Premature end of file.
2026-04-04 17:02:42,686 [ERROR] LogOutputStream:75 - [STDERR_REDIRECT] 
2026-04-04 17:02:43,687 [ERROR] LogOutputStream:75 - [STDERR_REDIRECT] [Fatal Error] :1:1: Premature end of file.
2026-04-04 17:02:43,687 [ERROR] LogOutputStream:75 - [STDERR_REDIRECT] 
2026-04-04 17:02:44,686 [ERROR] LogOutputStream:75 - [STDERR_REDIRECT] [Fatal Error] :1:1: Premature end of file.
2026-04-04 17:02:44,686 [ERROR] LogOutputStream:75 - [STDERR_REDIRECT] 
2026-04-04 17:02:45,693 [ERROR] LogOutputStream:75 - [STDERR_REDIRECT] [Fatal Error] :1:1: Premature end of file.
2026-04-04 17:02:45,693 [ERROR] LogOutputStream:75 - [STDERR_REDIRECT] 
2026-04-04 17:02:46,692 [ERROR] LogOutputStream:75 - [STDERR_REDIRECT] [Fatal Error] :1:1: Premature end of file.
2026-04-04 17:02:46,693 [ERROR] LogOutputStream:75 - [STDERR_REDIRECT] 
2026-04-04 17:02:47,700 [ERROR] LogOutputStream:75 - [STDERR_REDIRECT] [Fatal Error] :1:1: Premature end of file.
2026-04-04 17:02:47,700 [ERROR] LogOutputStream:75 - [STDERR_REDIRECT] 
2026-04-04 17:02:48,686 [ERROR] LogOutputStream:75 - [STDERR_REDIRECT] [Fatal Error] :1:1: Premature end of file.
2026-04-04 17:02:48,687 [ERROR] LogOutputStream:75 - [STDERR_REDIRECT] 
2026-04-04 17:02:49,693 [ERROR] LogOutputStream:75 - [STDERR_REDIRECT] [Fatal Error] :1:1: Premature end of file.
2026-04-04 17:02:49,693 [ERROR] LogOutputStream:75 - [STDERR_REDIRECT] 
2026-04-04 17:02:50,686 [ERROR] LogOutputStream:75 - [STDERR_REDIRECT] [Fatal Error] :1:1: Premature end of file.
2026-04-04 17:02:50,686 [ERROR] LogOutputStream:75 - [STDERR_REDIRECT] 
2026-04-04 17:02:51,693 [ERROR] LogOutputStream:75 - [STDERR_REDIRECT] [Fatal Error] :1:1: Premature end of file.
2026-04-04 17:02:51,694 [ERROR] LogOutputStream:75 - [STDERR_REDIRECT] 
2026-04-04 17:02:52,696 [ERROR] LogOutputStream:75 - [STDERR_REDIRECT] [Fatal Error] :1:1: Premature end of file.
2026-04-04 17:02:52,696 [ERROR] LogOutputStream:75 - [STDERR_REDIRECT] 
2026-04-04 17:02:53,696 [ERROR] LogOutputStream:75 - [STDERR_REDIRECT] [Fatal Error] :1:1: Premature end of file.
2026-04-04 17:02:53,696 [ERROR] LogOutputStream:75 - [STDERR_REDIRECT] 
2026-04-04 17:02:54,692 [ERROR] LogOutputStream:75 - [STDERR_REDIRECT] [Fatal Error] :1:1: Premature end of file.
2026-04-04 17:02:54,693 [ERROR] LogOutputStream:75 - [STDERR_REDIRECT] 
2026-04-04 17:02:55,693 [ERROR] LogOutputStream:75 - [STDERR_REDIRECT] [Fatal Error] :1:1: Premature end of file.
2026-04-04 17:02:55,693 [ERROR] LogOutputStream:75 - [STDERR_REDIRECT] 
2026-04-04 17:02:56,683 [ERROR] LogOutputStream:75 - [STDERR_REDIRECT] [Fatal Error] :1:1: Premature end of file.
2026-04-04 17:02:56,684 [ERROR] LogOutputStream:75 - [STDERR_REDIRECT] 
2026-04-04 17:02:57,685 [ERROR] LogOutputStream:75 - [STDERR_REDIRECT] [Fatal Error] :1:1: Premature end of file.
2026-04-04 17:02:57,685 [ERROR] LogOutputStream:75 - [STDERR_REDIRECT] 
2026-04-04 17:02:58,687 [ERROR] LogOutputStream:75 - [STDERR_REDIRECT] [Fatal Error] :1:1: Premature end of file.
2026-04-04 17:02:58,687 [ERROR] LogOutputStream:75 - [STDERR_REDIRECT] 
2026-04-04 17:02:59,684 [ERROR] LogOutputStream:75 - [STDERR_REDIRECT] [Fatal Error] :1:1: Premature end of file.
2026-04-04 17:02:59,685 [ERROR] LogOutputStream:75 - [STDERR_REDIRECT] 
2026-04-04 17:03:00,693 [ERROR] LogOutputStream:75 - [STDERR_REDIRECT] [Fatal Error] :1:1: Premature end of file.
2026-04-04 17:03:00,693 [ERROR] LogOutputStream:75 - [STDERR_REDIRECT] 
2026-04-04 17:03:01,683 [ERROR] LogOutputStream:75 - [STDERR_REDIRECT] [Fatal Error] :1:1: Premature end of file.
2026-04-04 17:03:01,683 [ERROR] LogOutputStream:75 - [STDERR_REDIRECT] 
2026-04-04 17:03:02,684 [ERROR] LogOutputStream:75 - [STDERR_REDIRECT] [Fatal Error] :1:1: Premature end of file.
2026-04-04 17:03:02,685 [ERROR] LogOutputStream:75 - [STDERR_REDIRECT] 
2026-04-04 17:03:03,682 [ERROR] LogOutputStream:75 - [STDERR_REDIRECT] [Fatal Error] :1:1: Premature end of file.
2026-04-04 17:03:03,682 [ERROR] LogOutputStream:75 - [STDERR_REDIRECT] 
2026-04-04 17:03:04,682 [ERROR] LogOutputStream:75 - [STDERR_REDIRECT] [Fatal Error] :1:1: Premature end of file.
2026-04-04 17:03:04,682 [ERROR] LogOutputStream:75 - [STDERR_REDIRECT] 
2026-04-04 17:03:05,692 [ERROR] LogOutputStream:75 - [STDERR_REDIRECT] [Fatal Error] :1:1: Premature end of file.
2026-04-04 17:03:05,692 [ERROR] LogOutputStream:75 - [STDERR_REDIRECT] 
2026-04-04 17:03:06,691 [ERROR] LogOutputStream:75 - [STDERR_REDIRECT] [Fatal Error] :1:1: Premature end of file.
2026-04-04 17:03:06,691 [ERROR] LogOutputStream:75 - [STDERR_REDIRECT] 
2026-04-04 17:03:07,693 [ERROR] LogOutputStream:75 - [STDERR_REDIRECT] [Fatal Error] :1:1: Premature end of file.
2026-04-04 17:03:07,693 [ERROR] LogOutputStream:75 - [STDERR_REDIRECT] 
2026-04-04 17:03:08,681 [ERROR] LogOutputStream:75 - [STDERR_REDIRECT] [Fatal Error] :1:1: Premature end of file.
2026-04-04 17:03:08,681 [ERROR] LogOutputStream:75 - [STDERR_REDIRECT] 
2026-04-04 17:03:09,707 [ERROR] LogOutputStream:75 - [STDERR_REDIRECT] [Fatal Error] :1:1: Premature end of file.
2026-04-04 17:03:09,707 [ERROR] LogOutputStream:75 - [STDERR_REDIRECT] 
2026-04-04 17:03:10,704 [ERROR] LogOutputStream:75 - [STDERR_REDIRECT] [Fatal Error] :1:1: Premature end of file.
2026-04-04 17:03:10,704 [ERROR] LogOutputStream:75 - [STDERR_REDIRECT] 
2026-04-04 17:03:11,707 [ERROR] LogOutputStream:75 - [STDERR_REDIRECT] [Fatal Error] :1:1: Premature end of file.
2026-04-04 17:03:11,708 [ERROR] LogOutputStream:75 - [STDERR_REDIRECT] 
2026-04-04 17:03:12,715 [ERROR] LogOutputStream:75 - [STDERR_REDIRECT] [Fatal Error] :1:1: Premature end of file.
2026-04-04 17:03:12,715 [ERROR] LogOutputStream:75 - [STDERR_REDIRECT] 
2026-04-04 17:03:13,683 [ERROR] LogOutputStream:75 - [STDERR_REDIRECT] [Fatal Error] :1:1: Premature end of file.
2026-04-04 17:03:13,683 [ERROR] LogOutputStream:75 - [STDERR_REDIRECT] 
2026-04-04 17:03:14,690 [ERROR] LogOutputStream:75 - [STDERR_REDIRECT] [Fatal Error] :1:1: Premature end of file.
2026-04-04 17:03:14,690 [ERROR] LogOutputStream:75 - [STDERR_REDIRECT] 
2026-04-04 17:03:15,703 [ERROR] LogOutputStream:75 - [STDERR_REDIRECT] [Fatal Error] :1:1: Premature end of file.
2026-04-04 17:03:15,703 [ERROR] LogOutputStream:75 - [STDERR_REDIRECT] 
2026-04-04 17:03:16,697 [ERROR] LogOutputStream:75 - [STDERR_REDIRECT] [Fatal Error] :1:1: Premature end of file.
2026-04-04 17:03:16,698 [ERROR] LogOutputStream:75 - [STDERR_REDIRECT] 
2026-04-04 17:03:17,694 [ERROR] LogOutputStream:75 - [STDERR_REDIRECT] [Fatal Error] :1:1: Premature end of file.
2026-04-04 17:03:17,694 [ERROR] LogOutputStream:75 - [STDERR_REDIRECT] 
2026-04-04 17:03:18,701 [ERROR] LogOutputStream:75 - [STDERR_REDIRECT] [Fatal Error] :1:1: Premature end of file.
2026-04-04 17:03:18,701 [ERROR] LogOutputStream:75 - [STDERR_REDIRECT] 
2026-04-04 17:03:19,708 [ERROR] LogOutputStream:75 - [STDERR_REDIRECT] [Fatal Error] :1:1: Premature end of file.
2026-04-04 17:03:19,708 [ERROR] LogOutputStream:75 - [STDERR_REDIRECT] 
2026-04-04 17:03:20,875 [ERROR] LogOutputStream:75 - [STDERR_REDIRECT] [Fatal Error] :1:1: Premature end of file.
2026-04-04 17:03:20,875 [ERROR] LogOutputStream:75 - [STDERR_REDIRECT] 
2026-04-04 17:03:21,715 [ERROR] LogOutputStream:75 - [STDERR_REDIRECT] [Fatal Error] :1:1: Premature end of file.
2026-04-04 17:03:21,715 [ERROR] LogOutputStream:75 - [STDERR_REDIRECT] 
2026-04-04 17:03:22,695 [ERROR] LogOutputStream:75 - [STDERR_REDIRECT] [Fatal Error] :1:1: Premature end of file.
2026-04-04 17:03:22,701 [ERROR] LogOutputStream:75 - [STDERR_REDIRECT] 
2026-04-04 17:03:23,714 [ERROR] LogOutputStream:75 - [STDERR_REDIRECT] [Fatal Error] :1:1: Premature end of file.
2026-04-04 17:03:23,716 [ERROR] LogOutputStream:75 - [STDERR_REDIRECT] 
2026-04-04 17:03:24,700 [ERROR] LogOutputStream:75 - [STDERR_REDIRECT] [Fatal Error] :1:1: Premature end of file.
2026-04-04 17:03:24,701 [ERROR] LogOutputStream:75 - [STDERR_REDIRECT] 
2026-04-04 17:03:25,709 [ERROR] LogOutputStream:75 - [STDERR_REDIRECT] [Fatal Error] :1:1: Premature end of file.
2026-04-04 17:03:25,709 [ERROR] LogOutputStream:75 - [STDERR_REDIRECT] 
2026-04-04 17:03:26,702 [ERROR] LogOutputStream:75 - [STDERR_REDIRECT] [Fatal Error] :1:1: Premature end of file.
2026-04-04 17:03:26,702 [ERROR] LogOutputStream:75 - [STDERR_REDIRECT] 
2026-04-04 17:03:27,707 [ERROR] LogOutputStream:75 - [STDERR_REDIRECT] [Fatal Error] :1:1: Premature end of file.
2026-04-04 17:03:27,708 [ERROR] LogOutputStream:75 - [STDERR_REDIRECT] 
2026-04-04 17:03:28,702 [ERROR] LogOutputStream:75 - [STDERR_REDIRECT] [Fatal Error] :1:1: Premature end of file.
2026-04-04 17:03:28,702 [ERROR] LogOutputStream:75 - [STDERR_REDIRECT] 
2026-04-04 17:03:29,687 [ERROR] LogOutputStream:75 - [STDERR_REDIRECT] [Fatal Error] :1:1: Premature end of file.
2026-04-04 17:03:29,687 [ERROR] LogOutputStream:75 - [STDERR_REDIRECT] 
2026-04-04 17:03:30,699 [ERROR] LogOutputStream:75 - [STDERR_REDIRECT] [Fatal Error] :1:1: Premature end of file.
2026-04-04 17:03:30,699 [ERROR] LogOutputStream:75 - [STDERR_REDIRECT] 
2026-04-04 17:03:31,701 [ERROR] LogOutputStream:75 - [STDERR_REDIRECT] [Fatal Error] :1:1: Premature end of file.
2026-04-04 17:03:31,701 [ERROR] LogOutputStream:75 - [STDERR_REDIRECT] 
2026-04-04 17:03:32,694 [ERROR] LogOutputStream:75 - [STDERR_REDIRECT] [Fatal Error] :1:1: Premature end of file.
2026-04-04 17:03:32,694 [ERROR] LogOutputStream:75 - [STDERR_REDIRECT] 
2026-04-04 17:03:33,701 [ERROR] LogOutputStream:75 - [STDERR_REDIRECT] [Fatal Error] :1:1: Premature end of file.
2026-04-04 17:03:33,701 [ERROR] LogOutputStream:75 - [STDERR_REDIRECT] 
2026-04-04 17:03:34,694 [ERROR] LogOutputStream:75 - [STDERR_REDIRECT] [Fatal Error] :1:1: Premature end of file.
2026-04-04 17:03:34,694 [ERROR] LogOutputStream:75 - [STDERR_REDIRECT] 
2026-04-04 17:03:35,695 [ERROR] LogOutputStream:75 - [STDERR_REDIRECT] [Fatal Error] :1:1: Premature end of file.
2026-04-04 17:03:35,701 [ERROR] LogOutputStream:75 - [STDERR_REDIRECT] 
2026-04-04 17:03:36,707 [ERROR] LogOutputStream:75 - [STDERR_REDIRECT] [Fatal Error] :1:1: Premature end of file.
2026-04-04 17:03:36,708 [ERROR] LogOutputStream:75 - [STDERR_REDIRECT] 
2026-04-04 17:03:37,729 [ERROR] LogOutputStream:75 - [STDERR_REDIRECT] [Fatal Error] :1:1: Premature end of file.
2026-04-04 17:03:37,729 [ERROR] LogOutputStream:75 - [STDERR_REDIRECT] 
2026-04-04 17:03:38,701 [ERROR] LogOutputStream:75 - [STDERR_REDIRECT] [Fatal Error] :1:1: Premature end of file.
2026-04-04 17:03:38,701 [ERROR] LogOutputStream:75 - [STDERR_REDIRECT] 
2026-04-04 17:03:39,687 [ERROR] LogOutputStream:75 - [STDERR_REDIRECT] [Fatal Error] :1:1: Premature end of file.
2026-04-04 17:03:39,687 [ERROR] LogOutputStream:75 - [STDERR_REDIRECT] 
2026-04-04 17:03:40,708 [ERROR] LogOutputStream:75 - [STDERR_REDIRECT] [Fatal Error] :1:1: Premature end of file.
2026-04-04 17:03:40,708 [ERROR] LogOutputStream:75 - [STDERR_REDIRECT] 
2026-04-04 17:03:41,709 [ERROR] LogOutputStream:75 - [STDERR_REDIRECT] [Fatal Error] :1:1: Premature end of file.
2026-04-04 17:03:41,709 [ERROR] LogOutputStream:75 - [STDERR_REDIRECT] 
2026-04-04 17:03:42,715 [ERROR] LogOutputStream:75 - [STDERR_REDIRECT] [Fatal Error] :1:1: Premature end of file.
2026-04-04 17:03:42,715 [ERROR] LogOutputStream:75 - [STDERR_REDIRECT] 
2026-04-04 17:03:43,694 [ERROR] LogOutputStream:75 - [STDERR_REDIRECT] [Fatal Error] :1:1: Premature end of file.
2026-04-04 17:03:43,694 [ERROR] LogOutputStream:75 - [STDERR_REDIRECT] 
2026-04-04 17:03:44,694 [ERROR] LogOutputStream:75 - [STDERR_REDIRECT] [Fatal Error] :1:1: Premature end of file.
2026-04-04 17:03:44,701 [ERROR] LogOutputStream:75 - [STDERR_REDIRECT] 
2026-04-04 17:03:45,708 [ERROR] LogOutputStream:75 - [STDERR_REDIRECT] [Fatal Error] :1:1: Premature end of file.
2026-04-04 17:03:45,708 [ERROR] LogOutputStream:75 - [STDERR_REDIRECT] 
2026-04-04 17:03:46,707 [ERROR] LogOutputStream:75 - [STDERR_REDIRECT] [Fatal Error] :1:1: Premature end of file.
2026-04-04 17:03:46,708 [ERROR] LogOutputStream:75 - [STDERR_REDIRECT] 
2026-04-04 17:03:47,701 [ERROR] LogOutputStream:75 - [STDERR_REDIRECT] [Fatal Error] :1:1: Premature end of file.
2026-04-04 17:03:47,701 [ERROR] LogOutputStream:75 - [STDERR_REDIRECT] 
2026-04-04 17:03:48,721 [ERROR] LogOutputStream:75 - [STDERR_REDIRECT] [Fatal Error] :1:1: Premature end of file.
2026-04-04 17:03:48,721 [ERROR] LogOutputStream:75 - [STDERR_REDIRECT] 
2026-04-04 17:03:49,708 [ERROR] LogOutputStream:75 - [STDERR_REDIRECT] [Fatal Error] :1:1: Premature end of file.
2026-04-04 17:03:49,708 [ERROR] LogOutputStream:75 - [STDERR_REDIRECT] 
2026-04-04 17:03:50,701 [ERROR] LogOutputStream:75 - [STDERR_REDIRECT] [Fatal Error] :1:1: Premature end of file.
2026-04-04 17:03:50,701 [ERROR] LogOutputStream:75 - [STDERR_REDIRECT] 
2026-04-04 17:03:51,707 [ERROR] LogOutputStream:75 - [STDERR_REDIRECT] [Fatal Error] :1:1: Premature end of file.
2026-04-04 17:03:51,707 [ERROR] LogOutputStream:75 - [STDERR_REDIRECT] 
2026-04-04 17:03:52,707 [ERROR] LogOutputStream:75 - [STDERR_REDIRECT] [Fatal Error] :1:1: Premature end of file.
2026-04-04 17:03:52,707 [ERROR] LogOutputStream:75 - [STDERR_REDIRECT] 
2026-04-04 17:03:53,712 [ERROR] LogOutputStream:75 - [STDERR_REDIRECT] [Fatal Error] :1:1: Premature end of file.
2026-04-04 17:03:53,713 [ERROR] LogOutputStream:75 - [STDERR_REDIRECT] 
2026-04-04 17:03:54,718 [ERROR] LogOutputStream:75 - [STDERR_REDIRECT] [Fatal Error] :1:1: Premature end of file.
2026-04-04 17:03:54,719 [ERROR] LogOutputStream:75 - [STDERR_REDIRECT] 
2026-04-04 17:03:55,700 [ERROR] LogOutputStream:75 - [STDERR_REDIRECT] [Fatal Error] :1:1: Premature end of file.
2026-04-04 17:03:55,700 [ERROR] LogOutputStream:75 - [STDERR_REDIRECT] 
2026-04-04 17:03:56,701 [ERROR] LogOutputStream:75 - [STDERR_REDIRECT] [Fatal Error] :1:1: Premature end of file.
2026-04-04 17:03:56,708 [ERROR] LogOutputStream:75 - [STDERR_REDIRECT] 
2026-04-04 17:03:57,714 [ERROR] LogOutputStream:75 - [STDERR_REDIRECT] [Fatal Error] :1:1: Premature end of file.
2026-04-04 17:03:57,714 [ERROR] LogOutputStream:75 - [STDERR_REDIRECT] 
2026-04-04 17:03:58,700 [ERROR] LogOutputStream:75 - [STDERR_REDIRECT] [Fatal Error] :1:1: Premature end of file.
2026-04-04 17:03:58,700 [ERROR] LogOutputStream:75 - [STDERR_REDIRECT] 
2026-04-04 17:03:59,706 [ERROR] LogOutputStream:75 - [STDERR_REDIRECT] [Fatal Error] :1:1: Premature end of file.
2026-04-04 17:03:59,706 [ERROR] LogOutputStream:75 - [STDERR_REDIRECT] 
2026-04-04 17:04:00,702 [ERROR] LogOutputStream:75 - [STDERR_REDIRECT] [Fatal Error] :1:1: Premature end of file.
2026-04-04 17:04:00,702 [ERROR] LogOutputStream:75 - [STDERR_REDIRECT] 
2026-04-04 17:04:01,706 [ERROR] LogOutputStream:75 - [STDERR_REDIRECT] [Fatal Error] :1:1: Premature end of file.
2026-04-04 17:04:01,708 [ERROR] LogOutputStream:75 - [STDERR_REDIRECT] 
2026-04-04 17:04:02,694 [ERROR] LogOutputStream:75 - [STDERR_REDIRECT] [Fatal Error] :1:1: Premature end of file.
2026-04-04 17:04:02,694 [ERROR] LogOutputStream:75 - [STDERR_REDIRECT] 
2026-04-04 17:04:03,708 [ERROR] LogOutputStream:75 - [STDERR_REDIRECT] [Fatal Error] :1:1: Premature end of file.
2026-04-04 17:04:03,708 [ERROR] LogOutputStream:75 - [STDERR_REDIRECT] 
2026-04-04 17:04:04,693 [ERROR] LogOutputStream:75 - [STDERR_REDIRECT] [Fatal Error] :1:1: Premature end of file.
2026-04-04 17:04:04,700 [ERROR] LogOutputStream:75 - [STDERR_REDIRECT] 
2026-04-04 17:04:05,702 [ERROR] LogOutputStream:75 - [STDERR_REDIRECT] [Fatal Error] :1:1: Premature end of file.
2026-04-04 17:04:05,702 [ERROR] LogOutputStream:75 - [STDERR_REDIRECT] 
2026-04-04 17:04:06,700 [ERROR] LogOutputStream:75 - [STDERR_REDIRECT] [Fatal Error] :1:1: Premature end of file.
2026-04-04 17:04:06,706 [ERROR] LogOutputStream:75 - [STDERR_REDIRECT] 
2026-04-04 17:04:07,706 [ERROR] LogOutputStream:75 - [STDERR_REDIRECT] [Fatal Error] :1:1: Premature end of file.
2026-04-04 17:04:07,706 [ERROR] LogOutputStream:75 - [STDERR_REDIRECT] 
2026-04-04 17:04:08,699 [ERROR] LogOutputStream:75 - [STDERR_REDIRECT] [Fatal Error] :1:1: Premature end of file.
2026-04-04 17:04:08,700 [ERROR] LogOutputStream:75 - [STDERR_REDIRECT] 
2026-04-04 17:04:09,707 [ERROR] LogOutputStream:75 - [STDERR_REDIRECT] [Fatal Error] :1:1: Premature end of file.
2026-04-04 17:04:09,707 [ERROR] LogOutputStream:75 - [STDERR_REDIRECT] 
2026-04-04 17:04:10,695 [ERROR] LogOutputStream:75 - [STDERR_REDIRECT] [Fatal Error] :1:1: Premature end of file.
2026-04-04 17:04:10,695 [ERROR] LogOutputStream:75 - [STDERR_REDIRECT] 
2026-04-04 17:04:11,715 [ERROR] LogOutputStream:75 - [STDERR_REDIRECT] [Fatal Error] :1:1: Premature end of file.
2026-04-04 17:04:11,715 [ERROR] LogOutputStream:75 - [STDERR_REDIRECT] 
2026-04-04 17:04:12,700 [ERROR] LogOutputStream:75 - [STDERR_REDIRECT] [Fatal Error] :1:1: Premature end of file.
2026-04-04 17:04:12,700 [ERROR] LogOutputStream:75 - [STDERR_REDIRECT] 
2026-04-04 17:04:13,696 [ERROR] LogOutputStream:75 - [STDERR_REDIRECT] [Fatal Error] :1:1: Premature end of file.
2026-04-04 17:04:13,696 [ERROR] LogOutputStream:75 - [STDERR_REDIRECT] 
2026-04-04 17:04:14,704 [ERROR] LogOutputStream:75 - [STDERR_REDIRECT] [Fatal Error] :1:1: Premature end of file.
2026-04-04 17:04:14,704 [ERROR] LogOutputStream:75 - [STDERR_REDIRECT] 
2026-04-04 17:04:15,692 [ERROR] LogOutputStream:75 - [STDERR_REDIRECT] [Fatal Error] :1:1: Premature end of file.
2026-04-04 17:04:15,692 [ERROR] LogOutputStream:75 - [STDERR_REDIRECT] 
2026-04-04 17:04:16,708 [ERROR] LogOutputStream:75 - [STDERR_REDIRECT] [Fatal Error] :1:1: Premature end of file.
2026-04-04 17:04:16,710 [ERROR] LogOutputStream:75 - [STDERR_REDIRECT] 
2026-04-04 17:04:17,719 [ERROR] LogOutputStream:75 - [STDERR_REDIRECT] [Fatal Error] :1:1: Premature end of file.
2026-04-04 17:04:17,720 [ERROR] LogOutputStream:75 - [STDERR_REDIRECT] 
2026-04-04 17:04:18,701 [ERROR] LogOutputStream:75 - [STDERR_REDIRECT] [Fatal Error] :1:1: Premature end of file.
2026-04-04 17:04:18,701 [ERROR] LogOutputStream:75 - [STDERR_REDIRECT] 
2026-04-04 17:04:19,691 [ERROR] LogOutputStream:75 - [STDERR_REDIRECT] [Fatal Error] :1:1: Premature end of file.
2026-04-04 17:04:19,691 [ERROR] LogOutputStream:75 - [STDERR_REDIRECT] 
2026-04-04 17:04:20,694 [ERROR] LogOutputStream:75 - [STDERR_REDIRECT] [Fatal Error] :1:1: Premature end of file.
2026-04-04 17:04:20,696 [ERROR] LogOutputStream:75 - [STDERR_REDIRECT] 
2026-04-04 17:04:21,692 [ERROR] LogOutputStream:75 - [STDERR_REDIRECT] [Fatal Error] :1:1: Premature end of file.
2026-04-04 17:04:21,694 [ERROR] LogOutputStream:75 - [STDERR_REDIRECT] 
2026-04-04 17:04:22,696 [ERROR] LogOutputStream:75 - [STDERR_REDIRECT] [Fatal Error] :1:1: Premature end of file.
2026-04-04 17:04:22,696 [ERROR] LogOutputStream:75 - [STDERR_REDIRECT] 
2026-04-04 17:04:23,702 [ERROR] LogOutputStream:75 - [STDERR_REDIRECT] [Fatal Error] :1:1: Premature end of file.
2026-04-04 17:04:23,702 [ERROR] LogOutputStream:75 - [STDERR_REDIRECT] 
2026-04-04 17:04:24,686 [ERROR] LogOutputStream:75 - [STDERR_REDIRECT] [Fatal Error] :1:1: Premature end of file.
2026-04-04 17:04:24,686 [ERROR] LogOutputStream:75 - [STDERR_REDIRECT] 
2026-04-04 17:04:25,686 [ERROR] LogOutputStream:75 - [STDERR_REDIRECT] [Fatal Error] :1:1: Premature end of file.
2026-04-04 17:04:25,686 [ERROR] LogOutputStream:75 - [STDERR_REDIRECT] 
2026-04-04 17:04:26,684 [ERROR] LogOutputStream:75 - [STDERR_REDIRECT] [Fatal Error] :1:1: Premature end of file.
2026-04-04 17:04:26,684 [ERROR] LogOutputStream:75 - [STDERR_REDIRECT] 
2026-04-04 17:04:27,685 [ERROR] LogOutputStream:75 - [STDERR_REDIRECT] [Fatal Error] :1:1: Premature end of file.
2026-04-04 17:04:27,685 [ERROR] LogOutputStream:75 - [STDERR_REDIRECT] 
2026-04-04 17:04:28,676 [ERROR] LogOutputStream:75 - [STDERR_REDIRECT] [Fatal Error] :1:1: Premature end of file.
2026-04-04 17:04:28,676 [ERROR] LogOutputStream:75 - [STDERR_REDIRECT] 
2026-04-04 17:04:29,680 [ERROR] LogOutputStream:75 - [STDERR_REDIRECT] [Fatal Error] :1:1: Premature end of file.
2026-04-04 17:04:29,680 [ERROR] LogOutputStream:75 - [STDERR_REDIRECT] 
2026-04-04 17:04:30,682 [ERROR] LogOutputStream:75 - [STDERR_REDIRECT] [Fatal Error] :1:1: Premature end of file.
2026-04-04 17:04:30,682 [ERROR] LogOutputStream:75 - [STDERR_REDIRECT] 
2026-04-04 17:04:31,686 [ERROR] LogOutputStream:75 - [STDERR_REDIRECT] [Fatal Error] :1:1: Premature end of file.
2026-04-04 17:04:31,686 [ERROR] LogOutputStream:75 - [STDERR_REDIRECT] 
2026-04-04 17:04:32,682 [ERROR] LogOutputStream:75 - [STDERR_REDIRECT] [Fatal Error] :1:1: Premature end of file.
2026-04-04 17:04:32,687 [ERROR] LogOutputStream:75 - [STDERR_REDIRECT] 
2026-04-04 17:04:33,674 [ERROR] LogOutputStream:75 - [STDERR_REDIRECT] [Fatal Error] :1:1: Premature end of file.
2026-04-04 17:04:33,674 [ERROR] LogOutputStream:75 - [STDERR_REDIRECT] 
2026-04-04 17:04:34,679 [ERROR] LogOutputStream:75 - [STDERR_REDIRECT] [Fatal Error] :1:1: Premature end of file.
2026-04-04 17:04:34,679 [ERROR] LogOutputStream:75 - [STDERR_REDIRECT] 
2026-04-04 17:04:35,678 [ERROR] LogOutputStream:75 - [STDERR_REDIRECT] [Fatal Error] :1:1: Premature end of file.
2026-04-04 17:04:35,678 [ERROR] LogOutputStream:75 - [STDERR_REDIRECT] 
2026-04-04 17:04:36,681 [ERROR] LogOutputStream:75 - [STDERR_REDIRECT] [Fatal Error] :1:1: Premature end of file.
2026-04-04 17:04:36,681 [ERROR] LogOutputStream:75 - [STDERR_REDIRECT] 
2026-04-04 17:04:37,684 [ERROR] LogOutputStream:75 - [STDERR_REDIRECT] [Fatal Error] :1:1: Premature end of file.
2026-04-04 17:04:37,684 [ERROR] LogOutputStream:75 - [STDERR_REDIRECT] 
2026-04-04 17:04:38,690 [ERROR] LogOutputStream:75 - [STDERR_REDIRECT] [Fatal Error] :1:1: Premature end of file.
2026-04-04 17:04:38,690 [ERROR] LogOutputStream:75 - [STDERR_REDIRECT] 
2026-04-04 17:04:39,661 [ERROR] LogOutputStream:75 - [STDERR_REDIRECT] [Fatal Error] :1:1: Premature end of file.
2026-04-04 17:04:39,661 [ERROR] LogOutputStream:75 - [STDERR_REDIRECT] 
2026-04-04 17:04:40,680 [ERROR] LogOutputStream:75 - [STDERR_REDIRECT] [Fatal Error] :1:1: Premature end of file.
2026-04-04 17:04:40,680 [ERROR] LogOutputStream:75 - [STDERR_REDIRECT] 
2026-04-04 17:04:41,687 [ERROR] LogOutputStream:75 - [STDERR_REDIRECT] [Fatal Error] :1:1: Premature end of file.
2026-04-04 17:04:41,688 [ERROR] LogOutputStream:75 - [STDERR_REDIRECT] 
2026-04-04 17:04:42,660 [ERROR] LogOutputStream:75 - [STDERR_REDIRECT] [Fatal Error] :1:1: Premature end of file.
2026-04-04 17:04:42,660 [ERROR] LogOutputStream:75 - [STDERR_REDIRECT] 
2026-04-04 17:04:43,673 [ERROR] LogOutputStream:75 - [STDERR_REDIRECT] [Fatal Error] :1:1: Premature end of file.
2026-04-04 17:04:43,673 [ERROR] LogOutputStream:75 - [STDERR_REDIRECT] 
2026-04-04 17:04:44,682 [ERROR] LogOutputStream:75 - [STDERR_REDIRECT] [Fatal Error] :1:1: Premature end of file.
2026-04-04 17:04:44,682 [ERROR] LogOutputStream:75 - [STDERR_REDIRECT] 
2026-04-04 17:04:45,677 [ERROR] LogOutputStream:75 - [STDERR_REDIRECT] [Fatal Error] :1:1: Premature end of file.
2026-04-04 17:04:45,677 [ERROR] LogOutputStream:75 - [STDERR_REDIRECT] 
2026-04-04 17:04:46,687 [ERROR] LogOutputStream:75 - [STDERR_REDIRECT] [Fatal Error] :1:1: Premature end of file.
2026-04-04 17:04:46,687 [ERROR] LogOutputStream:75 - [STDERR_REDIRECT] 
2026-04-04 17:04:47,679 [ERROR] LogOutputStream:75 - [STDERR_REDIRECT] [Fatal Error] :1:1: Premature end of file.
2026-04-04 17:04:47,679 [ERROR] LogOutputStream:75 - [STDERR_REDIRECT] 
2026-04-04 17:04:48,675 [ERROR] LogOutputStream:75 - [STDERR_REDIRECT] [Fatal Error] :1:1: Premature end of file.
2026-04-04 17:04:48,675 [ERROR] LogOutputStream:75 - [STDERR_REDIRECT] 
2026-04-04 17:04:49,676 [ERROR] LogOutputStream:75 - [STDERR_REDIRECT] [Fatal Error] :1:1: Premature end of file.
2026-04-04 17:04:49,676 [ERROR] LogOutputStream:75 - [STDERR_REDIRECT] 
2026-04-04 17:04:50,676 [ERROR] LogOutputStream:75 - [STDERR_REDIRECT] [Fatal Error] :1:1: Premature end of file.
2026-04-04 17:04:50,676 [ERROR] LogOutputStream:75 - [STDERR_REDIRECT] 
2026-04-04 17:04:51,686 [ERROR] LogOutputStream:75 - [STDERR_REDIRECT] [Fatal Error] :1:1: Premature end of file.
2026-04-04 17:04:51,686 [ERROR] LogOutputStream:75 - [STDERR_REDIRECT] 
2026-04-04 17:04:52,689 [ERROR] LogOutputStream:75 - [STDERR_REDIRECT] [Fatal Error] :1:1: Premature end of file.
2026-04-04 17:04:52,689 [ERROR] LogOutputStream:75 - [STDERR_REDIRECT] 
2026-04-04 17:04:53,682 [ERROR] LogOutputStream:75 - [STDERR_REDIRECT] [Fatal Error] :1:1: Premature end of file.
2026-04-04 17:04:53,682 [ERROR] LogOutputStream:75 - [STDERR_REDIRECT] 
2026-04-04 17:04:54,690 [ERROR] LogOutputStream:75 - [STDERR_REDIRECT] [Fatal Error] :1:1: Premature end of file.
2026-04-04 17:04:54,690 [ERROR] LogOutputStream:75 - [STDERR_REDIRECT] 
2026-04-04 17:04:55,680 [ERROR] LogOutputStream:75 - [STDERR_REDIRECT] [Fatal Error] :1:1: Premature end of file.
2026-04-04 17:04:55,680 [ERROR] LogOutputStream:75 - [STDERR_REDIRECT] 
2026-04-04 17:04:56,686 [ERROR] LogOutputStream:75 - [STDERR_REDIRECT] [Fatal Error] :1:1: Premature end of file.
2026-04-04 17:04:56,686 [ERROR] LogOutputStream:75 - [STDERR_REDIRECT] 
2026-04-04 17:04:57,666 [ERROR] LogOutputStream:75 - [STDERR_REDIRECT] [Fatal Error] :1:1: Premature end of file.
2026-04-04 17:04:57,666 [ERROR] LogOutputStream:75 - [STDERR_REDIRECT] 
2026-04-04 17:04:58,680 [ERROR] LogOutputStream:75 - [STDERR_REDIRECT] [Fatal Error] :1:1: Premature end of file.
2026-04-04 17:04:58,680 [ERROR] LogOutputStream:75 - [STDERR_REDIRECT] 
2026-04-04 17:04:59,686 [ERROR] LogOutputStream:75 - [STDERR_REDIRECT] [Fatal Error] :1:1: Premature end of file.
2026-04-04 17:04:59,686 [ERROR] LogOutputStream:75 - [STDERR_REDIRECT] 
2026-04-04 17:05:00,674 [ERROR] LogOutputStream:75 - [STDERR_REDIRECT] [Fatal Error] :1:1: Premature end of file.
2026-04-04 17:05:00,676 [ERROR] LogOutputStream:75 - [STDERR_REDIRECT] 
2026-04-04 17:05:01,672 [ERROR] LogOutputStream:75 - [STDERR_REDIRECT] [Fatal Error] :1:1: Premature end of file.
2026-04-04 17:05:01,672 [ERROR] LogOutputStream:75 - [STDERR_REDIRECT] 
2026-04-04 17:05:02,679 [ERROR] LogOutputStream:75 - [STDERR_REDIRECT] [Fatal Error] :1:1: Premature end of file.
2026-04-04 17:05:02,679 [ERROR] LogOutputStream:75 - [STDERR_REDIRECT] 
2026-04-04 17:05:03,686 [ERROR] LogOutputStream:75 - [STDERR_REDIRECT] [Fatal Error] :1:1: Premature end of file.
2026-04-04 17:05:03,687 [ERROR] LogOutputStream:75 - [STDERR_REDIRECT] 
2026-04-04 17:05:04,678 [ERROR] LogOutputStream:75 - [STDERR_REDIRECT] [Fatal Error] :1:1: Premature end of file.
2026-04-04 17:05:04,678 [ERROR] LogOutputStream:75 - [STDERR_REDIRECT] 
2026-04-04 17:05:05,672 [ERROR] LogOutputStream:75 - [STDERR_REDIRECT] [Fatal Error] :1:1: Premature end of file.
2026-04-04 17:05:05,672 [ERROR] LogOutputStream:75 - [STDERR_REDIRECT] 
2026-04-04 17:05:06,685 [ERROR] LogOutputStream:75 - [STDERR_REDIRECT] [Fatal Error] :1:1: Premature end of file.
2026-04-04 17:05:06,685 [ERROR] LogOutputStream:75 - [STDERR_REDIRECT] 
2026-04-04 17:05:07,676 [ERROR] LogOutputStream:75 - [STDERR_REDIRECT] [Fatal Error] :1:1: Premature end of file.
2026-04-04 17:05:07,676 [ERROR] LogOutputStream:75 - [STDERR_REDIRECT] 
2026-04-04 17:05:08,674 [ERROR] LogOutputStream:75 - [STDERR_REDIRECT] [Fatal Error] :1:1: Premature end of file.
2026-04-04 17:05:08,681 [ERROR] LogOutputStream:75 - [STDERR_REDIRECT] 
2026-04-04 17:05:09,686 [ERROR] LogOutputStream:75 - [STDERR_REDIRECT] [Fatal Error] :1:1: Premature end of file.
2026-04-04 17:05:09,686 [ERROR] LogOutputStream:75 - [STDERR_REDIRECT] 
2026-04-04 17:05:10,687 [ERROR] LogOutputStream:75 - [STDERR_REDIRECT] [Fatal Error] :1:1: Premature end of file.
2026-04-04 17:05:10,687 [ERROR] LogOutputStream:75 - [STDERR_REDIRECT] 
2026-04-04 17:05:11,678 [ERROR] LogOutputStream:75 - [STDERR_REDIRECT] [Fatal Error] :1:1: Premature end of file.
2026-04-04 17:05:11,678 [ERROR] LogOutputStream:75 - [STDERR_REDIRECT] 
2026-04-04 17:05:12,683 [ERROR] LogOutputStream:75 - [STDERR_REDIRECT] [Fatal Error] :1:1: Premature end of file.
2026-04-04 17:05:12,683 [ERROR] LogOutputStream:75 - [STDERR_REDIRECT] 
2026-04-04 17:05:13,689 [ERROR] LogOutputStream:75 - [STDERR_REDIRECT] [Fatal Error] :1:1: Premature end of file.
2026-04-04 17:05:13,689 [ERROR] LogOutputStream:75 - [STDERR_REDIRECT] 
2026-04-04 17:05:14,677 [ERROR] LogOutputStream:75 - [STDERR_REDIRECT] [Fatal Error] :1:1: Premature end of file.
2026-04-04 17:05:14,677 [ERROR] LogOutputStream:75 - [STDERR_REDIRECT] 
2026-04-04 17:05:15,675 [ERROR] LogOutputStream:75 - [STDERR_REDIRECT] [Fatal Error] :1:1: Premature end of file.
2026-04-04 17:05:15,675 [ERROR] LogOutputStream:75 - [STDERR_REDIRECT] 
2026-04-04 17:05:16,668 [ERROR] LogOutputStream:75 - [STDERR_REDIRECT] [Fatal Error] :1:1: Premature end of file.
2026-04-04 17:05:16,668 [ERROR] LogOutputStream:75 - [STDERR_REDIRECT] 
2026-04-04 17:05:17,672 [ERROR] LogOutputStream:75 - [STDERR_REDIRECT] [Fatal Error] :1:1: Premature end of file.
2026-04-04 17:05:17,672 [ERROR] LogOutputStream:75 - [STDERR_REDIRECT] 
2026-04-04 17:05:18,675 [ERROR] LogOutputStream:75 - [STDERR_REDIRECT] [Fatal Error] :1:1: Premature end of file.
2026-04-04 17:05:18,675 [ERROR] LogOutputStream:75 - [STDERR_REDIRECT] 
2026-04-04 17:05:19,690 [ERROR] LogOutputStream:75 - [STDERR_REDIRECT] [Fatal Error] :1:1: Premature end of file.
2026-04-04 17:05:19,690 [ERROR] LogOutputStream:75 - [STDERR_REDIRECT] 
2026-04-04 17:05:20,686 [ERROR] LogOutputStream:75 - [STDERR_REDIRECT] [Fatal Error] :1:1: Premature end of file.
2026-04-04 17:05:20,686 [ERROR] LogOutputStream:75 - [STDERR_REDIRECT] 
2026-04-04 17:05:21,693 [ERROR] LogOutputStream:75 - [STDERR_REDIRECT] [Fatal Error] :1:1: Premature end of file.
2026-04-04 17:05:21,693 [ERROR] LogOutputStream:75 - [STDERR_REDIRECT] 
2026-04-04 17:05:22,660 [ERROR] LogOutputStream:75 - [STDERR_REDIRECT] [Fatal Error] :1:1: Premature end of file.
2026-04-04 17:05:22,660 [ERROR] LogOutputStream:75 - [STDERR_REDIRECT] 
2026-04-04 17:05:23,679 [ERROR] LogOutputStream:75 - [STDERR_REDIRECT] [Fatal Error] :1:1: Premature end of file.
2026-04-04 17:05:23,679 [ERROR] LogOutputStream:75 - [STDERR_REDIRECT] 
2026-04-04 17:05:24,681 [ERROR] LogOutputStream:75 - [STDERR_REDIRECT] [Fatal Error] :1:1: Premature end of file.
2026-04-04 17:05:24,681 [ERROR] LogOutputStream:75 - [STDERR_REDIRECT] 
2026-04-04 17:05:25,673 [ERROR] LogOutputStream:75 - [STDERR_REDIRECT] [Fatal Error] :1:1: Premature end of file.
2026-04-04 17:05:25,673 [ERROR] LogOutputStream:75 - [STDERR_REDIRECT] 
2026-04-04 17:05:26,663 [ERROR] LogOutputStream:75 - [STDERR_REDIRECT] [Fatal Error] :1:1: Premature end of file.
2026-04-04 17:05:26,663 [ERROR] LogOutputStream:75 - [STDERR_REDIRECT] 
2026-04-04 17:05:27,685 [ERROR] LogOutputStream:75 - [STDERR_REDIRECT] [Fatal Error] :1:1: Premature end of file.
2026-04-04 17:05:27,685 [ERROR] LogOutputStream:75 - [STDERR_REDIRECT] 
2026-04-04 17:05:28,678 [ERROR] LogOutputStream:75 - [STDERR_REDIRECT] [Fatal Error] :1:1: Premature end of file.
2026-04-04 17:05:28,678 [ERROR] LogOutputStream:75 - [STDERR_REDIRECT] 
2026-04-04 17:05:29,674 [ERROR] LogOutputStream:75 - [STDERR_REDIRECT] [Fatal Error] :1:1: Premature end of file.
2026-04-04 17:05:29,674 [ERROR] LogOutputStream:75 - [STDERR_REDIRECT] 
2026-04-04 17:05:30,681 [ERROR] LogOutputStream:75 - [STDERR_REDIRECT] [Fatal Error] :1:1: Premature end of file.
2026-04-04 17:05:30,681 [ERROR] LogOutputStream:75 - [STDERR_REDIRECT] 
2026-04-04 17:05:31,685 [ERROR] LogOutputStream:75 - [STDERR_REDIRECT] [Fatal Error] :1:1: Premature end of file.
2026-04-04 17:05:31,685 [ERROR] LogOutputStream:75 - [STDERR_REDIRECT] 
2026-04-04 17:05:32,688 [ERROR] LogOutputStream:75 - [STDERR_REDIRECT] [Fatal Error] :1:1: Premature end of file.
2026-04-04 17:05:32,690 [ERROR] LogOutputStream:75 - [STDERR_REDIRECT] 
2026-04-04 17:05:33,677 [ERROR] LogOutputStream:75 - [STDERR_REDIRECT] [Fatal Error] :1:1: Premature end of file.
2026-04-04 17:05:33,677 [ERROR] LogOutputStream:75 - [STDERR_REDIRECT] 
2026-04-04 17:05:34,679 [ERROR] LogOutputStream:75 - [STDERR_REDIRECT] [Fatal Error] :1:1: Premature end of file.
2026-04-04 17:05:34,679 [ERROR] LogOutputStream:75 - [STDERR_REDIRECT] 
2026-04-04 17:05:35,681 [ERROR] LogOutputStream:75 - [STDERR_REDIRECT] [Fatal Error] :1:1: Premature end of file.
2026-04-04 17:05:35,681 [ERROR] LogOutputStream:75 - [STDERR_REDIRECT] 
2026-04-04 17:05:36,686 [ERROR] LogOutputStream:75 - [STDERR_REDIRECT] [Fatal Error] :1:1: Premature end of file.
2026-04-04 17:05:36,686 [ERROR] LogOutputStream:75 - [STDERR_REDIRECT] 
2026-04-04 17:05:37,695 [ERROR] LogOutputStream:75 - [STDERR_REDIRECT] [Fatal Error] :1:1: Premature end of file.
2026-04-04 17:05:37,695 [ERROR] LogOutputStream:75 - [STDERR_REDIRECT] 
2026-04-04 17:05:38,680 [ERROR] LogOutputStream:75 - [STDERR_REDIRECT] [Fatal Error] :1:1: Premature end of file.
2026-04-04 17:05:38,682 [ERROR] LogOutputStream:75 - [STDERR_REDIRECT] 
2026-04-04 17:05:39,682 [ERROR] LogOutputStream:75 - [STDERR_REDIRECT] [Fatal Error] :1:1: Premature end of file.
2026-04-04 17:05:39,682 [ERROR] LogOutputStream:75 - [STDERR_REDIRECT] 
2026-04-04 17:05:40,689 [ERROR] LogOutputStream:75 - [STDERR_REDIRECT] [Fatal Error] :1:1: Premature end of file.
2026-04-04 17:05:40,689 [ERROR] LogOutputStream:75 - [STDERR_REDIRECT] 
2026-04-04 17:05:41,690 [ERROR] LogOutputStream:75 - [STDERR_REDIRECT] [Fatal Error] :1:1: Premature end of file.
2026-04-04 17:05:41,692 [ERROR] LogOutputStream:75 - [STDERR_REDIRECT] 
2026-04-04 17:05:42,661 [ERROR] LogOutputStream:75 - [STDERR_REDIRECT] [Fatal Error] :1:1: Premature end of file.
2026-04-04 17:05:42,661 [ERROR] LogOutputStream:75 - [STDERR_REDIRECT] 
2026-04-04 17:05:43,684 [ERROR] LogOutputStream:75 - [STDERR_REDIRECT] [Fatal Error] :1:1: Premature end of file.
2026-04-04 17:05:43,684 [ERROR] LogOutputStream:75 - [STDERR_REDIRECT] 
2026-04-04 17:05:44,672 [ERROR] LogOutputStream:75 - [STDERR_REDIRECT] [Fatal Error] :1:1: Premature end of file.
2026-04-04 17:05:44,672 [ERROR] LogOutputStream:75 - [STDERR_REDIRECT] 
2026-04-04 17:05:45,670 [ERROR] LogOutputStream:75 - [STDERR_REDIRECT] [Fatal Error] :1:1: Premature end of file.
2026-04-04 17:05:45,670 [ERROR] LogOutputStream:75 - [STDERR_REDIRECT] 
2026-04-04 17:05:46,670 [ERROR] LogOutputStream:75 - [STDERR_REDIRECT] [Fatal Error] :1:1: Premature end of file.
2026-04-04 17:05:46,670 [ERROR] LogOutputStream:75 - [STDERR_REDIRECT] 
2026-04-04 17:05:47,677 [ERROR] LogOutputStream:75 - [STDERR_REDIRECT] [Fatal Error] :1:1: Premature end of file.
2026-04-04 17:05:47,677 [ERROR] LogOutputStream:75 - [STDERR_REDIRECT] 
2026-04-04 17:05:48,685 [ERROR] LogOutputStream:75 - [STDERR_REDIRECT] [Fatal Error] :1:1: Premature end of file.
2026-04-04 17:05:48,685 [ERROR] LogOutputStream:75 - [STDERR_REDIRECT] 
2026-04-04 17:05:49,684 [ERROR] LogOutputStream:75 - [STDERR_REDIRECT] [Fatal Error] :1:1: Premature end of file.
2026-04-04 17:05:49,684 [ERROR] LogOutputStream:75 - [STDERR_REDIRECT] 
2026-04-04 17:05:50,688 [ERROR] LogOutputStream:75 - [STDERR_REDIRECT] [Fatal Error] :1:1: Premature end of file.
2026-04-04 17:05:50,688 [ERROR] LogOutputStream:75 - [STDERR_REDIRECT] 
2026-04-04 17:05:51,674 [ERROR] LogOutputStream:75 - [STDERR_REDIRECT] [Fatal Error] :1:1: Premature end of file.
2026-04-04 17:05:51,674 [ERROR] LogOutputStream:75 - [STDERR_REDIRECT] 
2026-04-04 17:05:52,684 [ERROR] LogOutputStream:75 - [STDERR_REDIRECT] [Fatal Error] :1:1: Premature end of file.
2026-04-04 17:05:52,685 [ERROR] LogOutputStream:75 - [STDERR_REDIRECT] 
2026-04-04 17:05:53,679 [ERROR] LogOutputStream:75 - [STDERR_REDIRECT] [Fatal Error] :1:1: Premature end of file.
2026-04-04 17:05:53,679 [ERROR] LogOutputStream:75 - [STDERR_REDIRECT] 
2026-04-04 17:05:54,668 [ERROR] LogOutputStream:75 - [STDERR_REDIRECT] [Fatal Error] :1:1: Premature end of file.
2026-04-04 17:05:54,668 [ERROR] LogOutputStream:75 - [STDERR_REDIRECT] 
2026-04-04 17:05:55,687 [ERROR] LogOutputStream:75 - [STDERR_REDIRECT] [Fatal Error] :1:1: Premature end of file.
2026-04-04 17:05:55,687 [ERROR] LogOutputStream:75 - [STDERR_REDIRECT] 
2026-04-04 17:05:56,674 [ERROR] LogOutputStream:75 - [STDERR_REDIRECT] [Fatal Error] :1:1: Premature end of file.
2026-04-04 17:05:56,679 [ERROR] LogOutputStream:75 - [STDERR_REDIRECT] 
2026-04-04 17:05:57,680 [ERROR] LogOutputStream:75 - [STDERR_REDIRECT] [Fatal Error] :1:1: Premature end of file.
2026-04-04 17:05:57,680 [ERROR] LogOutputStream:75 - [STDERR_REDIRECT] 
2026-04-04 17:05:58,686 [ERROR] LogOutputStream:75 - [STDERR_REDIRECT] [Fatal Error] :1:1: Premature end of file.
2026-04-04 17:05:58,686 [ERROR] LogOutputStream:75 - [STDERR_REDIRECT] 
2026-04-04 17:05:59,678 [ERROR] LogOutputStream:75 - [STDERR_REDIRECT] [Fatal Error] :1:1: Premature end of file.
2026-04-04 17:05:59,678 [ERROR] LogOutputStream:75 - [STDERR_REDIRECT] 
2026-04-04 17:06:00,679 [ERROR] LogOutputStream:75 - [STDERR_REDIRECT] [Fatal Error] :1:1: Premature end of file.
2026-04-04 17:06:00,679 [ERROR] LogOutputStream:75 - [STDERR_REDIRECT] 
2026-04-04 17:06:01,684 [ERROR] LogOutputStream:75 - [STDERR_REDIRECT] [Fatal Error] :1:1: Premature end of file.
2026-04-04 17:06:01,684 [ERROR] LogOutputStream:75 - [STDERR_REDIRECT] 
2026-04-04 17:06:02,684 [ERROR] LogOutputStream:75 - [STDERR_REDIRECT] [Fatal Error] :1:1: Premature end of file.
2026-04-04 17:06:02,684 [ERROR] LogOutputStream:75 - [STDERR_REDIRECT] 
2026-04-04 17:06:03,705 [ERROR] LogOutputStream:75 - [STDERR_REDIRECT] [Fatal Error] :1:1: Premature end of file.
2026-04-04 17:06:03,705 [ERROR] LogOutputStream:75 - [STDERR_REDIRECT] 
2026-04-04 17:06:04,680 [ERROR] LogOutputStream:75 - [STDERR_REDIRECT] [Fatal Error] :1:1: Premature end of file.
2026-04-04 17:06:04,680 [ERROR] LogOutputStream:75 - [STDERR_REDIRECT] 
2026-04-04 17:06:05,684 [ERROR] LogOutputStream:75 - [STDERR_REDIRECT] [Fatal Error] :1:1: Premature end of file.
2026-04-04 17:06:05,684 [ERROR] LogOutputStream:75 - [STDERR_REDIRECT] 
2026-04-04 17:06:06,691 [ERROR] LogOutputStream:75 - [STDERR_REDIRECT] [Fatal Error] :1:1: Premature end of file.
2026-04-04 17:06:06,691 [ERROR] LogOutputStream:75 - [STDERR_REDIRECT] 
2026-04-04 17:06:07,664 [ERROR] LogOutputStream:75 - [STDERR_REDIRECT] [Fatal Error] :1:1: Premature end of file.
2026-04-04 17:06:07,680 [ERROR] LogOutputStream:75 - [STDERR_REDIRECT] 
2026-04-04 17:06:08,683 [ERROR] LogOutputStream:75 - [STDERR_REDIRECT] [Fatal Error] :1:1: Premature end of file.
2026-04-04 17:06:08,685 [ERROR] LogOutputStream:75 - [STDERR_REDIRECT] 
2026-04-04 17:06:09,679 [ERROR] LogOutputStream:75 - [STDERR_REDIRECT] [Fatal Error] :1:1: Premature end of file.
2026-04-04 17:06:09,679 [ERROR] LogOutputStream:75 - [STDERR_REDIRECT] 
2026-04-04 17:06:10,679 [ERROR] LogOutputStream:75 - [STDERR_REDIRECT] [Fatal Error] :1:1: Premature end of file.
2026-04-04 17:06:10,679 [ERROR] LogOutputStream:75 - [STDERR_REDIRECT] 
2026-04-04 17:06:11,688 [ERROR] LogOutputStream:75 - [STDERR_REDIRECT] [Fatal Error] :1:1: Premature end of file.
2026-04-04 17:06:11,688 [ERROR] LogOutputStream:75 - [STDERR_REDIRECT] 
2026-04-04 17:06:12,682 [ERROR] LogOutputStream:75 - [STDERR_REDIRECT] [Fatal Error] :1:1: Premature end of file.
2026-04-04 17:06:12,682 [ERROR] LogOutputStream:75 - [STDERR_REDIRECT] 
2026-04-04 17:06:13,686 [ERROR] LogOutputStream:75 - [STDERR_REDIRECT] [Fatal Error] :1:1: Premature end of file.
2026-04-04 17:06:13,686 [ERROR] LogOutputStream:75 - [STDERR_REDIRECT] 
2026-04-04 17:06:16,899 [ERROR] LogOutputStream:75 - [STDERR_REDIRECT] [Fatal Error] :1:1: Premature end of file.
2026-04-04 17:06:16,899 [ERROR] LogOutputStream:75 - [STDERR_REDIRECT] 
2026-04-04 17:06:16,963 [ERROR] LogOutputStream:75 - [STDERR_REDIRECT] [Fatal Error] :1:1: Premature end of file.
2026-04-04 17:06:16,963 [ERROR] LogOutputStream:75 - [STDERR_REDIRECT] 
2026-04-04 17:06:17,023 [ERROR] LogOutputStream:75 - [STDERR_REDIRECT] [Fatal Error] :1:1: Premature end of file.
2026-04-04 17:06:17,023 [ERROR] LogOutputStream:75 - [STDERR_REDIRECT] 
2026-04-04 17:06:17,687 [ERROR] LogOutputStream:75 - [STDERR_REDIRECT] [Fatal Error] :1:1: Premature end of file.
2026-04-04 17:06:17,687 [ERROR] LogOutputStream:75 - [STDERR_REDIRECT] 
2026-04-04 17:06:18,706 [ERROR] LogOutputStream:75 - [STDERR_REDIRECT] [Fatal Error] :1:1: Premature end of file.
2026-04-04 17:06:18,706 [ERROR] LogOutputStream:75 - [STDERR_REDIRECT] 
2026-04-04 17:06:19,795 [ERROR] LogOutputStream:75 - [STDERR_REDIRECT] [Fatal Error] :1:1: Premature end of file.
2026-04-04 17:06:19,795 [ERROR] LogOutputStream:75 - [STDERR_REDIRECT] 
2026-04-04 17:06:20,716 [ERROR] LogOutputStream:75 - [STDERR_REDIRECT] [Fatal Error] :1:1: Premature end of file.
2026-04-04 17:06:20,716 [ERROR] LogOutputStream:75 - [STDERR_REDIRECT] 
2026-04-04 17:06:21,679 [ERROR] LogOutputStream:75 - [STDERR_REDIRECT] [Fatal Error] :1:1: Premature end of file.
2026-04-04 17:06:21,679 [ERROR] LogOutputStream:75 - [STDERR_REDIRECT] 
2026-04-04 17:06:22,683 [ERROR] LogOutputStream:75 - [STDERR_REDIRECT] [Fatal Error] :1:1: Premature end of file.
2026-04-04 17:06:22,685 [ERROR] LogOutputStream:75 - [STDERR_REDIRECT] 
2026-04-04 17:06:23,677 [ERROR] LogOutputStream:75 - [STDERR_REDIRECT] [Fatal Error] :1:1: Premature end of file.
2026-04-04 17:06:23,677 [ERROR] LogOutputStream:75 - [STDERR_REDIRECT] 
2026-04-04 17:06:24,685 [ERROR] LogOutputStream:75 - [STDERR_REDIRECT] [Fatal Error] :1:1: Premature end of file.
2026-04-04 17:06:24,686 [ERROR] LogOutputStream:75 - [STDERR_REDIRECT] 
2026-04-04 17:06:25,679 [ERROR] LogOutputStream:75 - [STDERR_REDIRECT] [Fatal Error] :1:1: Premature end of file.
2026-04-04 17:06:25,679 [ERROR] LogOutputStream:75 - [STDERR_REDIRECT] 
2026-04-04 17:06:26,685 [ERROR] LogOutputStream:75 - [STDERR_REDIRECT] [Fatal Error] :1:1: Premature end of file.
2026-04-04 17:06:26,685 [ERROR] LogOutputStream:75 - [STDERR_REDIRECT] 
2026-04-04 17:06:27,684 [ERROR] LogOutputStream:75 - [STDERR_REDIRECT] [Fatal Error] :1:1: Premature end of file.
2026-04-04 17:06:27,685 [ERROR] LogOutputStream:75 - [STDERR_REDIRECT] 
2026-04-04 17:06:28,674 [ERROR] LogOutputStream:75 - [STDERR_REDIRECT] [Fatal Error] :1:1: Premature end of file.
2026-04-04 17:06:28,676 [ERROR] LogOutputStream:75 - [STDERR_REDIRECT] 
2026-04-04 17:06:29,683 [ERROR] LogOutputStream:75 - [STDERR_REDIRECT] [Fatal Error] :1:1: Premature end of file.
2026-04-04 17:06:29,683 [ERROR] LogOutputStream:75 - [STDERR_REDIRECT] 
2026-04-04 17:06:30,676 [ERROR] LogOutputStream:75 - [STDERR_REDIRECT] [Fatal Error] :1:1: Premature end of file.
2026-04-04 17:06:30,677 [ERROR] LogOutputStream:75 - [STDERR_REDIRECT] 
2026-04-04 17:06:31,687 [ERROR] LogOutputStream:75 - [STDERR_REDIRECT] [Fatal Error] :1:1: Premature end of file.
2026-04-04 17:06:31,687 [ERROR] LogOutputStream:75 - [STDERR_REDIRECT] 
2026-04-04 17:06:32,682 [ERROR] LogOutputStream:75 - [STDERR_REDIRECT] [Fatal Error] :1:1: Premature end of file.
2026-04-04 17:06:32,682 [ERROR] LogOutputStream:75 - [STDERR_REDIRECT] 
2026-04-04 17:06:33,681 [ERROR] LogOutputStream:75 - [STDERR_REDIRECT] [Fatal Error] :1:1: Premature end of file.
2026-04-04 17:06:33,683 [ERROR] LogOutputStream:75 - [STDERR_REDIRECT] 
2026-04-04 17:06:34,672 [ERROR] LogOutputStream:75 - [STDERR_REDIRECT] [Fatal Error] :1:1: Premature end of file.
2026-04-04 17:06:34,672 [ERROR] LogOutputStream:75 - [STDERR_REDIRECT] 
2026-04-04 17:06:35,668 [ERROR] LogOutputStream:75 - [STDERR_REDIRECT] [Fatal Error] :1:1: Premature end of file.
2026-04-04 17:06:35,683 [ERROR] LogOutputStream:75 - [STDERR_REDIRECT] 
2026-04-04 17:06:36,679 [ERROR] LogOutputStream:75 - [STDERR_REDIRECT] [Fatal Error] :1:1: Premature end of file.
2026-04-04 17:06:36,679 [ERROR] LogOutputStream:75 - [STDERR_REDIRECT] 
2026-04-04 17:06:37,676 [ERROR] LogOutputStream:75 - [STDERR_REDIRECT] [Fatal Error] :1:1: Premature end of file.
2026-04-04 17:06:37,676 [ERROR] LogOutputStream:75 - [STDERR_REDIRECT] 
2026-04-04 17:06:38,689 [ERROR] LogOutputStream:75 - [STDERR_REDIRECT] [Fatal Error] :1:1: Premature end of file.
2026-04-04 17:06:38,690 [ERROR] LogOutputStream:75 - [STDERR_REDIRECT] 
2026-04-04 17:06:39,684 [ERROR] LogOutputStream:75 - [STDERR_REDIRECT] [Fatal Error] :1:1: Premature end of file.
2026-04-04 17:06:39,684 [ERROR] LogOutputStream:75 - [STDERR_REDIRECT] 
2026-04-04 17:06:40,682 [ERROR] LogOutputStream:75 - [STDERR_REDIRECT] [Fatal Error] :1:1: Premature end of file.
2026-04-04 17:06:40,684 [ERROR] LogOutputStream:75 - [STDERR_REDIRECT] 
2026-04-04 17:06:41,679 [ERROR] LogOutputStream:75 - [STDERR_REDIRECT] [Fatal Error] :1:1: Premature end of file.
2026-04-04 17:06:41,681 [ERROR] LogOutputStream:75 - [STDERR_REDIRECT] 
2026-04-04 17:06:42,676 [ERROR] LogOutputStream:75 - [STDERR_REDIRECT] [Fatal Error] :1:1: Premature end of file.
2026-04-04 17:06:42,676 [ERROR] LogOutputStream:75 - [STDERR_REDIRECT] 
2026-04-04 17:06:43,685 [ERROR] LogOutputStream:75 - [STDERR_REDIRECT] [Fatal Error] :1:1: Premature end of file.
2026-04-04 17:06:43,685 [ERROR] LogOutputStream:75 - [STDERR_REDIRECT] 
2026-04-04 17:06:44,686 [ERROR] LogOutputStream:75 - [STDERR_REDIRECT] [Fatal Error] :1:1: Premature end of file.
2026-04-04 17:06:44,686 [ERROR] LogOutputStream:75 - [STDERR_REDIRECT] 
2026-04-04 17:06:45,691 [ERROR] LogOutputStream:75 - [STDERR_REDIRECT] [Fatal Error] :1:1: Premature end of file.
2026-04-04 17:06:45,692 [ERROR] LogOutputStream:75 - [STDERR_REDIRECT] 
2026-04-04 17:11:22,325 [ERROR] LogOutputStream:75 - [STDERR_REDIRECT] [Fatal Error] :1:1: Premature end of file.
2026-04-04 17:11:22,325 [ERROR] LogOutputStream:75 - [STDERR_REDIRECT] 
2026-04-04 17:11:22,403 [ERROR] LogOutputStream:75 - [STDERR_REDIRECT] [Fatal Error] :1:1: Premature end of file.
2026-04-04 17:11:22,403 [ERROR] LogOutputStream:75 - [STDERR_REDIRECT] 
2026-04-04 17:11:22,459 [ERROR] LogOutputStream:75 - [STDERR_REDIRECT] [Fatal Error] :1:1: Premature end of file.
2026-04-04 17:11:22,459 [ERROR] LogOutputStream:75 - [STDERR_REDIRECT] 
2026-04-04 17:11:22,497 [ERROR] LogOutputStream:75 - [STDERR_REDIRECT] [Fatal Error] :1:1: Premature end of file.
2026-04-04 17:11:22,499 [ERROR] LogOutputStream:75 - [STDERR_REDIRECT] 
2026-04-04 17:11:22,542 [ERROR] LogOutputStream:75 - [STDERR_REDIRECT] [Fatal Error] :1:1: Premature end of file.
2026-04-04 17:11:22,542 [ERROR] LogOutputStream:75 - [STDERR_REDIRECT] 
2026-04-04 17:11:22,581 [ERROR] LogOutputStream:75 - [STDERR_REDIRECT] [Fatal Error] :1:1: Premature end of file.
2026-04-04 17:11:22,581 [ERROR] LogOutputStream:75 - [STDERR_REDIRECT] 
2026-04-04 17:11:22,615 [ERROR] LogOutputStream:75 - [STDERR_REDIRECT] [Fatal Error] :1:1: Premature end of file.
2026-04-04 17:11:22,615 [ERROR] LogOutputStream:75 - [STDERR_REDIRECT] 
2026-04-04 17:11:22,653 [ERROR] LogOutputStream:75 - [STDERR_REDIRECT] [Fatal Error] :1:1: Premature end of file.
2026-04-04 17:11:22,653 [ERROR] LogOutputStream:75 - [STDERR_REDIRECT] 
2026-04-04 17:11:22,697 [ERROR] LogOutputStream:75 - [STDERR_REDIRECT] [Fatal Error] :1:1: Premature end of file.
2026-04-04 17:11:22,697 [ERROR] LogOutputStream:75 - [STDERR_REDIRECT] 
2026-04-04 17:11:22,759 [ERROR] LogOutputStream:75 - [STDERR_REDIRECT] [Fatal Error] :1:1: Premature end of file.
2026-04-04 17:11:22,770 [ERROR] LogOutputStream:75 - [STDERR_REDIRECT] 
2026-04-04 17:11:22,817 [ERROR] LogOutputStream:75 - [STDERR_REDIRECT] [Fatal Error] :1:1: Premature end of file.
2026-04-04 17:11:22,817 [ERROR] LogOutputStream:75 - [STDERR_REDIRECT] 
2026-04-04 17:11:22,869 [ERROR] LogOutputStream:75 - [STDERR_REDIRECT] [Fatal Error] :1:1: Premature end of file.
2026-04-04 17:11:22,869 [ERROR] LogOutputStream:75 - [STDERR_REDIRECT] 
2026-04-04 17:11:22,913 [ERROR] LogOutputStream:75 - [STDERR_REDIRECT] [Fatal Error] :1:1: Premature end of file.
2026-04-04 17:11:22,913 [ERROR] LogOutputStream:75 - [STDERR_REDIRECT] 
2026-04-04 17:11:22,981 [ERROR] LogOutputStream:75 - [STDERR_REDIRECT] [Fatal Error] :1:1: Premature end of file.
2026-04-04 17:11:22,981 [ERROR] LogOutputStream:75 - [STDERR_REDIRECT] 
2026-04-04 17:11:23,039 [ERROR] LogOutputStream:75 - [STDERR_REDIRECT] [Fatal Error] :1:1: Premature end of file.
2026-04-04 17:11:23,039 [ERROR] LogOutputStream:75 - [STDERR_REDIRECT] 
2026-04-04 17:11:23,118 [ERROR] LogOutputStream:75 - [STDERR_REDIRECT] [Fatal Error] :1:1: Premature end of file.
2026-04-04 17:11:23,118 [ERROR] LogOutputStream:75 - [STDERR_REDIRECT] 
2026-04-04 17:11:23,213 [ERROR] LogOutputStream:75 - [STDERR_REDIRECT] [Fatal Error] :1:1: Premature end of file.
2026-04-04 17:11:23,213 [ERROR] LogOutputStream:75 - [STDERR_REDIRECT] 
2026-04-04 17:11:23,284 [ERROR] LogOutputStream:75 - [STDERR_REDIRECT] [Fatal Error] :1:1: Premature end of file.
2026-04-04 17:11:23,284 [ERROR] LogOutputStream:75 - [STDERR_REDIRECT] 
2026-04-04 17:11:23,347 [ERROR] LogOutputStream:75 - [STDERR_REDIRECT] [Fatal Error] :1:1: Premature end of file.
2026-04-04 17:11:23,347 [ERROR] LogOutputStream:75 - [STDERR_REDIRECT] 
2026-04-04 17:11:23,407 [ERROR] LogOutputStream:75 - [STDERR_REDIRECT] [Fatal Error] :1:1: Premature end of file.
2026-04-04 17:11:23,407 [ERROR] LogOutputStream:75 - [STDERR_REDIRECT] 
2026-04-04 17:11:23,456 [ERROR] LogOutputStream:75 - [STDERR_REDIRECT] [Fatal Error] :1:1: Premature end of file.
2026-04-04 17:11:23,456 [ERROR] LogOutputStream:75 - [STDERR_REDIRECT] 
2026-04-04 17:11:23,504 [ERROR] LogOutputStream:75 - [STDERR_REDIRECT] [Fatal Error] :1:1: Premature end of file.
2026-04-04 17:11:23,504 [ERROR] LogOutputStream:75 - [STDERR_REDIRECT] 
2026-04-04 17:11:23,537 [ERROR] LogOutputStream:75 - [STDERR_REDIRECT] [Fatal Error] :1:1: Premature end of file.
2026-04-04 17:11:23,537 [ERROR] LogOutputStream:75 - [STDERR_REDIRECT] 
2026-04-04 17:11:23,578 [ERROR] LogOutputStream:75 - [STDERR_REDIRECT] [Fatal Error] :1:1: Premature end of file.
2026-04-04 17:11:23,578 [ERROR] LogOutputStream:75 - [STDERR_REDIRECT] 
2026-04-04 17:11:23,613 [ERROR] LogOutputStream:75 - [STDERR_REDIRECT] [Fatal Error] :1:1: Premature end of file.
2026-04-04 17:11:23,613 [ERROR] LogOutputStream:75 - [STDERR_REDIRECT] 
2026-04-04 17:11:23,656 [ERROR] LogOutputStream:75 - [STDERR_REDIRECT] [Fatal Error] :1:1: Premature end of file.
2026-04-04 17:11:23,656 [ERROR] LogOutputStream:75 - [STDERR_REDIRECT] 
2026-04-04 17:11:23,709 [ERROR] LogOutputStream:75 - [STDERR_REDIRECT] [Fatal Error] :1:1: Premature end of file.
2026-04-04 17:11:23,709 [ERROR] LogOutputStream:75 - [STDERR_REDIRECT] 
2026-04-04 17:11:23,767 [ERROR] LogOutputStream:75 - [STDERR_REDIRECT] [Fatal Error] :1:1: Premature end of file.
2026-04-04 17:11:23,767 [ERROR] LogOutputStream:75 - [STDERR_REDIRECT] 
2026-04-04 17:11:23,820 [ERROR] LogOutputStream:75 - [STDERR_REDIRECT] [Fatal Error] :1:1: Premature end of file.
2026-04-04 17:11:23,820 [ERROR] LogOutputStream:75 - [STDERR_REDIRECT] 
2026-04-04 17:11:23,856 [ERROR] LogOutputStream:75 - [STDERR_REDIRECT] [Fatal Error] :1:1: Premature end of file.
2026-04-04 17:11:23,856 [ERROR] LogOutputStream:75 - [STDERR_REDIRECT] 
2026-04-04 17:11:23,889 [ERROR] LogOutputStream:75 - [STDERR_REDIRECT] [Fatal Error] :1:1: Premature end of file.
2026-04-04 17:11:23,889 [ERROR] LogOutputStream:75 - [STDERR_REDIRECT] 
2026-04-04 17:11:23,920 [ERROR] LogOutputStream:75 - [STDERR_REDIRECT] [Fatal Error] :1:1: Premature end of file.
2026-04-04 17:11:23,920 [ERROR] LogOutputStream:75 - [STDERR_REDIRECT] 
2026-04-04 17:11:23,946 [ERROR] LogOutputStream:75 - [STDERR_REDIRECT] [Fatal Error] :1:1: Premature end of file.
2026-04-04 17:11:23,946 [ERROR] LogOutputStream:75 - [STDERR_REDIRECT] 
2026-04-04 17:11:23,983 [ERROR] LogOutputStream:75 - [STDERR_REDIRECT] [Fatal Error] :1:1: Premature end of file.
2026-04-04 17:11:23,983 [ERROR] LogOutputStream:75 - [STDERR_REDIRECT] 
2026-04-04 17:11:24,026 [ERROR] LogOutputStream:75 - [STDERR_REDIRECT] [Fatal Error] :1:1: Premature end of file.
2026-04-04 17:11:24,029 [ERROR] LogOutputStream:75 - [STDERR_REDIRECT] 
2026-04-04 17:11:24,061 [ERROR] LogOutputStream:75 - [STDERR_REDIRECT] [Fatal Error] :1:1: Premature end of file.
2026-04-04 17:11:24,061 [ERROR] LogOutputStream:75 - [STDERR_REDIRECT] 
2026-04-04 17:11:24,091 [ERROR] LogOutputStream:75 - [STDERR_REDIRECT] [Fatal Error] :1:1: Premature end of file.
2026-04-04 17:11:24,092 [ERROR] LogOutputStream:75 - [STDERR_REDIRECT] 
2026-04-04 17:11:24,123 [ERROR] LogOutputStream:75 - [STDERR_REDIRECT] [Fatal Error] :1:1: Premature end of file.
2026-04-04 17:11:24,123 [ERROR] LogOutputStream:75 - [STDERR_REDIRECT] 
2026-04-04 17:11:24,160 [ERROR] LogOutputStream:75 - [STDERR_REDIRECT] [Fatal Error] :1:1: Premature end of file.
2026-04-04 17:11:24,160 [ERROR] LogOutputStream:75 - [STDERR_REDIRECT] 
2026-04-04 17:11:24,197 [ERROR] LogOutputStream:75 - [STDERR_REDIRECT] [Fatal Error] :1:1: Premature end of file.
2026-04-04 17:11:24,197 [ERROR] LogOutputStream:75 - [STDERR_REDIRECT] 
2026-04-04 17:11:24,228 [ERROR] LogOutputStream:75 - [STDERR_REDIRECT] [Fatal Error] :1:1: Premature end of file.
2026-04-04 17:11:24,228 [ERROR] LogOutputStream:75 - [STDERR_REDIRECT] 
2026-04-04 17:11:24,259 [ERROR] LogOutputStream:75 - [STDERR_REDIRECT] [Fatal Error] :1:1: Premature end of file.
2026-04-04 17:11:24,263 [ERROR] LogOutputStream:75 - [STDERR_REDIRECT] 
2026-04-04 17:11:24,304 [ERROR] LogOutputStream:75 - [STDERR_REDIRECT] [Fatal Error] :1:1: Premature end of file.
2026-04-04 17:11:24,304 [ERROR] LogOutputStream:75 - [STDERR_REDIRECT] 
2026-04-04 17:11:24,343 [ERROR] LogOutputStream:75 - [STDERR_REDIRECT] [Fatal Error] :1:1: Premature end of file.
2026-04-04 17:11:24,343 [ERROR] LogOutputStream:75 - [STDERR_REDIRECT] 
2026-04-04 17:11:24,359 [ERROR] LogOutputStream:75 - [STDERR_REDIRECT] [Fatal Error] :1:1: Premature end of file.
2026-04-04 17:11:24,359 [ERROR] LogOutputStream:75 - [STDERR_REDIRECT] 
2026-04-04 17:11:24,407 [ERROR] LogOutputStream:75 - [STDERR_REDIRECT] [Fatal Error] :1:1: Premature end of file.
2026-04-04 17:11:24,407 [ERROR] LogOutputStream:75 - [STDERR_REDIRECT] 
2026-04-04 17:11:24,768 [ERROR] LogOutputStream:75 - [STDERR_REDIRECT] [Fatal Error] :1:1: Premature end of file.
2026-04-04 17:11:24,768 [ERROR] LogOutputStream:75 - [STDERR_REDIRECT] 
2026-04-04 17:11:25,122 [ERROR] LogOutputStream:75 - [STDERR_REDIRECT] [Fatal Error] :1:1: Premature end of file.
2026-04-04 17:11:25,122 [ERROR] LogOutputStream:75 - [STDERR_REDIRECT] 
2026-04-04 17:11:25,846 [ERROR] LogOutputStream:75 - [STDERR_REDIRECT] [Fatal Error] :1:1: Premature end of file.
2026-04-04 17:11:25,867 [ERROR] LogOutputStream:75 - [STDERR_REDIRECT] 
2026-04-04 17:11:27,275 [ERROR] LogOutputStream:75 - [STDERR_REDIRECT] [Fatal Error] :1:1: Premature end of file.
2026-04-04 17:11:27,278 [ERROR] LogOutputStream:75 - [STDERR_REDIRECT] 
2026-04-04 17:11:27,581 [ERROR] LogOutputStream:75 - [STDERR_REDIRECT] [Fatal Error] :1:1: Premature end of file.
2026-04-04 17:11:27,581 [ERROR] LogOutputStream:75 - [STDERR_REDIRECT] 
2026-04-04 17:11:27,739 [ERROR] LogOutputStream:75 - [STDERR_REDIRECT] [Fatal Error] :1:1: Premature end of file.
2026-04-04 17:11:27,740 [ERROR] LogOutputStream:75 - [STDERR_REDIRECT] 
2026-04-04 17:11:28,806 [ERROR] LogOutputStream:75 - [STDERR_REDIRECT] [Fatal Error] :1:1: Premature end of file.
2026-04-04 17:11:28,807 [ERROR] LogOutputStream:75 - [STDERR_REDIRECT] 
2026-04-04 17:11:29,011 [ERROR] LogOutputStream:75 - [STDERR_REDIRECT] [Fatal Error] :1:1: Premature end of file.
2026-04-04 17:11:29,012 [ERROR] LogOutputStream:75 - [STDERR_REDIRECT] 
2026-04-04 17:11:29,194 [ERROR] LogOutputStream:75 - [STDERR_REDIRECT] [Fatal Error] :1:1: Premature end of file.
2026-04-04 17:11:29,194 [ERROR] LogOutputStream:75 - [STDERR_REDIRECT] 
2026-04-04 17:11:29,432 [ERROR] LogOutputStream:75 - [STDERR_REDIRECT] [Fatal Error] :1:1: Premature end of file.
2026-04-04 17:11:29,432 [ERROR] LogOutputStream:75 - [STDERR_REDIRECT] 
2026-04-04 17:11:29,584 [ERROR] LogOutputStream:75 - [STDERR_REDIRECT] [Fatal Error] :1:1: Premature end of file.
2026-04-04 17:11:29,585 [ERROR] LogOutputStream:75 - [STDERR_REDIRECT] 
2026-04-04 17:11:29,683 [ERROR] LogOutputStream:75 - [STDERR_REDIRECT] [Fatal Error] :1:1: Premature end of file.
2026-04-04 17:11:29,684 [ERROR] LogOutputStream:75 - [STDERR_REDIRECT] 
2026-04-04 17:11:29,793 [ERROR] LogOutputStream:75 - [STDERR_REDIRECT] [Fatal Error] :1:1: Premature end of file.
2026-04-04 17:11:29,794 [ERROR] LogOutputStream:75 - [STDERR_REDIRECT] 
2026-04-04 17:11:29,885 [ERROR] LogOutputStream:75 - [STDERR_REDIRECT] [Fatal Error] :1:1: Premature end of file.
2026-04-04 17:11:29,886 [ERROR] LogOutputStream:75 - [STDERR_REDIRECT] 
2026-04-04 17:11:29,981 [ERROR] LogOutputStream:75 - [STDERR_REDIRECT] [Fatal Error] :1:1: Premature end of file.
2026-04-04 17:11:29,981 [ERROR] LogOutputStream:75 - [STDERR_REDIRECT] 
2026-04-04 17:11:30,054 [ERROR] LogOutputStream:75 - [STDERR_REDIRECT] [Fatal Error] :1:1: Premature end of file.
2026-04-04 17:11:30,055 [ERROR] LogOutputStream:75 - [STDERR_REDIRECT] 
2026-04-04 17:11:30,112 [ERROR] LogOutputStream:75 - [STDERR_REDIRECT] [Fatal Error] :1:1: Premature end of file.
2026-04-04 17:11:30,113 [ERROR] LogOutputStream:75 - [STDERR_REDIRECT] 
2026-04-04 17:11:30,203 [ERROR] LogOutputStream:75 - [STDERR_REDIRECT] [Fatal Error] :1:1: Premature end of file.
2026-04-04 17:11:30,204 [ERROR] LogOutputStream:75 - [STDERR_REDIRECT] 
2026-04-04 17:11:30,291 [ERROR] LogOutputStream:75 - [STDERR_REDIRECT] [Fatal Error] :1:1: Premature end of file.
2026-04-04 17:11:30,291 [ERROR] LogOutputStream:75 - [STDERR_REDIRECT] 
2026-04-04 17:11:30,390 [ERROR] LogOutputStream:75 - [STDERR_REDIRECT] [Fatal Error] :1:1: Premature end of file.
2026-04-04 17:11:30,391 [ERROR] LogOutputStream:75 - [STDERR_REDIRECT] 
2026-04-04 17:11:30,533 [ERROR] LogOutputStream:75 - [STDERR_REDIRECT] [Fatal Error] :1:1: Premature end of file.
2026-04-04 17:11:30,537 [ERROR] LogOutputStream:75 - [STDERR_REDIRECT] 
2026-04-04 17:11:31,123 [ERROR] LogOutputStream:75 - [STDERR_REDIRECT] [Fatal Error] :1:1: Premature end of file.
2026-04-04 17:11:31,125 [ERROR] LogOutputStream:75 - [STDERR_REDIRECT] 
2026-04-04 17:11:31,343 [ERROR] LogOutputStream:75 - [STDERR_REDIRECT] [Fatal Error] :1:1: Premature end of file.
2026-04-04 17:11:31,343 [ERROR] LogOutputStream:75 - [STDERR_REDIRECT] 
2026-04-04 17:11:31,532 [ERROR] LogOutputStream:75 - [STDERR_REDIRECT] [Fatal Error] :1:1: Premature end of file.
2026-04-04 17:11:31,532 [ERROR] LogOutputStream:75 - [STDERR_REDIRECT] 
2026-04-04 17:11:31,765 [ERROR] LogOutputStream:75 - [STDERR_REDIRECT] [Fatal Error] :1:1: Premature end of file.
2026-04-04 17:11:31,765 [ERROR] LogOutputStream:75 - [STDERR_REDIRECT] 
2026-04-04 17:11:31,958 [ERROR] LogOutputStream:75 - [STDERR_REDIRECT] [Fatal Error] :1:1: Premature end of file.
2026-04-04 17:11:31,972 [ERROR] LogOutputStream:75 - [STDERR_REDIRECT] 
2026-04-04 17:11:32,083 [ERROR] LogOutputStream:75 - [STDERR_REDIRECT] [Fatal Error] :1:1: Premature end of file.
2026-04-04 17:11:32,098 [ERROR] LogOutputStream:75 - [STDERR_REDIRECT] 
2026-04-04 17:11:32,162 [ERROR] LogOutputStream:75 - [STDERR_REDIRECT] [Fatal Error] :1:1: Premature end of file.
2026-04-04 17:11:32,171 [ERROR] LogOutputStream:75 - [STDERR_REDIRECT] 
2026-04-04 17:11:32,235 [ERROR] LogOutputStream:75 - [STDERR_REDIRECT] [Fatal Error] :1:1: Premature end of file.
2026-04-04 17:11:32,235 [ERROR] LogOutputStream:75 - [STDERR_REDIRECT] 
2026-04-04 17:11:32,352 [ERROR] LogOutputStream:75 - [STDERR_REDIRECT] [Fatal Error] :1:1: Premature end of file.
2026-04-04 17:11:32,352 [ERROR] LogOutputStream:75 - [STDERR_REDIRECT] 
2026-04-04 17:11:32,452 [ERROR] LogOutputStream:75 - [STDERR_REDIRECT] [Fatal Error] :1:1: Premature end of file.
2026-04-04 17:11:32,452 [ERROR] LogOutputStream:75 - [STDERR_REDIRECT] 
2026-04-04 17:11:32,558 [ERROR] LogOutputStream:75 - [STDERR_REDIRECT] [Fatal Error] :1:1: Premature end of file.
2026-04-04 17:11:32,558 [ERROR] LogOutputStream:75 - [STDERR_REDIRECT] 
2026-04-04 17:11:32,673 [ERROR] LogOutputStream:75 - [STDERR_REDIRECT] [Fatal Error] :1:1: Premature end of file.
2026-04-04 17:11:32,673 [ERROR] LogOutputStream:75 - [STDERR_REDIRECT] 
2026-04-04 17:11:32,801 [ERROR] LogOutputStream:75 - [STDERR_REDIRECT] [Fatal Error] :1:1: Premature end of file.
2026-04-04 17:11:32,801 [ERROR] LogOutputStream:75 - [STDERR_REDIRECT] 
2026-04-04 17:11:32,930 [ERROR] LogOutputStream:75 - [STDERR_REDIRECT] [Fatal Error] :1:1: Premature end of file.
2026-04-04 17:11:32,930 [ERROR] LogOutputStream:75 - [STDERR_REDIRECT] 
2026-04-04 17:11:33,019 [ERROR] LogOutputStream:75 - [STDERR_REDIRECT] [Fatal Error] :1:1: Premature end of file.
2026-04-04 17:11:33,019 [ERROR] LogOutputStream:75 - [STDERR_REDIRECT] 
2026-04-04 17:11:33,113 [ERROR] LogOutputStream:75 - [STDERR_REDIRECT] [Fatal Error] :1:1: Premature end of file.
2026-04-04 17:11:33,113 [ERROR] LogOutputStream:75 - [STDERR_REDIRECT] 
2026-04-04 17:11:33,225 [ERROR] LogOutputStream:75 - [STDERR_REDIRECT] [Fatal Error] :1:1: Premature end of file.
2026-04-04 17:11:33,225 [ERROR] LogOutputStream:75 - [STDERR_REDIRECT] 
2026-04-04 17:11:33,319 [ERROR] LogOutputStream:75 - [STDERR_REDIRECT] [Fatal Error] :1:1: Premature end of file.
2026-04-04 17:11:33,319 [ERROR] LogOutputStream:75 - [STDERR_REDIRECT] 
2026-04-04 17:11:33,443 [ERROR] LogOutputStream:75 - [STDERR_REDIRECT] [Fatal Error] :1:1: Premature end of file.
2026-04-04 17:11:33,444 [ERROR] LogOutputStream:75 - [STDERR_REDIRECT] 
2026-04-04 17:11:33,562 [ERROR] LogOutputStream:75 - [STDERR_REDIRECT] [Fatal Error] :1:1: Premature end of file.
2026-04-04 17:11:33,564 [ERROR] LogOutputStream:75 - [STDERR_REDIRECT] 
2026-04-04 17:11:33,675 [ERROR] LogOutputStream:75 - [STDERR_REDIRECT] [Fatal Error] :1:1: Premature end of file.
2026-04-04 17:11:33,677 [ERROR] LogOutputStream:75 - [STDERR_REDIRECT] 
2026-04-04 17:11:33,774 [ERROR] LogOutputStream:75 - [STDERR_REDIRECT] [Fatal Error] :1:1: Premature end of file.
2026-04-04 17:11:33,775 [ERROR] LogOutputStream:75 - [STDERR_REDIRECT] 
2026-04-04 17:11:33,856 [ERROR] LogOutputStream:75 - [STDERR_REDIRECT] [Fatal Error] :1:1: Premature end of file.
2026-04-04 17:11:33,856 [ERROR] LogOutputStream:75 - [STDERR_REDIRECT] 
2026-04-04 17:11:33,967 [ERROR] LogOutputStream:75 - [STDERR_REDIRECT] [Fatal Error] :1:1: Premature end of file.
2026-04-04 17:11:33,968 [ERROR] LogOutputStream:75 - [STDERR_REDIRECT] 
2026-04-04 17:11:34,049 [ERROR] LogOutputStream:75 - [STDERR_REDIRECT] [Fatal Error] :1:1: Premature end of file.
2026-04-04 17:11:34,050 [ERROR] LogOutputStream:75 - [STDERR_REDIRECT] 
2026-04-04 17:11:34,143 [ERROR] LogOutputStream:75 - [STDERR_REDIRECT] [Fatal Error] :1:1: Premature end of file.
2026-04-04 17:11:34,143 [ERROR] LogOutputStream:75 - [STDERR_REDIRECT] 
2026-04-04 17:11:34,240 [ERROR] LogOutputStream:75 - [STDERR_REDIRECT] [Fatal Error] :1:1: Premature end of file.
2026-04-04 17:11:34,240 [ERROR] LogOutputStream:75 - [STDERR_REDIRECT] 
2026-04-04 17:11:34,301 [ERROR] LogOutputStream:75 - [STDERR_REDIRECT] [Fatal Error] :1:1: Premature end of file.
2026-04-04 17:11:34,301 [ERROR] LogOutputStream:75 - [STDERR_REDIRECT] 
2026-04-04 17:11:34,377 [ERROR] LogOutputStream:75 - [STDERR_REDIRECT] [Fatal Error] :1:1: Premature end of file.
2026-04-04 17:11:34,377 [ERROR] LogOutputStream:75 - [STDERR_REDIRECT] 
2026-04-04 17:11:34,454 [ERROR] LogOutputStream:75 - [STDERR_REDIRECT] [Fatal Error] :1:1: Premature end of file.
2026-04-04 17:11:34,456 [ERROR] LogOutputStream:75 - [STDERR_REDIRECT] 
2026-04-04 17:11:34,522 [ERROR] LogOutputStream:75 - [STDERR_REDIRECT] [Fatal Error] :1:1: Premature end of file.
2026-04-04 17:11:34,522 [ERROR] LogOutputStream:75 - [STDERR_REDIRECT] 
2026-04-04 17:11:34,590 [ERROR] LogOutputStream:75 - [STDERR_REDIRECT] [Fatal Error] :1:1: Premature end of file.
2026-04-04 17:11:34,590 [ERROR] LogOutputStream:75 - [STDERR_REDIRECT] 
2026-04-04 17:11:34,671 [ERROR] LogOutputStream:75 - [STDERR_REDIRECT] [Fatal Error] :1:1: Premature end of file.
2026-04-04 17:11:34,671 [ERROR] LogOutputStream:75 - [STDERR_REDIRECT] 
2026-04-04 17:11:34,745 [ERROR] LogOutputStream:75 - [STDERR_REDIRECT] [Fatal Error] :1:1: Premature end of file.
2026-04-04 17:11:34,746 [ERROR] LogOutputStream:75 - [STDERR_REDIRECT] 
2026-04-04 17:11:34,822 [ERROR] LogOutputStream:75 - [STDERR_REDIRECT] [Fatal Error] :1:1: Premature end of file.
2026-04-04 17:11:34,822 [ERROR] LogOutputStream:75 - [STDERR_REDIRECT] 
2026-04-04 17:11:34,894 [ERROR] LogOutputStream:75 - [STDERR_REDIRECT] [Fatal Error] :1:1: Premature end of file.
2026-04-04 17:11:34,894 [ERROR] LogOutputStream:75 - [STDERR_REDIRECT] 
2026-04-04 17:11:34,952 [ERROR] LogOutputStream:75 - [STDERR_REDIRECT] [Fatal Error] :1:1: Premature end of file.
2026-04-04 17:11:34,952 [ERROR] LogOutputStream:75 - [STDERR_REDIRECT] 
2026-04-04 17:11:35,014 [ERROR] LogOutputStream:75 - [STDERR_REDIRECT] [Fatal Error] :1:1: Premature end of file.
2026-04-04 17:11:35,014 [ERROR] LogOutputStream:75 - [STDERR_REDIRECT] 
2026-04-04 17:11:35,066 [ERROR] LogOutputStream:75 - [STDERR_REDIRECT] [Fatal Error] :1:1: Premature end of file.
2026-04-04 17:11:35,066 [ERROR] LogOutputStream:75 - [STDERR_REDIRECT] 
2026-04-04 17:11:35,122 [ERROR] LogOutputStream:75 - [STDERR_REDIRECT] [Fatal Error] :1:1: Premature end of file.
2026-04-04 17:11:35,122 [ERROR] LogOutputStream:75 - [STDERR_REDIRECT] 
2026-04-04 17:11:35,184 [ERROR] LogOutputStream:75 - [STDERR_REDIRECT] [Fatal Error] :1:1: Premature end of file.
2026-04-04 17:11:35,184 [ERROR] LogOutputStream:75 - [STDERR_REDIRECT] 
2026-04-04 17:11:35,238 [ERROR] LogOutputStream:75 - [STDERR_REDIRECT] [Fatal Error] :1:1: Premature end of file.
2026-04-04 17:11:35,238 [ERROR] LogOutputStream:75 - [STDERR_REDIRECT] 
2026-04-04 17:11:35,284 [ERROR] LogOutputStream:75 - [STDERR_REDIRECT] [Fatal Error] :1:1: Premature end of file.
2026-04-04 17:11:35,284 [ERROR] LogOutputStream:75 - [STDERR_REDIRECT] 
2026-04-04 17:11:35,342 [ERROR] LogOutputStream:75 - [STDERR_REDIRECT] [Fatal Error] :1:1: Premature end of file.
2026-04-04 17:11:35,342 [ERROR] LogOutputStream:75 - [STDERR_REDIRECT] 
2026-04-04 17:11:35,403 [ERROR] LogOutputStream:75 - [STDERR_REDIRECT] [Fatal Error] :1:1: Premature end of file.
2026-04-04 17:11:35,404 [ERROR] LogOutputStream:75 - [STDERR_REDIRECT] 
2026-04-04 17:11:35,463 [ERROR] LogOutputStream:75 - [STDERR_REDIRECT] [Fatal Error] :1:1: Premature end of file.
2026-04-04 17:11:35,464 [ERROR] LogOutputStream:75 - [STDERR_REDIRECT] 
2026-04-04 17:11:35,511 [ERROR] LogOutputStream:75 - [STDERR_REDIRECT] [Fatal Error] :1:1: Premature end of file.
2026-04-04 17:11:35,511 [ERROR] LogOutputStream:75 - [STDERR_REDIRECT] 
2026-04-04 17:11:35,563 [ERROR] LogOutputStream:75 - [STDERR_REDIRECT] [Fatal Error] :1:1: Premature end of file.
2026-04-04 17:11:35,563 [ERROR] LogOutputStream:75 - [STDERR_REDIRECT] 
2026-04-04 17:11:35,619 [ERROR] LogOutputStream:75 - [STDERR_REDIRECT] [Fatal Error] :1:1: Premature end of file.
2026-04-04 17:11:35,619 [ERROR] LogOutputStream:75 - [STDERR_REDIRECT] 
2026-04-04 17:11:35,692 [ERROR] LogOutputStream:75 - [STDERR_REDIRECT] [Fatal Error] :1:1: Premature end of file.
2026-04-04 17:11:35,693 [ERROR] LogOutputStream:75 - [STDERR_REDIRECT] 
2026-04-04 17:11:35,752 [ERROR] LogOutputStream:75 - [STDERR_REDIRECT] [Fatal Error] :1:1: Premature end of file.
2026-04-04 17:11:35,753 [ERROR] LogOutputStream:75 - [STDERR_REDIRECT] 
2026-04-04 17:11:35,822 [ERROR] LogOutputStream:75 - [STDERR_REDIRECT] [Fatal Error] :1:1: Premature end of file.
2026-04-04 17:11:35,822 [ERROR] LogOutputStream:75 - [STDERR_REDIRECT] 
2026-04-04 17:11:35,896 [ERROR] LogOutputStream:75 - [STDERR_REDIRECT] [Fatal Error] :1:1: Premature end of file.
2026-04-04 17:11:35,896 [ERROR] LogOutputStream:75 - [STDERR_REDIRECT] 
2026-04-04 17:11:35,967 [ERROR] LogOutputStream:75 - [STDERR_REDIRECT] [Fatal Error] :1:1: Premature end of file.
2026-04-04 17:11:35,967 [ERROR] LogOutputStream:75 - [STDERR_REDIRECT] 
2026-04-04 17:11:36,043 [ERROR] LogOutputStream:75 - [STDERR_REDIRECT] [Fatal Error] :1:1: Premature end of file.
2026-04-04 17:11:36,043 [ERROR] LogOutputStream:75 - [STDERR_REDIRECT] 
2026-04-04 17:11:36,118 [ERROR] LogOutputStream:75 - [STDERR_REDIRECT] [Fatal Error] :1:1: Premature end of file.
2026-04-04 17:11:36,118 [ERROR] LogOutputStream:75 - [STDERR_REDIRECT] 
2026-04-04 17:11:36,178 [ERROR] LogOutputStream:75 - [STDERR_REDIRECT] [Fatal Error] :1:1: Premature end of file.
2026-04-04 17:11:36,179 [ERROR] LogOutputStream:75 - [STDERR_REDIRECT] 
2026-04-04 17:11:36,227 [ERROR] LogOutputStream:75 - [STDERR_REDIRECT] [Fatal Error] :1:1: Premature end of file.
2026-04-04 17:11:36,227 [ERROR] LogOutputStream:75 - [STDERR_REDIRECT] 
2026-04-04 17:11:36,278 [ERROR] LogOutputStream:75 - [STDERR_REDIRECT] [Fatal Error] :1:1: Premature end of file.
2026-04-04 17:11:36,278 [ERROR] LogOutputStream:75 - [STDERR_REDIRECT] 
2026-04-04 17:11:36,319 [ERROR] LogOutputStream:75 - [STDERR_REDIRECT] [Fatal Error] :1:1: Premature end of file.
2026-04-04 17:11:36,319 [ERROR] LogOutputStream:75 - [STDERR_REDIRECT] 
2026-04-04 17:11:36,368 [ERROR] LogOutputStream:75 - [STDERR_REDIRECT] [Fatal Error] :1:1: Premature end of file.
2026-04-04 17:11:36,368 [ERROR] LogOutputStream:75 - [STDERR_REDIRECT] 
2026-04-04 17:11:36,429 [ERROR] LogOutputStream:75 - [STDERR_REDIRECT] [Fatal Error] :1:1: Premature end of file.
2026-04-04 17:11:36,429 [ERROR] LogOutputStream:75 - [STDERR_REDIRECT] 
2026-04-04 17:11:36,485 [ERROR] LogOutputStream:75 - [STDERR_REDIRECT] [Fatal Error] :1:1: Premature end of file.
2026-04-04 17:11:36,485 [ERROR] LogOutputStream:75 - [STDERR_REDIRECT] 
2026-04-04 17:11:36,528 [ERROR] LogOutputStream:75 - [STDERR_REDIRECT] [Fatal Error] :1:1: Premature end of file.
2026-04-04 17:11:36,528 [ERROR] LogOutputStream:75 - [STDERR_REDIRECT] 
2026-04-04 17:11:36,579 [ERROR] LogOutputStream:75 - [STDERR_REDIRECT] [Fatal Error] :1:1: Premature end of file.
2026-04-04 17:11:36,580 [ERROR] LogOutputStream:75 - [STDERR_REDIRECT] 
2026-04-04 17:11:36,652 [ERROR] LogOutputStream:75 - [STDERR_REDIRECT] [Fatal Error] :1:1: Premature end of file.
2026-04-04 17:11:36,652 [ERROR] LogOutputStream:75 - [STDERR_REDIRECT] 
2026-04-04 17:11:36,727 [ERROR] LogOutputStream:75 - [STDERR_REDIRECT] [Fatal Error] :1:1: Premature end of file.
2026-04-04 17:11:36,727 [ERROR] LogOutputStream:75 - [STDERR_REDIRECT] 
2026-04-04 17:11:36,808 [ERROR] LogOutputStream:75 - [STDERR_REDIRECT] [Fatal Error] :1:1: Premature end of file.
2026-04-04 17:11:36,812 [ERROR] LogOutputStream:75 - [STDERR_REDIRECT] 
2026-04-04 17:11:36,889 [ERROR] LogOutputStream:75 - [STDERR_REDIRECT] [Fatal Error] :1:1: Premature end of file.
2026-04-04 17:11:36,889 [ERROR] LogOutputStream:75 - [STDERR_REDIRECT] 
2026-04-04 17:11:36,960 [ERROR] LogOutputStream:75 - [STDERR_REDIRECT] [Fatal Error] :1:1: Premature end of file.
2026-04-04 17:11:36,960 [ERROR] LogOutputStream:75 - [STDERR_REDIRECT] 
2026-04-04 17:11:37,035 [ERROR] LogOutputStream:75 - [STDERR_REDIRECT] [Fatal Error] :1:1: Premature end of file.
2026-04-04 17:11:37,036 [ERROR] LogOutputStream:75 - [STDERR_REDIRECT] 
2026-04-04 17:11:37,114 [ERROR] LogOutputStream:75 - [STDERR_REDIRECT] [Fatal Error] :1:1: Premature end of file.
2026-04-04 17:11:37,114 [ERROR] LogOutputStream:75 - [STDERR_REDIRECT] 
2026-04-04 17:11:37,198 [ERROR] LogOutputStream:75 - [STDERR_REDIRECT] [Fatal Error] :1:1: Premature end of file.
2026-04-04 17:11:37,198 [ERROR] LogOutputStream:75 - [STDERR_REDIRECT] 
2026-04-04 17:11:37,272 [ERROR] LogOutputStream:75 - [STDERR_REDIRECT] [Fatal Error] :1:1: Premature end of file.
2026-04-04 17:11:37,272 [ERROR] LogOutputStream:75 - [STDERR_REDIRECT] 
2026-04-04 17:11:37,350 [ERROR] LogOutputStream:75 - [STDERR_REDIRECT] [Fatal Error] :1:1: Premature end of file.
2026-04-04 17:11:37,350 [ERROR] LogOutputStream:75 - [STDERR_REDIRECT] 
2026-04-04 17:11:37,437 [ERROR] LogOutputStream:75 - [STDERR_REDIRECT] [Fatal Error] :1:1: Premature end of file.
2026-04-04 17:11:37,437 [ERROR] LogOutputStream:75 - [STDERR_REDIRECT] 
2026-04-04 17:11:37,515 [ERROR] LogOutputStream:75 - [STDERR_REDIRECT] [Fatal Error] :1:1: Premature end of file.
2026-04-04 17:11:37,515 [ERROR] LogOutputStream:75 - [STDERR_REDIRECT] 
2026-04-04 17:11:37,600 [ERROR] LogOutputStream:75 - [STDERR_REDIRECT] [Fatal Error] :1:1: Premature end of file.
2026-04-04 17:11:37,600 [ERROR] LogOutputStream:75 - [STDERR_REDIRECT] 
2026-04-04 17:11:37,689 [ERROR] LogOutputStream:75 - [STDERR_REDIRECT] [Fatal Error] :1:1: Premature end of file.
2026-04-04 17:11:37,689 [ERROR] LogOutputStream:75 - [STDERR_REDIRECT] 
2026-04-04 17:11:37,768 [ERROR] LogOutputStream:75 - [STDERR_REDIRECT] [Fatal Error] :1:1: Premature end of file.
2026-04-04 17:11:37,768 [ERROR] LogOutputStream:75 - [STDERR_REDIRECT] 
2026-04-04 17:11:37,853 [ERROR] LogOutputStream:75 - [STDERR_REDIRECT] [Fatal Error] :1:1: Premature end of file.
2026-04-04 17:11:37,853 [ERROR] LogOutputStream:75 - [STDERR_REDIRECT] 
2026-04-04 17:11:37,938 [ERROR] LogOutputStream:75 - [STDERR_REDIRECT] [Fatal Error] :1:1: Premature end of file.
2026-04-04 17:11:37,938 [ERROR] LogOutputStream:75 - [STDERR_REDIRECT] 
2026-04-04 17:11:38,015 [ERROR] LogOutputStream:75 - [STDERR_REDIRECT] [Fatal Error] :1:1: Premature end of file.
2026-04-04 17:11:38,016 [ERROR] LogOutputStream:75 - [STDERR_REDIRECT] 
2026-04-04 17:11:38,087 [ERROR] LogOutputStream:75 - [STDERR_REDIRECT] [Fatal Error] :1:1: Premature end of file.
2026-04-04 17:11:38,087 [ERROR] LogOutputStream:75 - [STDERR_REDIRECT] 
2026-04-04 17:11:38,160 [ERROR] LogOutputStream:75 - [STDERR_REDIRECT] [Fatal Error] :1:1: Premature end of file.
2026-04-04 17:11:38,160 [ERROR] LogOutputStream:75 - [STDERR_REDIRECT] 
2026-04-04 17:11:38,222 [ERROR] LogOutputStream:75 - [STDERR_REDIRECT] [Fatal Error] :1:1: Premature end of file.
2026-04-04 17:11:38,222 [ERROR] LogOutputStream:75 - [STDERR_REDIRECT] 
2026-04-04 17:11:38,278 [ERROR] LogOutputStream:75 - [STDERR_REDIRECT] [Fatal Error] :1:1: Premature end of file.
2026-04-04 17:11:38,279 [ERROR] LogOutputStream:75 - [STDERR_REDIRECT] 
2026-04-04 17:11:38,330 [ERROR] LogOutputStream:75 - [STDERR_REDIRECT] [Fatal Error] :1:1: Premature end of file.
2026-04-04 17:11:38,331 [ERROR] LogOutputStream:75 - [STDERR_REDIRECT] 
2026-04-04 17:11:38,390 [ERROR] LogOutputStream:75 - [STDERR_REDIRECT] [Fatal Error] :1:1: Premature end of file.
2026-04-04 17:11:38,390 [ERROR] LogOutputStream:75 - [STDERR_REDIRECT] 
2026-04-04 17:11:38,442 [ERROR] LogOutputStream:75 - [STDERR_REDIRECT] [Fatal Error] :1:1: Premature end of file.
2026-04-04 17:11:38,442 [ERROR] LogOutputStream:75 - [STDERR_REDIRECT] 
2026-04-04 17:11:38,492 [ERROR] LogOutputStream:75 - [STDERR_REDIRECT] [Fatal Error] :1:1: Premature end of file.
2026-04-04 17:11:38,492 [ERROR] LogOutputStream:75 - [STDERR_REDIRECT] 
2026-04-04 17:11:38,535 [ERROR] LogOutputStream:75 - [STDERR_REDIRECT] [Fatal Error] :1:1: Premature end of file.
2026-04-04 17:11:38,535 [ERROR] LogOutputStream:75 - [STDERR_REDIRECT] 
2026-04-04 17:11:38,584 [ERROR] LogOutputStream:75 - [STDERR_REDIRECT] [Fatal Error] :1:1: Premature end of file.
2026-04-04 17:11:38,584 [ERROR] LogOutputStream:75 - [STDERR_REDIRECT] 
2026-04-04 17:11:38,640 [ERROR] LogOutputStream:75 - [STDERR_REDIRECT] [Fatal Error] :1:1: Premature end of file.
2026-04-04 17:11:38,640 [ERROR] LogOutputStream:75 - [STDERR_REDIRECT] 
2026-04-04 17:11:38,697 [ERROR] LogOutputStream:75 - [STDERR_REDIRECT] [Fatal Error] :1:1: Premature end of file.
2026-04-04 17:11:38,698 [ERROR] LogOutputStream:75 - [STDERR_REDIRECT] 
2026-04-04 17:11:38,756 [ERROR] LogOutputStream:75 - [STDERR_REDIRECT] [Fatal Error] :1:1: Premature end of file.
2026-04-04 17:11:38,756 [ERROR] LogOutputStream:75 - [STDERR_REDIRECT] 
2026-04-04 17:11:38,817 [ERROR] LogOutputStream:75 - [STDERR_REDIRECT] [Fatal Error] :1:1: Premature end of file.
2026-04-04 17:11:38,817 [ERROR] LogOutputStream:75 - [STDERR_REDIRECT] 
2026-04-04 17:11:38,877 [ERROR] LogOutputStream:75 - [STDERR_REDIRECT] [Fatal Error] :1:1: Premature end of file.
2026-04-04 17:11:38,877 [ERROR] LogOutputStream:75 - [STDERR_REDIRECT] 
2026-04-04 17:11:38,941 [ERROR] LogOutputStream:75 - [STDERR_REDIRECT] [Fatal Error] :1:1: Premature end of file.
2026-04-04 17:11:38,942 [ERROR] LogOutputStream:75 - [STDERR_REDIRECT] 
2026-04-04 17:11:38,997 [ERROR] LogOutputStream:75 - [STDERR_REDIRECT] [Fatal Error] :1:1: Premature end of file.
2026-04-04 17:11:38,997 [ERROR] LogOutputStream:75 - [STDERR_REDIRECT] 
2026-04-04 17:11:39,056 [ERROR] LogOutputStream:75 - [STDERR_REDIRECT] [Fatal Error] :1:1: Premature end of file.
2026-04-04 17:11:39,056 [ERROR] LogOutputStream:75 - [STDERR_REDIRECT] 
2026-04-04 17:11:39,101 [ERROR] LogOutputStream:75 - [STDERR_REDIRECT] [Fatal Error] :1:1: Premature end of file.
2026-04-04 17:11:39,101 [ERROR] LogOutputStream:75 - [STDERR_REDIRECT] 
2026-04-04 17:11:39,153 [ERROR] LogOutputStream:75 - [STDERR_REDIRECT] [Fatal Error] :1:1: Premature end of file.
2026-04-04 17:11:39,153 [ERROR] LogOutputStream:75 - [STDERR_REDIRECT] 
2026-04-04 17:11:39,202 [ERROR] LogOutputStream:75 - [STDERR_REDIRECT] [Fatal Error] :1:1: Premature end of file.
2026-04-04 17:11:39,202 [ERROR] LogOutputStream:75 - [STDERR_REDIRECT] 
2026-04-04 17:11:39,251 [ERROR] LogOutputStream:75 - [STDERR_REDIRECT] [Fatal Error] :1:1: Premature end of file.
2026-04-04 17:11:39,252 [ERROR] LogOutputStream:75 - [STDERR_REDIRECT] 
2026-04-04 17:11:39,313 [ERROR] LogOutputStream:75 - [STDERR_REDIRECT] [Fatal Error] :1:1: Premature end of file.
2026-04-04 17:11:39,313 [ERROR] LogOutputStream:75 - [STDERR_REDIRECT] 
2026-04-04 17:11:39,362 [ERROR] LogOutputStream:75 - [STDERR_REDIRECT] [Fatal Error] :1:1: Premature end of file.
2026-04-04 17:11:39,362 [ERROR] LogOutputStream:75 - [STDERR_REDIRECT] 
2026-04-04 17:11:39,409 [ERROR] LogOutputStream:75 - [STDERR_REDIRECT] [Fatal Error] :1:1: Premature end of file.
2026-04-04 17:11:39,410 [ERROR] LogOutputStream:75 - [STDERR_REDIRECT] 
2026-04-04 17:11:39,469 [ERROR] LogOutputStream:75 - [STDERR_REDIRECT] [Fatal Error] :1:1: Premature end of file.
2026-04-04 17:11:39,469 [ERROR] LogOutputStream:75 - [STDERR_REDIRECT] 
2026-04-04 17:11:39,525 [ERROR] LogOutputStream:75 - [STDERR_REDIRECT] [Fatal Error] :1:1: Premature end of file.
2026-04-04 17:11:39,525 [ERROR] LogOutputStream:75 - [STDERR_REDIRECT] 
2026-04-04 17:11:39,601 [ERROR] LogOutputStream:75 - [STDERR_REDIRECT] [Fatal Error] :1:1: Premature end of file.
2026-04-04 17:11:39,602 [ERROR] LogOutputStream:75 - [STDERR_REDIRECT] 
2026-04-04 17:11:39,676 [ERROR] LogOutputStream:75 - [STDERR_REDIRECT] [Fatal Error] :1:1: Premature end of file.
2026-04-04 17:11:39,677 [ERROR] LogOutputStream:75 - [STDERR_REDIRECT] 
2026-04-04 17:11:39,746 [ERROR] LogOutputStream:75 - [STDERR_REDIRECT] [Fatal Error] :1:1: Premature end of file.
2026-04-04 17:11:39,746 [ERROR] LogOutputStream:75 - [STDERR_REDIRECT] 
2026-04-04 17:11:39,805 [ERROR] LogOutputStream:75 - [STDERR_REDIRECT] [Fatal Error] :1:1: Premature end of file.
2026-04-04 17:11:39,805 [ERROR] LogOutputStream:75 - [STDERR_REDIRECT] 
2026-04-04 17:11:39,875 [ERROR] LogOutputStream:75 - [STDERR_REDIRECT] [Fatal Error] :1:1: Premature end of file.
2026-04-04 17:11:39,875 [ERROR] LogOutputStream:75 - [STDERR_REDIRECT] 
2026-04-04 17:11:39,938 [ERROR] LogOutputStream:75 - [STDERR_REDIRECT] [Fatal Error] :1:1: Premature end of file.
2026-04-04 17:11:39,939 [ERROR] LogOutputStream:75 - [STDERR_REDIRECT] 
2026-04-04 17:11:40,001 [ERROR] LogOutputStream:75 - [STDERR_REDIRECT] [Fatal Error] :1:1: Premature end of file.
2026-04-04 17:11:40,001 [ERROR] LogOutputStream:75 - [STDERR_REDIRECT] 
2026-04-04 17:11:40,055 [ERROR] LogOutputStream:75 - [STDERR_REDIRECT] [Fatal Error] :1:1: Premature end of file.
2026-04-04 17:11:40,055 [ERROR] LogOutputStream:75 - [STDERR_REDIRECT] 
2026-04-04 17:11:40,101 [ERROR] LogOutputStream:75 - [STDERR_REDIRECT] [Fatal Error] :1:1: Premature end of file.
2026-04-04 17:11:40,101 [ERROR] LogOutputStream:75 - [STDERR_REDIRECT] 
2026-04-04 17:11:40,154 [ERROR] LogOutputStream:75 - [STDERR_REDIRECT] [Fatal Error] :1:1: Premature end of file.
2026-04-04 17:11:40,154 [ERROR] LogOutputStream:75 - [STDERR_REDIRECT] 
2026-04-04 17:11:40,208 [ERROR] LogOutputStream:75 - [STDERR_REDIRECT] [Fatal Error] :1:1: Premature end of file.
2026-04-04 17:11:40,208 [ERROR] LogOutputStream:75 - [STDERR_REDIRECT] 
2026-04-04 17:11:40,271 [ERROR] LogOutputStream:75 - [STDERR_REDIRECT] [Fatal Error] :1:1: Premature end of file.
2026-04-04 17:11:40,271 [ERROR] LogOutputStream:75 - [STDERR_REDIRECT] 
2026-04-04 17:11:40,334 [ERROR] LogOutputStream:75 - [STDERR_REDIRECT] [Fatal Error] :1:1: Premature end of file.
2026-04-04 17:11:40,335 [ERROR] LogOutputStream:75 - [STDERR_REDIRECT] 
2026-04-04 17:11:40,413 [ERROR] LogOutputStream:75 - [STDERR_REDIRECT] [Fatal Error] :1:1: Premature end of file.
2026-04-04 17:11:40,413 [ERROR] LogOutputStream:75 - [STDERR_REDIRECT] 
2026-04-04 17:11:40,480 [ERROR] LogOutputStream:75 - [STDERR_REDIRECT] [Fatal Error] :1:1: Premature end of file.
2026-04-04 17:11:40,480 [ERROR] LogOutputStream:75 - [STDERR_REDIRECT] 
2026-04-04 17:11:40,549 [ERROR] LogOutputStream:75 - [STDERR_REDIRECT] [Fatal Error] :1:1: Premature end of file.
2026-04-04 17:11:40,549 [ERROR] LogOutputStream:75 - [STDERR_REDIRECT] 
2026-04-04 17:11:40,620 [ERROR] LogOutputStream:75 - [STDERR_REDIRECT] [Fatal Error] :1:1: Premature end of file.
2026-04-04 17:11:40,620 [ERROR] LogOutputStream:75 - [STDERR_REDIRECT] 
2026-04-04 17:11:40,699 [ERROR] LogOutputStream:75 - [STDERR_REDIRECT] [Fatal Error] :1:1: Premature end of file.
2026-04-04 17:11:40,699 [ERROR] LogOutputStream:75 - [STDERR_REDIRECT] 
2026-04-04 17:11:40,764 [ERROR] LogOutputStream:75 - [STDERR_REDIRECT] [Fatal Error] :1:1: Premature end of file.
2026-04-04 17:11:40,764 [ERROR] LogOutputStream:75 - [STDERR_REDIRECT] 
2026-04-04 17:11:40,836 [ERROR] LogOutputStream:75 - [STDERR_REDIRECT] [Fatal Error] :1:1: Premature end of file.
2026-04-04 17:11:40,836 [ERROR] LogOutputStream:75 - [STDERR_REDIRECT] 
2026-04-04 17:11:40,913 [ERROR] LogOutputStream:75 - [STDERR_REDIRECT] [Fatal Error] :1:1: Premature end of file.
2026-04-04 17:11:40,913 [ERROR] LogOutputStream:75 - [STDERR_REDIRECT] 
2026-04-04 17:11:40,976 [ERROR] LogOutputStream:75 - [STDERR_REDIRECT] [Fatal Error] :1:1: Premature end of file.
2026-04-04 17:11:40,976 [ERROR] LogOutputStream:75 - [STDERR_REDIRECT] 
2026-04-04 17:11:41,046 [ERROR] LogOutputStream:75 - [STDERR_REDIRECT] [Fatal Error] :1:1: Premature end of file.
2026-04-04 17:11:41,046 [ERROR] LogOutputStream:75 - [STDERR_REDIRECT] 
2026-04-04 17:11:41,111 [ERROR] LogOutputStream:75 - [STDERR_REDIRECT] [Fatal Error] :1:1: Premature end of file.
2026-04-04 17:11:41,111 [ERROR] LogOutputStream:75 - [STDERR_REDIRECT] 
2026-04-04 17:11:41,170 [ERROR] LogOutputStream:75 - [STDERR_REDIRECT] [Fatal Error] :1:1: Premature end of file.
2026-04-04 17:11:41,171 [ERROR] LogOutputStream:75 - [STDERR_REDIRECT] 
2026-04-04 17:11:41,249 [ERROR] LogOutputStream:75 - [STDERR_REDIRECT] [Fatal Error] :1:1: Premature end of file.
2026-04-04 17:11:41,249 [ERROR] LogOutputStream:75 - [STDERR_REDIRECT] 
2026-04-04 17:11:41,338 [ERROR] LogOutputStream:75 - [STDERR_REDIRECT] [Fatal Error] :1:1: Premature end of file.
2026-04-04 17:11:41,338 [ERROR] LogOutputStream:75 - [STDERR_REDIRECT] 
2026-04-04 17:11:41,418 [ERROR] LogOutputStream:75 - [STDERR_REDIRECT] [Fatal Error] :1:1: Premature end of file.
2026-04-04 17:11:41,419 [ERROR] LogOutputStream:75 - [STDERR_REDIRECT] 
2026-04-04 17:11:41,494 [ERROR] LogOutputStream:75 - [STDERR_REDIRECT] [Fatal Error] :1:1: Premature end of file.
2026-04-04 17:11:41,494 [ERROR] LogOutputStream:75 - [STDERR_REDIRECT] 
2026-04-04 17:11:41,561 [ERROR] LogOutputStream:75 - [STDERR_REDIRECT] [Fatal Error] :1:1: Premature end of file.
2026-04-04 17:11:41,562 [ERROR] LogOutputStream:75 - [STDERR_REDIRECT] 
2026-04-04 17:11:41,643 [ERROR] LogOutputStream:75 - [STDERR_REDIRECT] [Fatal Error] :1:1: Premature end of file.
2026-04-04 17:11:41,643 [ERROR] LogOutputStream:75 - [STDERR_REDIRECT] 
2026-04-04 17:11:41,703 [ERROR] LogOutputStream:75 - [STDERR_REDIRECT] [Fatal Error] :1:1: Premature end of file.
2026-04-04 17:11:41,703 [ERROR] LogOutputStream:75 - [STDERR_REDIRECT] 
2026-04-04 17:11:41,754 [ERROR] LogOutputStream:75 - [STDERR_REDIRECT] [Fatal Error] :1:1: Premature end of file.
2026-04-04 17:11:41,754 [ERROR] LogOutputStream:75 - [STDERR_REDIRECT] 
2026-04-04 17:11:41,807 [ERROR] LogOutputStream:75 - [STDERR_REDIRECT] [Fatal Error] :1:1: Premature end of file.
2026-04-04 17:11:41,807 [ERROR] LogOutputStream:75 - [STDERR_REDIRECT] 
2026-04-04 17:11:41,914 [ERROR] LogOutputStream:75 - [STDERR_REDIRECT] [Fatal Error] :1:1: Premature end of file.
2026-04-04 17:11:41,914 [ERROR] LogOutputStream:75 - [STDERR_REDIRECT] 
2026-04-04 17:11:42,058 [ERROR] LogOutputStream:75 - [STDERR_REDIRECT] [Fatal Error] :1:1: Premature end of file.
2026-04-04 17:11:42,058 [ERROR] LogOutputStream:75 - [STDERR_REDIRECT] 
2026-04-04 17:11:42,144 [ERROR] LogOutputStream:75 - [STDERR_REDIRECT] [Fatal Error] :1:1: Premature end of file.
2026-04-04 17:11:42,144 [ERROR] LogOutputStream:75 - [STDERR_REDIRECT] 
2026-04-04 17:11:42,246 [ERROR] LogOutputStream:75 - [STDERR_REDIRECT] [Fatal Error] :1:1: Premature end of file.
2026-04-04 17:11:42,246 [ERROR] LogOutputStream:75 - [STDERR_REDIRECT] 
2026-04-04 17:11:42,344 [ERROR] LogOutputStream:75 - [STDERR_REDIRECT] [Fatal Error] :1:1: Premature end of file.
2026-04-04 17:11:42,344 [ERROR] LogOutputStream:75 - [STDERR_REDIRECT] 
2026-04-04 17:11:42,421 [ERROR] LogOutputStream:75 - [STDERR_REDIRECT] [Fatal Error] :1:1: Premature end of file.
2026-04-04 17:11:42,421 [ERROR] LogOutputStream:75 - [STDERR_REDIRECT] 
2026-04-04 17:11:42,485 [ERROR] LogOutputStream:75 - [STDERR_REDIRECT] [Fatal Error] :1:1: Premature end of file.
2026-04-04 17:11:42,485 [ERROR] LogOutputStream:75 - [STDERR_REDIRECT] 
2026-04-04 17:11:42,548 [ERROR] LogOutputStream:75 - [STDERR_REDIRECT] [Fatal Error] :1:1: Premature end of file.
2026-04-04 17:11:42,548 [ERROR] LogOutputStream:75 - [STDERR_REDIRECT] 
2026-04-04 17:11:42,627 [ERROR] LogOutputStream:75 - [STDERR_REDIRECT] [Fatal Error] :1:1: Premature end of file.
2026-04-04 17:11:42,627 [ERROR] LogOutputStream:75 - [STDERR_REDIRECT] 
2026-04-04 17:11:42,693 [ERROR] LogOutputStream:75 - [STDERR_REDIRECT] [Fatal Error] :1:1: Premature end of file.
2026-04-04 17:11:42,693 [ERROR] LogOutputStream:75 - [STDERR_REDIRECT] 
2026-04-04 17:11:42,753 [ERROR] LogOutputStream:75 - [STDERR_REDIRECT] [Fatal Error] :1:1: Premature end of file.
2026-04-04 17:11:42,753 [ERROR] LogOutputStream:75 - [STDERR_REDIRECT] 
2026-04-04 17:11:42,800 [ERROR] LogOutputStream:75 - [STDERR_REDIRECT] [Fatal Error] :1:1: Premature end of file.
2026-04-04 17:11:42,800 [ERROR] LogOutputStream:75 - [STDERR_REDIRECT] 
2026-04-04 17:11:42,876 [ERROR] LogOutputStream:75 - [STDERR_REDIRECT] [Fatal Error] :1:1: Premature end of file.
2026-04-04 17:11:42,876 [ERROR] LogOutputStream:75 - [STDERR_REDIRECT] 
2026-04-04 17:11:42,933 [ERROR] LogOutputStream:75 - [STDERR_REDIRECT] [Fatal Error] :1:1: Premature end of file.
2026-04-04 17:11:42,933 [ERROR] LogOutputStream:75 - [STDERR_REDIRECT] 
2026-04-04 17:11:42,995 [ERROR] LogOutputStream:75 - [STDERR_REDIRECT] [Fatal Error] :1:1: Premature end of file.
2026-04-04 17:11:42,995 [ERROR] LogOutputStream:75 - [STDERR_REDIRECT] 
2026-04-04 17:11:43,055 [ERROR] LogOutputStream:75 - [STDERR_REDIRECT] [Fatal Error] :1:1: Premature end of file.
2026-04-04 17:11:43,055 [ERROR] LogOutputStream:75 - [STDERR_REDIRECT] 
2026-04-04 17:11:43,125 [ERROR] LogOutputStream:75 - [STDERR_REDIRECT] [Fatal Error] :1:1: Premature end of file.
2026-04-04 17:11:43,127 [ERROR] LogOutputStream:75 - [STDERR_REDIRECT] 
2026-04-04 17:11:43,244 [ERROR] LogOutputStream:75 - [STDERR_REDIRECT] [Fatal Error] :1:1: Premature end of file.
2026-04-04 17:11:43,244 [ERROR] LogOutputStream:75 - [STDERR_REDIRECT] 
2026-04-04 17:11:43,396 [ERROR] LogOutputStream:75 - [STDERR_REDIRECT] [Fatal Error] :1:1: Premature end of file.
2026-04-04 17:11:43,396 [ERROR] LogOutputStream:75 - [STDERR_REDIRECT] 
2026-04-04 17:11:43,956 [ERROR] LogOutputStream:75 - [STDERR_REDIRECT] [Fatal Error] :1:1: Premature end of file.
2026-04-04 17:11:43,956 [ERROR] LogOutputStream:75 - [STDERR_REDIRECT] 
2026-04-04 17:11:44,118 [ERROR] LogOutputStream:75 - [STDERR_REDIRECT] [Fatal Error] :1:1: Premature end of file.
2026-04-04 17:11:44,126 [ERROR] LogOutputStream:75 - [STDERR_REDIRECT] 
2026-04-04 17:11:44,210 [ERROR] LogOutputStream:75 - [STDERR_REDIRECT] [Fatal Error] :1:1: Premature end of file.
2026-04-04 17:11:44,212 [ERROR] LogOutputStream:75 - [STDERR_REDIRECT] 
2026-04-04 17:11:44,307 [ERROR] LogOutputStream:75 - [STDERR_REDIRECT] [Fatal Error] :1:1: Premature end of file.
2026-04-04 17:11:44,307 [ERROR] LogOutputStream:75 - [STDERR_REDIRECT] 
2026-04-04 17:11:44,380 [ERROR] LogOutputStream:75 - [STDERR_REDIRECT] [Fatal Error] :1:1: Premature end of file.
2026-04-04 17:11:44,380 [ERROR] LogOutputStream:75 - [STDERR_REDIRECT] 
2026-04-04 17:11:44,465 [ERROR] LogOutputStream:75 - [STDERR_REDIRECT] [Fatal Error] :1:1: Premature end of file.
2026-04-04 17:11:44,465 [ERROR] LogOutputStream:75 - [STDERR_REDIRECT] 
2026-04-04 17:11:44,521 [ERROR] LogOutputStream:75 - [STDERR_REDIRECT] [Fatal Error] :1:1: Premature end of file.
2026-04-04 17:11:44,521 [ERROR] LogOutputStream:75 - [STDERR_REDIRECT] 
2026-04-04 17:11:44,583 [ERROR] LogOutputStream:75 - [STDERR_REDIRECT] [Fatal Error] :1:1: Premature end of file.
2026-04-04 17:11:44,583 [ERROR] LogOutputStream:75 - [STDERR_REDIRECT] 
2026-04-04 17:11:44,663 [ERROR] LogOutputStream:75 - [STDERR_REDIRECT] [Fatal Error] :1:1: Premature end of file.
2026-04-04 17:11:44,663 [ERROR] LogOutputStream:75 - [STDERR_REDIRECT] 
2026-04-04 17:11:44,771 [ERROR] LogOutputStream:75 - [STDERR_REDIRECT] [Fatal Error] :1:1: Premature end of file.
2026-04-04 17:11:44,771 [ERROR] LogOutputStream:75 - [STDERR_REDIRECT] 
2026-04-04 17:11:44,869 [ERROR] LogOutputStream:75 - [STDERR_REDIRECT] [Fatal Error] :1:1: Premature end of file.
2026-04-04 17:11:44,885 [ERROR] LogOutputStream:75 - [STDERR_REDIRECT] 
2026-04-04 17:11:44,980 [ERROR] LogOutputStream:75 - [STDERR_REDIRECT] [Fatal Error] :1:1: Premature end of file.
2026-04-04 17:11:44,980 [ERROR] LogOutputStream:75 - [STDERR_REDIRECT] 
2026-04-04 17:11:45,091 [ERROR] LogOutputStream:75 - [STDERR_REDIRECT] [Fatal Error] :1:1: Premature end of file.
2026-04-04 17:11:45,091 [ERROR] LogOutputStream:75 - [STDERR_REDIRECT] 
2026-04-04 17:11:45,265 [ERROR] LogOutputStream:75 - [STDERR_REDIRECT] [Fatal Error] :1:1: Premature end of file.
2026-04-04 17:11:45,265 [ERROR] LogOutputStream:75 - [STDERR_REDIRECT] 
2026-04-04 17:11:45,393 [ERROR] LogOutputStream:75 - [STDERR_REDIRECT] [Fatal Error] :1:1: Premature end of file.
2026-04-04 17:11:45,393 [ERROR] LogOutputStream:75 - [STDERR_REDIRECT] 
2026-04-04 17:11:45,504 [ERROR] LogOutputStream:75 - [STDERR_REDIRECT] [Fatal Error] :1:1: Premature end of file.
2026-04-04 17:11:45,504 [ERROR] LogOutputStream:75 - [STDERR_REDIRECT] 
2026-04-04 17:11:45,579 [ERROR] LogOutputStream:75 - [STDERR_REDIRECT] [Fatal Error] :1:1: Premature end of file.
2026-04-04 17:11:45,579 [ERROR] LogOutputStream:75 - [STDERR_REDIRECT] 
2026-04-04 17:11:45,630 [ERROR] LogOutputStream:75 - [STDERR_REDIRECT] [Fatal Error] :1:1: Premature end of file.
2026-04-04 17:11:45,630 [ERROR] LogOutputStream:75 - [STDERR_REDIRECT] 
2026-04-04 17:11:45,710 [ERROR] LogOutputStream:75 - [STDERR_REDIRECT] [Fatal Error] :1:1: Premature end of file.
2026-04-04 17:11:45,710 [ERROR] LogOutputStream:75 - [STDERR_REDIRECT] 
2026-04-04 17:11:45,758 [ERROR] LogOutputStream:75 - [STDERR_REDIRECT] [Fatal Error] :1:1: Premature end of file.
2026-04-04 17:11:45,758 [ERROR] LogOutputStream:75 - [STDERR_REDIRECT] 
2026-04-04 17:11:45,827 [ERROR] LogOutputStream:75 - [STDERR_REDIRECT] [Fatal Error] :1:1: Premature end of file.
2026-04-04 17:11:45,827 [ERROR] LogOutputStream:75 - [STDERR_REDIRECT] 
2026-04-04 17:11:45,890 [ERROR] LogOutputStream:75 - [STDERR_REDIRECT] [Fatal Error] :1:1: Premature end of file.
2026-04-04 17:11:45,892 [ERROR] LogOutputStream:75 - [STDERR_REDIRECT] 
2026-04-04 17:11:45,941 [ERROR] LogOutputStream:75 - [STDERR_REDIRECT] [Fatal Error] :1:1: Premature end of file.
2026-04-04 17:11:45,941 [ERROR] LogOutputStream:75 - [STDERR_REDIRECT] 
2026-04-04 17:11:46,013 [ERROR] LogOutputStream:75 - [STDERR_REDIRECT] [Fatal Error] :1:1: Premature end of file.
2026-04-04 17:11:46,013 [ERROR] LogOutputStream:75 - [STDERR_REDIRECT] 
2026-04-04 17:11:46,076 [ERROR] LogOutputStream:75 - [STDERR_REDIRECT] [Fatal Error] :1:1: Premature end of file.
2026-04-04 17:11:46,076 [ERROR] LogOutputStream:75 - [STDERR_REDIRECT] 
2026-04-04 17:11:46,139 [ERROR] LogOutputStream:75 - [STDERR_REDIRECT] [Fatal Error] :1:1: Premature end of file.
2026-04-04 17:11:46,139 [ERROR] LogOutputStream:75 - [STDERR_REDIRECT] 
2026-04-04 17:11:46,197 [ERROR] LogOutputStream:75 - [STDERR_REDIRECT] [Fatal Error] :1:1: Premature end of file.
2026-04-04 17:11:46,197 [ERROR] LogOutputStream:75 - [STDERR_REDIRECT] 
2026-04-04 17:11:46,254 [ERROR] LogOutputStream:75 - [STDERR_REDIRECT] [Fatal Error] :1:1: Premature end of file.
2026-04-04 17:11:46,254 [ERROR] LogOutputStream:75 - [STDERR_REDIRECT] 
2026-04-04 17:11:46,321 [ERROR] LogOutputStream:75 - [STDERR_REDIRECT] [Fatal Error] :1:1: Premature end of file.
2026-04-04 17:11:46,321 [ERROR] LogOutputStream:75 - [STDERR_REDIRECT] 
2026-04-04 17:11:46,377 [ERROR] LogOutputStream:75 - [STDERR_REDIRECT] [Fatal Error] :1:1: Premature end of file.
2026-04-04 17:11:46,377 [ERROR] LogOutputStream:75 - [STDERR_REDIRECT] 
2026-04-04 17:11:46,453 [ERROR] LogOutputStream:75 - [STDERR_REDIRECT] [Fatal Error] :1:1: Premature end of file.
2026-04-04 17:11:46,453 [ERROR] LogOutputStream:75 - [STDERR_REDIRECT] 
2026-04-04 17:11:46,520 [ERROR] LogOutputStream:75 - [STDERR_REDIRECT] [Fatal Error] :1:1: Premature end of file.
2026-04-04 17:11:46,520 [ERROR] LogOutputStream:75 - [STDERR_REDIRECT] 
2026-04-04 17:11:46,584 [ERROR] LogOutputStream:75 - [STDERR_REDIRECT] [Fatal Error] :1:1: Premature end of file.
2026-04-04 17:11:46,584 [ERROR] LogOutputStream:75 - [STDERR_REDIRECT] 
2026-04-04 17:11:46,647 [ERROR] LogOutputStream:75 - [STDERR_REDIRECT] [Fatal Error] :1:1: Premature end of file.
2026-04-04 17:11:46,647 [ERROR] LogOutputStream:75 - [STDERR_REDIRECT] 
2026-04-04 17:11:46,726 [ERROR] LogOutputStream:75 - [STDERR_REDIRECT] [Fatal Error] :1:1: Premature end of file.
2026-04-04 17:11:46,726 [ERROR] LogOutputStream:75 - [STDERR_REDIRECT] 
2026-04-04 17:11:46,790 [ERROR] LogOutputStream:75 - [STDERR_REDIRECT] [Fatal Error] :1:1: Premature end of file.
2026-04-04 17:11:46,790 [ERROR] LogOutputStream:75 - [STDERR_REDIRECT] 
2026-04-04 17:11:46,855 [ERROR] LogOutputStream:75 - [STDERR_REDIRECT] [Fatal Error] :1:1: Premature end of file.
2026-04-04 17:11:46,855 [ERROR] LogOutputStream:75 - [STDERR_REDIRECT] 
2026-04-04 17:11:46,913 [ERROR] LogOutputStream:75 - [STDERR_REDIRECT] [Fatal Error] :1:1: Premature end of file.
2026-04-04 17:11:46,913 [ERROR] LogOutputStream:75 - [STDERR_REDIRECT] 
2026-04-04 17:11:46,980 [ERROR] LogOutputStream:75 - [STDERR_REDIRECT] [Fatal Error] :1:1: Premature end of file.
2026-04-04 17:11:46,980 [ERROR] LogOutputStream:75 - [STDERR_REDIRECT] 
2026-04-04 17:11:47,043 [ERROR] LogOutputStream:75 - [STDERR_REDIRECT] [Fatal Error] :1:1: Premature end of file.
2026-04-04 17:11:47,043 [ERROR] LogOutputStream:75 - [STDERR_REDIRECT] 
2026-04-04 17:11:47,106 [ERROR] LogOutputStream:75 - [STDERR_REDIRECT] [Fatal Error] :1:1: Premature end of file.
2026-04-04 17:11:47,106 [ERROR] LogOutputStream:75 - [STDERR_REDIRECT] 
2026-04-04 17:11:47,161 [ERROR] LogOutputStream:75 - [STDERR_REDIRECT] [Fatal Error] :1:1: Premature end of file.
2026-04-04 17:11:47,161 [ERROR] LogOutputStream:75 - [STDERR_REDIRECT] 
2026-04-04 17:11:47,218 [ERROR] LogOutputStream:75 - [STDERR_REDIRECT] [Fatal Error] :1:1: Premature end of file.
2026-04-04 17:11:47,218 [ERROR] LogOutputStream:75 - [STDERR_REDIRECT] 
2026-04-04 17:11:47,276 [ERROR] LogOutputStream:75 - [STDERR_REDIRECT] [Fatal Error] :1:1: Premature end of file.
2026-04-04 17:11:47,276 [ERROR] LogOutputStream:75 - [STDERR_REDIRECT] 
2026-04-04 17:11:47,336 [ERROR] LogOutputStream:75 - [STDERR_REDIRECT] [Fatal Error] :1:1: Premature end of file.
2026-04-04 17:11:47,336 [ERROR] LogOutputStream:75 - [STDERR_REDIRECT] 
2026-04-04 17:11:47,409 [ERROR] LogOutputStream:75 - [STDERR_REDIRECT] [Fatal Error] :1:1: Premature end of file.
2026-04-04 17:11:47,409 [ERROR] LogOutputStream:75 - [STDERR_REDIRECT] 
2026-04-04 17:11:47,492 [ERROR] LogOutputStream:75 - [STDERR_REDIRECT] [Fatal Error] :1:1: Premature end of file.
2026-04-04 17:11:47,492 [ERROR] LogOutputStream:75 - [STDERR_REDIRECT] 
2026-04-04 17:11:47,560 [ERROR] LogOutputStream:75 - [STDERR_REDIRECT] [Fatal Error] :1:1: Premature end of file.
2026-04-04 17:11:47,560 [ERROR] LogOutputStream:75 - [STDERR_REDIRECT] 
2026-04-04 17:11:47,633 [ERROR] LogOutputStream:75 - [STDERR_REDIRECT] [Fatal Error] :1:1: Premature end of file.
2026-04-04 17:11:47,633 [ERROR] LogOutputStream:75 - [STDERR_REDIRECT] 
2026-04-04 17:11:47,697 [ERROR] LogOutputStream:75 - [STDERR_REDIRECT] [Fatal Error] :1:1: Premature end of file.
2026-04-04 17:11:47,697 [ERROR] LogOutputStream:75 - [STDERR_REDIRECT] 
2026-04-04 17:11:47,766 [ERROR] LogOutputStream:75 - [STDERR_REDIRECT] [Fatal Error] :1:1: Premature end of file.
2026-04-04 17:11:47,766 [ERROR] LogOutputStream:75 - [STDERR_REDIRECT] 
2026-04-04 17:11:47,830 [ERROR] LogOutputStream:75 - [STDERR_REDIRECT] [Fatal Error] :1:1: Premature end of file.
2026-04-04 17:11:47,830 [ERROR] LogOutputStream:75 - [STDERR_REDIRECT] 
2026-04-04 17:11:47,896 [ERROR] LogOutputStream:75 - [STDERR_REDIRECT] [Fatal Error] :1:1: Premature end of file.
2026-04-04 17:11:47,896 [ERROR] LogOutputStream:75 - [STDERR_REDIRECT] 
2026-04-04 17:11:47,968 [ERROR] LogOutputStream:75 - [STDERR_REDIRECT] [Fatal Error] :1:1: Premature end of file.
2026-04-04 17:11:47,968 [ERROR] LogOutputStream:75 - [STDERR_REDIRECT] 
2026-04-04 17:11:48,034 [ERROR] LogOutputStream:75 - [STDERR_REDIRECT] [Fatal Error] :1:1: Premature end of file.
2026-04-04 17:11:48,034 [ERROR] LogOutputStream:75 - [STDERR_REDIRECT] 
2026-04-04 17:11:48,093 [ERROR] LogOutputStream:75 - [STDERR_REDIRECT] [Fatal Error] :1:1: Premature end of file.
2026-04-04 17:11:48,093 [ERROR] LogOutputStream:75 - [STDERR_REDIRECT] 
2026-04-04 17:11:48,156 [ERROR] LogOutputStream:75 - [STDERR_REDIRECT] [Fatal Error] :1:1: Premature end of file.
2026-04-04 17:11:48,156 [ERROR] LogOutputStream:75 - [STDERR_REDIRECT] 
2026-04-04 17:11:48,281 [ERROR] LogOutputStream:75 - [STDERR_REDIRECT] [Fatal Error] :1:1: Premature end of file.
2026-04-04 17:11:48,281 [ERROR] LogOutputStream:75 - [STDERR_REDIRECT] 
2026-04-04 17:11:48,538 [ERROR] LogOutputStream:75 - [STDERR_REDIRECT] [Fatal Error] :1:1: Premature end of file.
2026-04-04 17:11:48,540 [ERROR] LogOutputStream:75 - [STDERR_REDIRECT] 
2026-04-04 17:11:48,758 [ERROR] LogOutputStream:75 - [STDERR_REDIRECT] [Fatal Error] :1:1: Premature end of file.
2026-04-04 17:11:48,758 [ERROR] LogOutputStream:75 - [STDERR_REDIRECT] 
2026-04-04 17:11:48,967 [ERROR] LogOutputStream:75 - [STDERR_REDIRECT] [Fatal Error] :1:1: Premature end of file.
2026-04-04 17:11:48,967 [ERROR] LogOutputStream:75 - [STDERR_REDIRECT] 
2026-04-04 17:11:49,128 [ERROR] LogOutputStream:75 - [STDERR_REDIRECT] [Fatal Error] :1:1: Premature end of file.
2026-04-04 17:11:49,128 [ERROR] LogOutputStream:75 - [STDERR_REDIRECT] 
2026-04-04 17:11:49,216 [ERROR] LogOutputStream:75 - [STDERR_REDIRECT] [Fatal Error] :1:1: Premature end of file.
2026-04-04 17:11:49,216 [ERROR] LogOutputStream:75 - [STDERR_REDIRECT] 
2026-04-04 17:11:49,283 [ERROR] LogOutputStream:75 - [STDERR_REDIRECT] [Fatal Error] :1:1: Premature end of file.
2026-04-04 17:11:49,283 [ERROR] LogOutputStream:75 - [STDERR_REDIRECT] 
2026-04-04 17:11:49,348 [ERROR] LogOutputStream:75 - [STDERR_REDIRECT] [Fatal Error] :1:1: Premature end of file.
2026-04-04 17:11:49,351 [ERROR] LogOutputStream:75 - [STDERR_REDIRECT] 
2026-04-04 17:11:49,410 [ERROR] LogOutputStream:75 - [STDERR_REDIRECT] [Fatal Error] :1:1: Premature end of file.
2026-04-04 17:11:49,412 [ERROR] LogOutputStream:75 - [STDERR_REDIRECT] 
2026-04-04 17:11:49,472 [ERROR] LogOutputStream:75 - [STDERR_REDIRECT] [Fatal Error] :1:1: Premature end of file.
2026-04-04 17:11:49,472 [ERROR] LogOutputStream:75 - [STDERR_REDIRECT] 
2026-04-04 17:11:49,532 [ERROR] LogOutputStream:75 - [STDERR_REDIRECT] [Fatal Error] :1:1: Premature end of file.
2026-04-04 17:11:49,532 [ERROR] LogOutputStream:75 - [STDERR_REDIRECT] 
2026-04-04 17:11:49,600 [ERROR] LogOutputStream:75 - [STDERR_REDIRECT] [Fatal Error] :1:1: Premature end of file.
2026-04-04 17:11:49,600 [ERROR] LogOutputStream:75 - [STDERR_REDIRECT] 
2026-04-04 17:11:49,659 [ERROR] LogOutputStream:75 - [STDERR_REDIRECT] [Fatal Error] :1:1: Premature end of file.
2026-04-04 17:11:49,659 [ERROR] LogOutputStream:75 - [STDERR_REDIRECT] 
2026-04-04 17:11:49,728 [ERROR] LogOutputStream:75 - [STDERR_REDIRECT] [Fatal Error] :1:1: Premature end of file.
2026-04-04 17:11:49,729 [ERROR] LogOutputStream:75 - [STDERR_REDIRECT] 
2026-04-04 17:11:49,788 [ERROR] LogOutputStream:75 - [STDERR_REDIRECT] [Fatal Error] :1:1: Premature end of file.
2026-04-04 17:11:49,790 [ERROR] LogOutputStream:75 - [STDERR_REDIRECT] 
2026-04-04 17:11:49,853 [ERROR] LogOutputStream:75 - [STDERR_REDIRECT] [Fatal Error] :1:1: Premature end of file.
2026-04-04 17:11:49,855 [ERROR] LogOutputStream:75 - [STDERR_REDIRECT] 
2026-04-04 17:11:49,913 [ERROR] LogOutputStream:75 - [STDERR_REDIRECT] [Fatal Error] :1:1: Premature end of file.
2026-04-04 17:11:49,913 [ERROR] LogOutputStream:75 - [STDERR_REDIRECT] 
2026-04-04 17:11:50,673 [ERROR] LogOutputStream:75 - [STDERR_REDIRECT] [Fatal Error] :1:1: Premature end of file.
2026-04-04 17:11:50,673 [ERROR] LogOutputStream:75 - [STDERR_REDIRECT] 
2026-04-04 17:11:51,771 [ERROR] LogOutputStream:75 - [STDERR_REDIRECT] [Fatal Error] :1:1: Premature end of file.
2026-04-04 17:11:51,771 [ERROR] LogOutputStream:75 - [STDERR_REDIRECT] 
2026-04-04 17:11:52,734 [ERROR] LogOutputStream:75 - [STDERR_REDIRECT] [Fatal Error] :1:1: Premature end of file.
2026-04-04 17:11:52,735 [ERROR] LogOutputStream:75 - [STDERR_REDIRECT] 
2026-04-04 17:11:53,721 [ERROR] LogOutputStream:75 - [STDERR_REDIRECT] [Fatal Error] :1:1: Premature end of file.
2026-04-04 17:11:53,722 [ERROR] LogOutputStream:75 - [STDERR_REDIRECT] 
2026-04-04 17:11:54,670 [ERROR] LogOutputStream:75 - [STDERR_REDIRECT] [Fatal Error] :1:1: Premature end of file.
2026-04-04 17:11:54,671 [ERROR] LogOutputStream:75 - [STDERR_REDIRECT] 
2026-04-04 17:11:55,664 [ERROR] LogOutputStream:75 - [STDERR_REDIRECT] [Fatal Error] :1:1: Premature end of file.
2026-04-04 17:11:55,671 [ERROR] LogOutputStream:75 - [STDERR_REDIRECT] 
2026-04-04 17:11:56,703 [ERROR] LogOutputStream:75 - [STDERR_REDIRECT] [Fatal Error] :1:1: Premature end of file.
2026-04-04 17:11:56,704 [ERROR] LogOutputStream:75 - [STDERR_REDIRECT] 
2026-04-04 17:11:57,697 [ERROR] LogOutputStream:75 - [STDERR_REDIRECT] [Fatal Error] :1:1: Premature end of file.
2026-04-04 17:11:57,698 [ERROR] LogOutputStream:75 - [STDERR_REDIRECT] 
2026-04-04 17:11:58,677 [ERROR] LogOutputStream:75 - [STDERR_REDIRECT] [Fatal Error] :1:1: Premature end of file.
2026-04-04 17:11:58,677 [ERROR] LogOutputStream:75 - [STDERR_REDIRECT] 
2026-04-04 17:11:59,698 [ERROR] LogOutputStream:75 - [STDERR_REDIRECT] [Fatal Error] :1:1: Premature end of file.
2026-04-04 17:11:59,698 [ERROR] LogOutputStream:75 - [STDERR_REDIRECT] 
2026-04-04 17:12:00,685 [ERROR] LogOutputStream:75 - [STDERR_REDIRECT] [Fatal Error] :1:1: Premature end of file.
2026-04-04 17:12:00,685 [ERROR] LogOutputStream:75 - [STDERR_REDIRECT] 
2026-04-04 17:12:02,131 [ERROR] LogOutputStream:75 - [STDERR_REDIRECT] [Fatal Error] :1:1: Premature end of file.
2026-04-04 17:12:02,131 [ERROR] LogOutputStream:75 - [STDERR_REDIRECT] 
2026-04-04 17:12:02,699 [ERROR] LogOutputStream:75 - [STDERR_REDIRECT] [Fatal Error] :1:1: Premature end of file.
2026-04-04 17:12:02,699 [ERROR] LogOutputStream:75 - [STDERR_REDIRECT] 
2026-04-04 17:12:03,711 [ERROR] LogOutputStream:75 - [STDERR_REDIRECT] [Fatal Error] :1:1: Premature end of file.
2026-04-04 17:12:03,711 [ERROR] LogOutputStream:75 - [STDERR_REDIRECT] 
2026-04-04 17:12:04,695 [ERROR] LogOutputStream:75 - [STDERR_REDIRECT] [Fatal Error] :1:1: Premature end of file.
2026-04-04 17:12:04,700 [ERROR] LogOutputStream:75 - [STDERR_REDIRECT] 
2026-04-04 17:12:05,678 [ERROR] LogOutputStream:75 - [STDERR_REDIRECT] [Fatal Error] :1:1: Premature end of file.
2026-04-04 17:12:05,678 [ERROR] LogOutputStream:75 - [STDERR_REDIRECT] 
2026-04-04 17:12:06,673 [ERROR] LogOutputStream:75 - [STDERR_REDIRECT] [Fatal Error] :1:1: Premature end of file.
2026-04-04 17:12:06,673 [ERROR] LogOutputStream:75 - [STDERR_REDIRECT] 
2026-04-04 17:12:07,704 [ERROR] LogOutputStream:75 - [STDERR_REDIRECT] [Fatal Error] :1:1: Premature end of file.
2026-04-04 17:12:07,704 [ERROR] LogOutputStream:75 - [STDERR_REDIRECT] 
2026-04-04 17:12:08,668 [ERROR] LogOutputStream:75 - [STDERR_REDIRECT] [Fatal Error] :1:1: Premature end of file.
2026-04-04 17:12:08,670 [ERROR] LogOutputStream:75 - [STDERR_REDIRECT] 
2026-04-04 17:12:09,690 [ERROR] LogOutputStream:75 - [STDERR_REDIRECT] [Fatal Error] :1:1: Premature end of file.
2026-04-04 17:12:09,690 [ERROR] LogOutputStream:75 - [STDERR_REDIRECT] 
2026-04-04 17:12:10,752 [ERROR] LogOutputStream:75 - [STDERR_REDIRECT] [Fatal Error] :1:1: Premature end of file.
2026-04-04 17:12:10,752 [ERROR] LogOutputStream:75 - [STDERR_REDIRECT] 
2026-04-04 17:12:11,708 [ERROR] LogOutputStream:75 - [STDERR_REDIRECT] [Fatal Error] :1:1: Premature end of file.
2026-04-04 17:12:11,708 [ERROR] LogOutputStream:75 - [STDERR_REDIRECT] 
2026-04-04 17:12:12,687 [ERROR] LogOutputStream:75 - [STDERR_REDIRECT] [Fatal Error] :1:1: Premature end of file.
2026-04-04 17:12:12,687 [ERROR] LogOutputStream:75 - [STDERR_REDIRECT] 
