:020000040800F2
:100000000000022095250008F1200008F9200008D2
:10001000012100080921000811210008000000004A
:10002000000000000000000000000000192100088E
:1000300027210008000000003521000843210008A6
:10004000E5250008E5250008E5250008E525000868
:10005000E5250008E5250008E5250008E525000858
:10006000E5250008E5250008E5250008E525000848
:10007000E5250008E5250008E5250008E525000838
:10008000E5250008E5250008E5250008E525000828
:10009000E5250008E5250008E5250008E525000818
:1000A000E5250008E5250008E5250008E525000808
:1000B000E5250008E5250008E5250008E5250008F8
:1000C000E5250008E5250008E5250008E5250008E8
:1000D000E5250008E5250008E5250008E5250008D8
:1000E000E5250008E5250008E5250008E5250008C8
:1000F000E5250008E5250008E5250008E5250008B8
:10010000E5250008E5250008E5250008E5250008A7
:10011000E5250008E5250008E5250008E525000897
:10012000E5250008E5250008E5250008E525000887
:10013000E5250008E5250008E5250008E525000877
:10014000E5250008E5250008E525000851210008FF
:10015000E5250008E5250008E5250008E525000857
:10016000E5250008E5250008E5250008E525000847
:10017000E5250008E5250008E52500080000000049
:08018000E5250008E525000853
:1001900010B5054C237833B9044B13B10448AFF3C1
:1001A00000800123237010BDF40100200000000036
:1001B00078DA000808B5034B1BB103490348AFF3D5
:1001C000008008BD00000000F801002078DA000877
:1001D00001F0FF01102A2BDB10F0070F08D010F8F8
:1001E000013B013A8B422DD010F0070F42B3F6D1FC
:1001F000F0B441EA012141EA014122F007047FF015
:1002000000070023F0E80256083C85EA010586EA6B
:10021000010685FA47F5A3FA87F586FA47F6A5FAA7
:1002200087F68EB9EED1F0BC01F0FF0102F00702B3
:1002300032B110F8013B013A83EA010313B1F8D15E
:100240000020704701387047002D06BF354603383F
:10025000073815F0010F07D1013015F4807F02BF78
:10026000013015F4C03F0130F0BC0138704700BFC9
:10027000034613F8012B002AFBD1181A01387047E6
:1002800081F0004102E000BF83F0004330B54FEA47
:1002900041044FEA430594EA050F08BF90EA020FB4
:1002A0001FBF54EA000C55EA020C7FEA645C7FEA47
:1002B000655C00F0E2804FEA5454D4EB5555B8BF6A
:1002C0006D420CDD2C4480EA020281EA030382EADB
:1002D000000083EA010180EA020281EA0303362D6D
:1002E00088BF30BD11F0004F4FEA01314FF4801C40
:1002F0004CEA113102D0404261EB410113F0004F52
:100300004FEA03334CEA133302D0524263EB430308
:1003100094EA050F00F0A780A4F10104D5F1200EA6
:100320000DDB02FA0EFC22FA05F2801841F1000101
:1003300003FA0EF2801843FA05F359410EE0A5F1D5
:1003400020050EF1200E012A03FA0EFC28BF4CF006
:10035000020C43FA05F3C01851EBE37101F00045BC
:1003600007D54FF0000EDCF1000C7EEB00006EEBC9
:100370000101B1F5801F1BD3B1F5001F0CD3490853
:100380005FEA30004FEA3C0C04F101044FEA4452AA
:1003900012F5800F80F09A80BCF1004F08BF5FEA31
:1003A000500C50F1000041EB045141EA050130BD11
:1003B0005FEA4C0C404141EB0101013C28BFB1F523
:1003C000801FE9D291F0000F04BF01460020B1FA6E
:1003D00081F308BF2033A3F10B03B3F120020CDA41
:1003E0000C3208DD02F1140CC2F10C0201FA0CF01F
:1003F00021FA02F10CE002F11402D8BFC2F1200C84
:1004000001FA02F120FA0CFCDCBF41EA0C01904039
:10041000E41AA2BF01EB0451294330BD6FEA040482
:100420001F3C1CDA0C340EDC04F11404C4F120026D
:1004300020FA04F001FA02F340EA030021FA04F37F
:1004400045EA030130BDC4F10C04C4F1200220FAD6
:1004500002F001FA04F340EA0300294630BD21FA14
:1004600004F0294630BD94F0000F83F4801306BFDA
:1004700081F480110134013D4EE77FEA645C18BFCE
:100480007FEA655C29D094EA050F08BF90EA020F65
:1004900005D054EA000C04BF1946104630BD91EA5D
:1004A000030F1EBF0021002030BD5FEA545C05D160
:1004B0004000494128BF41F0004130BD14F580049F
:1004C0003CBF01F5801130BD01F0004545F0FE4113
:1004D00041F470014FF0000030BD7FEA645C1ABF48
:1004E000194610467FEA655C1CBF0B46024650EA7F
:1004F000013406BF52EA033591EA030F41F40021AB
:1005000030BD00BF90F0000F04BF0021704730B530
:100510004FF4806404F132044FF000054FF0000105
:1005200050E700BF90F0000F04BF0021704730B5C6
:100530004FF4806404F1320410F0004548BF40429B
:100540004FF000013EE700BF42004FEAE2014FEAF0
:1005500031014FEA02701FBF12F07F4393F07F4FCB
:1005600081F06051704732F07F4208BF704793F0CE
:100570007F4F04BF41F40021704730B54FF46074E1
:1005800001F0004521F000411CE700BF50EA0102E4
:1005900008BF704730B54FF000050AE050EA01028D
:1005A00008BF704730B511F0004502D5404261EBFD
:1005B00041014FF4806404F132045FEA915C3FF43E
:1005C000D8AE4FF003025FEADC0C18BF03325FEADB
:1005D000DC0C18BF033202EBDC02C2F1200300FA8C
:1005E00003FC20FA02F001FA03FE40EA0E0021FAB1
:1005F00002F11444BDE600BF70B54FF0FF0C4CF49F
:10060000E06C1CEA11541DBF1CEA135594EA0C0F50
:1006100095EA0C0F00F0DEF82C4481EA030621EA8B
:100620004C5123EA4C5350EA013518BF52EA0335C6
:1006300041F4801143F4801338D0A0FB02CE4FF078
:100640000005E1FB02E506F00042E0FB03E54FF0A8
:100650000006E1FB03569CF0000F18BF4EF0010EA0
:10066000A4F1FF04B6F5007F64F5407404D25FEA9C
:100670004E0E6D4146EB060642EAC62141EA55514F
:100680004FEAC52040EA5E504FEACE2EB4F1FD0C91
:1006900088BFBCF5E06F1ED8BEF1004F08BF5FEA0F
:1006A000500E50F1000041EB045170BD06F00046C1
:1006B00046EA010140EA020081EA0301B4EB5C046E
:1006C000C2BFD4EB0C0541EA045170BD41F4801166
:1006D0004FF0000E013C00F3AB8014F1360FDEBF8B
:1006E000002001F0004170BDC4F10004203C35DA67
:1006F0000C341BDC04F11404C4F1200500FA05F3EA
:1007000020FA04F001FA05F240EA020001F000428A
:1007100021F0004110EBD37021FA04F642EB060100
:100720005EEA430E08BF20EAD37070BDC4F10C042A
:10073000C4F1200500FA04F320FA05F001FA04F2EE
:1007400040EA020001F0004110EBD37041F10001DA
:100750005EEA430E08BF20EAD37070BDC4F12005E5
:1007600000FA05F24EEA020E20FA04F301FA05F24D
:1007700043EA020321FA04F001F0004121FA04F2F5
:1007800020EA020000EBD3705EEA430E08BF20EAC5
:10079000D37070BD94F0000F0FD101F000464000FF
:1007A00041EB010111F4801F08BF013CF7D041EA81
:1007B000060195F0000F18BF704703F00046520085
:1007C00043EB030313F4801F08BF013DF7D043EA56
:1007D0000603704794EA0C0F0CEA135518BF95EA0C
:1007E0000C0F0CD050EA410618BF52EA4306D1D193
:1007F00081EA030101F000414FF0000070BD50EAB2
:10080000410606BF1046194652EA430619D094EA3B
:100810000C0F02D150EA013613D195EA0C0F05D125
:1008200052EA03361CBF104619460AD181EA030179
:1008300001F0004141F0FE4141F470014FF0000031
:1008400070BD41F0FE4141F4780170BD70B54FF0CC
:10085000FF0C4CF4E06C1CEA11541DBF1CEA13554C
:1008600094EA0C0F95EA0C0F00F0A7F8A4EB05042E
:1008700081EA030E52EA03354FEA013100F0888025
:100880004FEA03334FF0805545EA131343EA1263EE
:100890004FEA022245EA111545EA10654FEA0026A3
:1008A0000EF000419D4208BF964244F1FD0404F55C
:1008B000407402D25B084FEA3202B61A65EB0305B8
:1008C0005B084FEA32024FF480104FF4002CB6EB75
:1008D000020E75EB030E22BFB61A754640EA0C00F5
:1008E0005B084FEA3202B6EB020E75EB030E22BF35
:1008F000B61A754640EA5C005B084FEA3202B6EB76
:10090000020E75EB030E22BFB61A754640EA9C0034
:100910005B084FEA3202B6EB020E75EB030E22BF04
:10092000B61A754640EADC0055EA060E18D04FEAC2
:10093000051545EA16754FEA06164FEAC30343EA62
:1009400052734FEAC2025FEA1C1CC0D111F4801F2F
:100950000BD141EA00014FF000004FF0004CB6E728
:1009600011F4801F04BF01430020B4F1FD0C88BFC7
:10097000BCF5E06F3FF6AFAEB5EB030C04BFB6EBD2
:10098000020C5FEA500C50F1000041EB045170BDC5
:100990000EF0004E4EEA113114EB5C04C2BFD4EBF2
:1009A0000C0541EA045170BD41F480114FF0000E76
:1009B000013C90E645EA060E8DE60CEA135594EAF2
:1009C0000C0F08BF95EA0C0F3FF43BAF94EA0C0FF5
:1009D0000AD150EA01347FF434AF95EA0C0F7FF46A
:1009E00025AF104619462CE795EA0C0F06D152EABE
:1009F00003353FF4FDAE1046194622E750EA4106A2
:100A000018BF52EA43067FF4C5AE50EA41047FF4B2
:100A10000DAF52EA43057FF4EBAE12E74FF0FF3C17
:100A200006E000BF4FF0010C02E000BF4FF0010CE8
:100A30004DF804CD4FEA410C7FEA6C5C4FEA430C61
:100A400018BF7FEA6C5C1BD001B050EA410C0CBFB0
:100A500052EA430C91EA030F02BF90EA020F002012
:100A6000704710F1000F91EA030F58BF994208BF79
:100A700090422CBFD8176FEAE37040F00100704736
:100A80004FEA410C7FEA6C5C02D150EA013C07D18D
:100A90004FEA430C7FEA6C5CD6D152EA033CD3D0D8
:100AA0005DF8040B704700BF8446104662468C46D2
:100AB0001946634600E000BF01B5FFF7B7FF002805
:100AC00048BF10F1000F01BD4DF808EDFFF7F4FF2E
:100AD0000CBF012000205DF808FB00BF4DF808EDB9
:100AE000FFF7EAFF34BF012000205DF808FB00BFDC
:100AF0004DF808EDFFF7E0FF94BF012000205DF8FE
:100B000008FB00BF4DF808EDFFF7CEFF94BF0120B2
:100B100000205DF808FB00BF4DF808EDFFF7C4FFAB
:100B200034BF012000205DF808FB00BF4FEA410CF4
:100B30007FEA6C5C02D150EA013C0AD14FEA430CD7
:100B40007FEA6C5C02D152EA033C02D14FF0000014
:100B500070474FF0010070474FEA410212F5001252
:100B600015D211D56FF47873B3EB625212D94FEAF4
:100B7000C12343F0004343EA505311F0004F23FADE
:100B800002F018BF404270474FF00000704750EA33
:100B9000013005D111F0004008BF6FF000407047F0
:100BA0004FF00000704700BF53B94AB9002908BF91
:100BB00000281CBF4FF0FF314FF0FF3000F088B924
:100BC000ADF1080C6DE904CE00F006F8DDF804E0A4
:100BD000DDE9022304B070472DE9F047089D8E46F9
:100BE00004468846002B4AD18A42174662D9B2FA97
:100BF00082F64EB1C6F1200301FA06F820FA03F39B
:100C0000B74043EA0808B4404FEA174E1FFA87FC82
:100C1000B8FBFEF1230C0EFB118843EA084301FBED
:100C20000CF29A4209D9FB1801F1FF3080F0EA80FA
:100C30009A4240F2E78002393B449A1AA3B2B2FBCF
:100C4000FEF00EFB102243EA024300FB0CFC9C4525
:100C500009D9FB1800F1FF3280F0D6809C4540F2A4
:100C6000D3803B44023840EA0140A3EB0C0300214F
:100C70001DB1F3400022C5E90032BDE8F0878B4288
:100C800005D90DB1C5E9000100210846F5E7B3FA21
:100C900083F1002946D1734502D3824200F20581D7
:100CA000841A6EEB030201209046002DE5D0C5E9C1
:100CB0000048E2E7002A00F09080B2FA82F6002EA7
:100CC00040F0A4808A1A030C4FEA174E80B2BCB2DF
:100CD0000121B2FBFEFC0EFB1C2243EA024304FB93
:100CE0000CF29A4207D9FB180CF1FF3802D29A4253
:100CF00000F2E080C4469B1AB3FBFEF20EFB1233F7
:100D000040EA034302FB04F49C4207D9FB1802F1BA
:100D1000FF3002D29C4200F2CA8002461B1B42EA0C
:100D20000C40A5E7C1F120068B4022FA06F71F43CD
:100D30000EFA01F420FA06F32EFA06FE4FEA1749DE
:100D4000234300FA01F81FFA87FCBEFBF9F01C0CE4
:100D500009FB10EE44EA0E4400FB0CFEA64502FA25
:100D600001F209D93C1900F1FF3A80F09C80A645B8
:100D700040F2998002383C44A4EB0E041FFA83FE33
:100D8000B4FBF9F309FB13444EEA044403FB0CFCE7
:100D9000A44508D93C1903F1FF3E80F08280A445A8
:100DA0007FD9023B3C4443EA0040A4EB0C04A0FB87
:100DB00002EC64457346E14662D35FD05DB1B8EBA7
:100DC000030264EB090404FA06F622FA01F31E4357
:100DD000CC40C5E9006400214FE7B1FBF2FC010CF7
:100DE00041EA0E4180B240EA01423B4638463C4669
:100DF000B846BE462026B1FBF7F1A2EB080241EA55
:100E00000C4166E7014618E710462CE7C6F12002C0
:100E10002EFA02F3B740B14020FA02F24FEA174E21
:100E20000A43B3FBFEF8BCB20EFB1833110C41EAC7
:100E3000034108FB04F9B04089454FEA104380B2F2
:100E40003ED9791808F1FF3C01D289451FD8A1EBA2
:100E50000901B1FBFEF909FB04F80EFB191192B26E
:100E600042EA0142424529D2BA1809F1FF31C4D2FF
:100E70004245C2D2A9F102013A44BEE7F0459DD2F3
:100E8000BEEB02036CEB070C0138E14696E7A7EBDB
:100E900009094944A8F1020CB1FBFEF909FB04F869
:100EA000DBE773467FE7504666E70846FDE63B44CE
:100EB000023A33E7ACF1020C3B441CE749469CE79D
:100EC000A1EB0901C446B1FBFEF909FB04F8C4E734
:100ED000704700BF80B500AF064801F04BFA0648E6
:100EE00000F00EF81122002104480AF0E7FF002369
:100EF000184680BD30040020100300207C04002030
:100F000080B588B000AF7860494BD3ED007AFDEE34
:100F1000E77A17EE903AFB61464BD3ED007AFDEE8F
:100F2000E77A17EE903ABB61434BD3ED007AFDEEC2
:100F3000E77A17EE903A7B61FB6913F1130F04DB3C
:100F4000FB69132B01DC0023FB61BB6913F1130F59
:100F500004DBBB69132B01DC0023BB617B6913F14C
:100F6000130F04DB7B69132B01DC00237B61FA691F
:100F700013461B029B1A314A82FB03121A44921138
:100F8000DB17D31A3B61BA6913461B029B1A2B4A23
:100F900082FB03121A449211DB17D31AFB607A69A1
:100FA00013461B029B1A254A82FB03121A44921114
:100FB000DB17D31ABB60BA68F968386900F048F8E3
:100FC0001F4BD3ED007A4FF48053B0EE670A002236
:100FD0000221786800F042F91A4BD3ED007A4FF401
:100FE0000053B0EE670A04220421786800F036F955
:100FF000154BD3ED007A4FF48043B0EE670A082218
:101000004FF48071786800F029F9104BD3ED007A25
:101010004FF40043B0EE670A0C224FF40071786879
:1010200000F01CF9002318462037BD4680BD00BFE4
:1010300094040020900400209804002009040281F8
:101040001002002014020020180200201C020020C0
:101050002DE9B04F8EB006AFF860B9607A60FA68DB
:10106000BB681A447B68134407EE903AF8EEE77ABF
:10107000724BC3ED007AFA68BB68D21A7B68D31A48
:1010800007EE903AF8EEE77A6D4BC3ED007AFB6815
:101090005A42BB68D21A7B68134407EE903AF8EEC6
:1010A000E77A684BC3ED007ABA68FB68D21A7B68AE
:1010B000D31A07EE903AF8EEE77A634BC3ED007A65
:1010C0005E4BD3ED007AB0EEE77A5D4BD3ED007A5C
:1010D000F0EEE77AB4EEE77AF1EE10FA05DD574B61
:1010E000D3ED007AF0EEE77A04E0554BD3ED007AC9
:1010F000F0EEE77AC7ED077A524BD3ED007AB0EE07
:10110000E77A514BD3ED007AF0EEE77AB4EEE77A66
:10111000F1EE10FA05DD4B4BD3ED007AF0EEE77AF5
:1011200004E0494BD3ED007AF0EEE77AC7ED067A9A
:1011300097ED077AD7ED067AB4EEE77AF1EE10FA7A
:1011400001DDFB6900E0BB697B61D7ED057A9FEDAE
:101150003F7AF4EEC77AF1EE10FA2FDDDFED3B6A4D
:1011600097ED057AC6EE877AC7ED047A334B93ED97
:10117000007AD7ED047A67EE277A304BC3ED007A18
:101180002F4B93ED007AD7ED047A67EE277A2C4B3C
:10119000C3ED007A2B4B93ED007AD7ED047A67EE1E
:1011A000277A284BC3ED007A274B93ED007AD7EDD1
:1011B000047A67EE277A244BC3ED007A01F0D2F867
:1011C0000346234A1360224B1A68224B1B68D31A2A
:1011D000B3F57A7F2BD3194B1B681846FFF7B4F988
:1011E00082468B46164B1B681846FFF7ADF904463E
:1011F0000D46144B1B681846FFF7A6F98046894632
:10120000114B1B681846FFF79FF902460B46CDE9C4
:101210000423CDE90289CDE9004552465B460E48DC
:101220000AF004FD01F09EF803460A4A1360002309
:1012300018462037BD46BDE8B08F00BF1002002021
:1012400014020020180200201C02002000007F432E
:10125000200200202402002090DA000880B586B029
:1012600000AF78610846114687ED030A1A46034627
:101270007B820B467B7413467B81D7ED037AF5EEB8
:10128000C07AF1EE10FA0CDD7B8A012219461B4868
:1012900001F0EEFC7B8901221946184801F0E8FCB8
:1012A0001AE07B8A00221946144801F0E1FC7B8990
:1012B00000221946114801F0DBFCD7ED037AFDEE60
:1012C000E77A17EE903A002BB8BF5B4207EE903AF0
:1012D000F8EEE77AC7ED037A7B7CD7ED037AFCEE74
:1012E000E77AC7ED017A3A79D2B21946786901F006
:1012F00017F900BF1837BD4680BD00BF0008024087
:1013000080B500AF01F070F900F03CF800F022FB6E
:1013100000F0A2F800F0D0F809F0BAFB00F002F9F2
:1013200000F0EEFA00F062F900F0DAF900F052FA9B
:1013300000F0A0FA0021104805F016F904210E482B
:1013400005F012F908210C4805F00EF90C210A48A5
:1013500005F00AF90421094805F006F90C210748AF
:1013600005F002F906480AF0C9FCFFF7B3FD09F0E1
:10137000B5FB00BFF9E700BF10030020C802002042
:10138000ACDB000880B594B000AF07F12003302239
:10139000002118460AF092FD07F10C0300221A60A2
:1013A0005A609A60DA601A610023BB60284B1B6C9C
:1013B000274A43F080531364254B1B6C03F0805382
:1013C000BB60BB6800237B60224B1B68214A43F44F
:1013D000804313601F4B1B6803F480437B607B6872
:1013E00001233B624FF480337B620223BB634FF4E3
:1013F0008003FB6308233B644FF4A8737B640223E0
:10140000BB640723FB6407F12003184604F0FAF9D4
:101410000346002B01D000F0A1FB0F23FB60022349
:101420003B6100237B614FF4A053BB614FF48053B9
:10143000FB6107F10C030521184604F05BFC034631
:10144000002B01D000F08AFB00BF5037BD4680BDA5
:10145000003802400070004080B500AF134B144AC2
:101460001A60124B4FF400725A60104B00229A60BF
:101470000E4B0022DA600D4B4FF400721A610B4BD9
:101480000C4A5A61094B00229A61084B0022DA612A
:10149000064B00221A62054803F014FD0346002B98
:1014A00001D000F05BFB00BF80BD00BF2802002020
:1014B000003C00400077010080B500AF174B184A90
:1014C0001A60164B4FF482725A60144B00229A60D5
:1014D000124B0022DA60114B00221A610F4B0022DE
:1014E0005A610E4B4FF400729A610C4B0022DA6184
:1014F0000A4B00221A62094B00225A62074B002253
:101500009A62064B0A22DA62044804F055FF034649
:10151000002B01D000F022FB00BF80BD7002002034
:101520000030014080B58AB000AF07F120030022EF
:101530001A605A603B1D00221A605A609A60DA6095
:101540001A615A619A61284B4FF080421A60264B0B
:1015500053225A60244B00229A60234B44F61F62A8
:10156000DA60214B00221A611F4B00229A611E484B
:1015700004F0ABFF0346002B01D000F0EFFA00238C
:101580003B6200237B6207F120031946164805F0F1
:10159000F1FB0346002B01D000F0E0FA60237B60F2
:1015A0000023BB600023FB6000237B613B1D042202
:1015B00019460D4805F0A0F80346002B01D000F0B5
:1015C000CDFA3B1D0C221946074805F095F8034655
:1015D000002B01D000F0C2FA034800F02DFC00BF40
:1015E0002837BD4680BD00BFC802002080B58AB044
:1015F00000AF07F1200300221A605A603B1D002251
:101600001A605A609A60DA601A615A619A61324BC4
:10161000324A1A60304B00225A602F4B00229A60E7
:101620002D4B41F26702DA602B4B00221A612A4BE4
:1016300000229A61284804F048FF0346002B01D09D
:1016400000F08CFA00233B6200237B6207F1200349
:101650001946214805F08EFB0346002B01D000F00F
:101660007DFA60237B600023BB600023FB600023C6
:101670007B613B1D00221946174805F03DF80346E3
:10168000002B01D000F06AFA3B1D042219461248D3
:1016900005F032F80346002B01D000F05FFA3B1D45
:1016A000082219460C4805F027F80346002B01D004
:1016B00000F054FA3B1D0C221946074805F01CF8AF
:1016C0000346002B01D000F049FA034800F0B4FBB8
:1016D00000BF2837BD4680BD100300200004004035
:1016E00080B58AB000AF07F1200300221A605A606B
:1016F0003B1D00221A605A609A60DA601A615A61D2
:101700009A61324B324A1A60304B00225A602F4B9A
:1017100000229A602D4B4FF6FF72DA602B4B0022AD
:101720001A612A4B00229A61284804F0CEFE034633
:10173000002B01D000F012FA00233B6200237B62F1
:1017400007F120031946214805F014FB0346002B3E
:1017500001D000F003FA60237B600023BB6000230C
:10176000FB6000237B613B1D00221946174804F0F3
:10177000C3FF0346002B01D000F0F0F93B1D04220B
:101780001946124804F0B8FF0346002B01D000F0C0
:10179000E5F93B1D082219460C4804F0ADFF03464D
:1017A000002B01D000F0DAF93B1D0C221946074846
:1017B00004F0A2FF0346002B01D000F0CFF903484C
:1017C00000F03AFB00BF2837BD4680BD580300201B
:1017D0000008004080B588B000AF3B1D00221A60B1
:1017E0005A609A60DA601A615A619A611F4B204A06
:1017F0001A601E4B00225A601C4B00229A601B4B41
:101800004FF6FF72DA60194B00221A61174B002263
:101810009A61164804F059FE0346002B01D000F0EF
:101820009DF960237B600023BB600023FB600023E5
:101830007B613B1D002219460C4804F05DFF034606
:10184000002B01D000F08AF93B1D042219460748FD
:1018500004F052FF0346002B01D000F07FF903484B
:1018600000F0EAFA00BF2037BD4680BDA00300208B
:101870000040014080B588B000AF3B1D00221A60D7
:101880005A609A60DA601A615A619A611A4B1B4A6F
:101890001A60194B00225A60174B00229A60164BAF
:1018A0004FF6FF72DA60144B00221A61124B0022CD
:1018B0009A61114804F009FE0346002B01D000F0A4
:1018C0004DF960237B600023BB600023FB60002395
:1018D0007B613B1D00221946074804F00DFF0346BB
:1018E000002B01D000F03AF9034800F0A5FA00BF40
:1018F0002037BD4680BD00BFE8030020001800402F
:1019000080B500AF114B124A1A60104B4FF4E13210
:101910005A600E4B00229A600C4B0022DA600B4B8F
:1019200000221A61094B0C225A61084B00229A616D
:10193000064B0022DA61054805F098FA0346002BB1
:1019400001D000F00BF900BF80BD00BF30040020C3
:101950000044004080B58CB000AF07F11C030022AA
:101960001A605A609A60DA601A610023BB61754B95
:101970001B6B744A43F010031363724B1B6B03F031
:101980001003BB61BB6900237B616E4B1B6B6D4A0F
:1019900043F0040313636B4B1B6B03F004037B6185
:1019A0007B6900233B61674B1B6B664A43F08003F6
:1019B0001363644B1B6B03F080033B613B690023A3
:1019C000FB60604B1B6B5F4A43F0010313635D4B8D
:1019D0001B6B03F00103FB60FB680023BB60594BEA
:1019E0001B6B584A43F002031363564B1B6B03F007
:1019F0000203BB60BB6800237B60524B1B6B514AE8
:101A000043F0080313634F4B1B6B03F008037B6029
:101A10007B68002208214C4801F02AF901220121AB
:101A20004A4801F025F9002240F20631474801F00A
:101A30001FF900224FF21B61454801F019F90823F4
:101A4000FB6101233B6200237B620023BB6207F141
:101A50001C0319463C4800F06FFF40F20733FB615E
:101A600001233B6200237B620023BB6207F11C035E
:101A70001946364800F060FF0823FB6102233B62F1
:101A800000237B620023BB620523FB6207F11C037A
:101A900019462E4800F050FF0123FB614FF49013CC
:101AA0003B6200237B6207F11C031946294800F0C2
:101AB00043FF0423FB6100233B6200237B6207F1A9
:101AC0001C031946244800F037FF4FF48063FB6184
:101AD00002233B6200237B620023BB620523FB627F
:101AE00007F11C0319461C4800F026FF4FF21B6348
:101AF000FB6101233B6200237B620023BB6207F191
:101B00001C031946124800F017FF2023FB61002335
:101B10003B6200237B6207F11C0319460C4800F06E
:101B20000BFF0223FB614FF490133B6200237B62A7
:101B300007F11C031946044800F0FEFE00BF3037D1
:101B4000BD4680BD0038024000100240000802403F
:101B5000000C0240000002400004024080B400AFCC
:101B600072B600BF00BFFDE780B582B000AF0023B2
:101B70007B60104B5B6C0F4A43F4804353640D4B06
:101B80005B6C03F480437B607B6800233B60094B04
:101B90001B6C084A43F080531364064B1B6C03F024
:101BA00080533B603B68072000F084FE00BF08378D
:101BB000BD4680BD0038024080B58EB000AF786071
:101BC00007F1240300221A605A609A60DA601A61F1
:101BD00007F1140300221A605A609A60DA607B6889
:101BE0001B68314A93425AD101237B61C023BB61F8
:101BF0000223FB6107F11403184604F09BFA034625
:101C0000002B01D0FFF7AAFF00233B61274B1B6C81
:101C1000264A43F400431364244B1B6C03F4004333
:101C20003B613B690023FB60204B1B6B1F4A43F069
:101C3000010313631D4B1B6B03F00103FB60FB6887
:101C40000023BB60194B1B6B184A43F0040313635A
:101C5000164B1B6B03F00403BB60BB6810237B6255
:101C60000223BB620023FB6200233B6306237B63EA
:101C700007F1240319460E4800F05EFE4FF4A4530A
:101C80007B620223BB620023FB6200233B630623CB
:101C90007B6307F124031946064800F04DFE00BFA0
:101CA0003837BD4680BD00BF003C004000380240D0
:101CB000000002400008024080B58AB000AF7860A2
:101CC00007F1140300221A605A609A60DA601A6100
:101CD0007B681B68194A93422BD100233B61184B48
:101CE0005B6C174A43F480535364154B5B6C03F4ED
:101CF00080533B613B690023FB60114B1B6B104A17
:101D000043F0010313630E4B1B6B03F00103FB60F5
:101D1000FB68E0237B610223BB610023FB6100239E
:101D20003B6205237B6207F114031946054800F066
:101D300003FE00BF2837BD4680BD00BF0030014014
:101D4000003802400000024080B489B000AF7860E3
:101D50007B681B68B3F1804F0ED10023FB61314BD0
:101D60001B6C304A43F0010313642E4B1B6C03F0D1
:101D70000103FB61FB694EE07B681B682A4A9342C2
:101D80000ED10023BB61274B1B6C264A43F0020394
:101D90001364244B1B6C03F00203BB61BB693AE084
:101DA0007B681B68214A93420ED100237B611D4B47
:101DB0001B6C1C4A43F0040313641A4B1B6C03F0A6
:101DC00004037B617B6926E07B681B68184A9342A9
:101DD0000ED100233B61134B5B6C124A43F48033FA
:101DE0005364104B5B6C03F480333B613B6912E03E
:101DF0007B681B680F4A93420DD10023FB60094B9F
:101E00001B6C084A43F040031364064B1B6C03F041
:101E10004003FB60FB6800BF2437BD465DF8047BD0
:101E2000704700BF00380240000400400008004036
:101E3000004001400018004080B58EB000AF7860CF
:101E400007F1240300221A605A609A60DA601A616E
:101E50007B681B68B3F1804F3DD100233B62774B19
:101E60001B6B764A43F001031363744B1B6B03F047
:101E700001033B623B6A0023FB61704B1B6B6F4AA3
:101E800043F0020313636D4B1B6B03F00203FB6112
:101E9000FB6902237B620223BB620023FB620023F7
:101EA0003B6301237B6307F124031946644800F078
:101EB00043FD4FF400637B620223BB620023FB629D
:101EC00000233B6301237B6307F1240319465D482C
:101ED00000F032FDAEE07B681B685B4A93423CD168
:101EE0000023BB61554B1B6B544A43F00203136341
:101EF000524B1B6B03F00203BB61BB6900237B6188
:101F00004E4B1B6B4D4A43F0040313634B4B1B6B4F
:101F100003F004037B617B6923237B620223BB62A2
:101F20000023FB6200233B6302237B6307F124034E
:101F30001946444800F000FD40237B620223BB6247
:101F40000023FB6200233B6302237B6307F124032E
:101F500019463E4800F0F0FC6CE07B681B683C4A88
:101F600093421FD100233B61344B1B6B334A43F038
:101F700002031363314B1B6B03F002033B613B69AC
:101F80004FF470737B620223BB620023FB62002369
:101F90003B6302237B6307F124031946294800F0C1
:101FA000CBFC47E07B681B682A4A93421ED1002382
:101FB000FB60224B1B6B214A43F0100313631F4B42
:101FC0001B6B03F01003FB60FB6860237B62022342
:101FD000BB620023FB6200233B6303237B6307F1A7
:101FE000240319461C4800F0A7FC23E07B681B680B
:101FF0001A4A93421ED10023BB60104B1B6B0F4A41
:1020000043F0020313630D4B1B6B03F00203BB6031
:10201000BB684FF480437B620223BB620023FB62F8
:1020200000233B6309237B6307F12403194605481A
:1020300000F082FC00BF3837BD4680BD003802404A
:10204000000002400004024000040040000802407A
:10205000000800400040014000100240001800400D
:1020600080B58AB000AF786007F1140300221A60CF
:102070005A609A60DA601A617B681B68194A934259
:102080002BD100233B61184B1B6C174A43F40033E0
:102090001364154B1B6C03F400333B613B69002355
:1020A000FB60114B1B6B104A43F0010313630E4B93
:1020B0001B6B03F00103FB60FB680C237B610223B5
:1020C000BB610023FB6103233B6207237B6207F1B3
:1020D00014031946054800F02FFC00BF2837BD4601
:1020E00080BD00BF004400400038024000000240B4
:1020F00080B400AF00BFFDE780B400AF00BFFDE7D4
:1021000080B400AF00BFFDE780B400AF00BFFDE7C3
:1021100080B400AF00BFFDE780B400AF00BFBD4694
:102120005DF8047B704780B400AF00BFBD465DF82A
:10213000047B704780B400AF00BFBD465DF8047BF0
:10214000704780B500AF00F0A1FA00BF80BD00006D
:1021500080B500AF024801F061F800BF80BD00BF4C
:102160008408002080B483B000AF0346FB710F4B9E
:102170001B680E4A43F0807313600D4B1B680C4ABA
:1021800043F00103136000BF4FF060431B6803F08E
:102190000103002BF8D04FF06042FB79136000BFC1
:1021A0000C37BD465DF8047B704700BFFCED00E0D6
:1021B000000E00E080B400AF01231846BD465DF874
:1021C000047B704780B582B000AF7860396009F059
:1021D000D7FE034616221A604FF0FF331846083721
:1021E000BD4680BD80B582B000AF78604FF0FF3152
:1021F0007868FFF7E7FF00BFFDE780B586B000AF66
:10220000F860B9607A6000237B610AE0AFF3008078
:102210000146BB685A1CBA60CAB21A707B690133A6
:102220007B617A697B689A42F0DB7B6818461837D5
:10223000BD4680BD80B586B000AFF860B9607A60F9
:1022400000237B6109E0BB685A1CBA601B78184602
:10225000FFF788FF7B6901337B617A697B689A426B
:10226000F1DB7B6818461837BD4680BD80B483B06B
:1022700000AF78604FF0FF3318460C37BD465DF86D
:10228000047B704780B483B000AF786039603B68EE
:102290004FF400525A60002318460C37BD465DF8D3
:1022A000047B704780B483B000AF78600123184688
:1022B0000C37BD465DF8047B704780B485B000AF35
:1022C000F860B9607A60002318461437BD465DF89F
:1022D000047B704780B586B000AF7860144A154B18
:1022E000D31A7B617B693B61134B1B68002B02D1C6
:1022F000114B124A1A60104B1A687B6813443A69F2
:102300009A4207D209F03CFE03460C221A604FF0B5
:10231000FF3309E0084B1B68FB60074B1A687B68BA
:102320001344054A1360FB6818461837BD4680BD44
:10233000000002200004000078040020B00D0020FE
:1023400080B400AF064BD3F88830054A43F47003DD
:10235000C2F8883000BFBD465DF8047B704700BFFF
:1023600000ED00E080B500AF00F0A4F90346184688
:1023700080BD000080B582B000AF78604FF0FF33C1
:1023800001221249786804F0C1FD104B1B78AA2B7A
:10239000F4D14FF0FF3301220D49786804F0B6FD07
:1023A0000B4B1B78112B09D1094B1B781A464FF0A8
:1023B000FF330849786804F0A9FD01E000BFDDE7BC
:1023C00000F00AF800BF0837BD4680BD8D0400202C
:1023D0008E0400207C04002080B500AF424B1B78A7
:1023E0005BB2002B07DA414809F088FC404A1378B9
:1023F00043F0800313703C4B1B7803F04003002B29
:1024000007D03C4809F07AFC394A137843F040037E
:102410001370354B1B7803F02003002B07D0364890
:1024200009F06CFC324A137843F0200313702E4BF2
:102430001B7803F01003002B07D0304809F05EFC36
:102440002B4A137843F010031370274B1B7803F0CB
:102450000803002B07D02A4809F050FC244A1378BF
:1024600043F008031370204B1B7803F00403002B88
:1024700007D0244809F042FC1D4A137843F00403B6
:102480001370194B1B7803F00203002B07D01E4872
:1024900009F034FC164A137843F002031370124B10
:1024A0001B7803F00103002B07D0184809F026FC25
:1024B0000F4A137843F0010313700B4BD3F801302C
:1024C000134A1360084BD3F80530124A1360064BC9
:1024D000D3F80930104A1360034BD3F80D300F4A7C
:1024E000136000BF80BD00BF7C040020B8DB000883
:1024F000A0040020C8DB0008D8DB0008E8DB0008E7
:10250000FCDB00080CDC00081CDC00082CDC0008EC
:102510009004002094040020980400209C040020D3
:1025200080B487B000AFF860B9601346FB71FB68F8
:102530001B68DB6A7B61FB797A69013202FB03F37A
:10254000134AA2FB0323DB093B61BB68002B04D1C8
:10255000FB681B683A695A6313E0BB68042B04D11B
:10256000FB681A683B6993630BE0BB68082B04D1D6
:10257000FB681A683B69D36303E0FB681A683B6930
:10258000136400BF1C37BD465DF8047B704700BF75
:1025900081808080DFF834D0FFF7D2FE0C480D49EF
:1025A0000D4A002302E0D458C4500433C4188C42AE
:1025B000F9D30A4A0A4C002301E013600432A24214
:1025C000FBD309F0E3FCFEF79BFE704700000220FE
:1025D00000000020F4010020DCDF0008F4010020EE
:1025E000B00D0020FEE7000080B500AF0E4B1B6869
:1025F0000D4A43F4007313600B4B1B680A4A43F403
:1026000080631360084B1B68074A43F480731360B0
:10261000032000F04FF9002000F008F8FFF7A4FABB
:102620000023184680BD00BF003C024080B582B048
:1026300000AF7860124B1A68124B1B7819464FF4A2
:102640007A73B3FBF1F3B2FBF3F3184600F067F9CA
:102650000346002B01D001230EE07B680F2B0AD824
:10266000002279684FF0FF3000F02FF9064A7B68AE
:102670001360002300E0012318460837BD4680BDE3
:1026800000000020080000200400002080B400AFFB
:10269000064B1B781A46064B1B681344044A13600A
:1026A00000BFBD465DF8047B704700BF08000020F6
:1026B000A404002080B400AF034B1B681846BD463D
:1026C0005DF8047B704700BFA404002080B584B08F
:1026D00000AF7860FFF7EEFFB8607B68FB60FB68D7
:1026E000B3F1FF3F05D00A4B1B781A46FB68134431
:1026F000FB6000BFFFF7DEFF0246BB68D31AFA6833
:102700009A42F7D800BF00BF1037BD4680BD00BF5A
:102710000800002080B485B000AF78607B6803F0CB
:102720000703FB600C4BDB68BB60BA684FF6FF0326
:102730001340BB60FB681A02BB68134343F0BF63DE
:1027400043F40033BB60044ABB68D36000BF143756
:10275000BD465DF8047B704700ED00E080B400AF3B
:10276000044BDB681B0A03F007031846BD465DF8FF
:10277000047B704700ED00E080B483B000AF0346F7
:10278000FB7197F90730002B0BDBFB7903F01F027D
:10279000074997F907305B09012000FA02F241F876
:1027A000232000BF0C37BD465DF8047B704700BF97
:1027B00000E100E080B483B000AF03463960FB71F4
:1027C00097F90730002B0ADB3B68DAB20C4997F91E
:1027D00007301201D2B20B4483F800230AE03B68B1
:1027E000DAB20849FB7903F00F03043B1201D2B2BD
:1027F0000B441A7600BF0C37BD465DF8047B70476A
:1028000000E100E000ED00E080B489B000AFF860C6
:10281000B9607A60FB6803F00703FB61FB69C3F1F1
:102820000703042B28BF0423BB61FB690433062B79
:1028300002D9FB69033B00E000237B614FF0FF32CC
:10284000BB6902FA03F3DA43BB681A407B699A401A
:102850004FF0FF317B6901FA03F3D9437B680B40EA
:10286000134318462437BD465DF8047B70470000CB
:1028700080B582B000AF78607B68013BB3F1807FA8
:1028800001D301230FE00A4A7B68013B53600F210B
:102890004FF0FF30FFF78EFF054B00229A60044B8C
:1028A00007221A60002318460837BD4680BD00BFC6
:1028B00010E000E080B582B000AF78607868FFF784
:1028C00029FF00BF0837BD4680BD80B586B000AF88
:1028D0000346B9607A60FB7300237B61FFF73EFF1C
:1028E00078617A68B9687869FFF78EFF024697F9D0
:1028F0000F3011461846FFF75DFF00BF1837BD4681
:1029000080BD80B582B000AF0346FB7197F90730F8
:102910001846FFF731FF00BF0837BD4680BD80B5C0
:1029200082B000AF78607868FFF7A2FF03461846D0
:102930000837BD4680BD000080B489B000AF786024
:10294000396000237B6100233B610023BB610023CE
:10295000FB616BE10122FB6902FA03F37B613B68D7
:102960001B687A6913403B613A697B699A4240F07F
:102970005A813B685B6803F00303012B05D03B6879
:102980005B6803F00303022B30D17B689B68BB615B
:10299000FB695B00032202FA03F3DB43BA691340CD
:1029A000BB613B68DA68FB695B0002FA03F3BA6952
:1029B0001343BB617B68BA699A607B685B68BB61E3
:1029C0000122FB6902FA03F3DB43BA691340BB61DE
:1029D0003B685B681B0903F00102FB6902FA03F321
:1029E000BA691343BB617B68BA695A603B685B682C
:1029F00003F00303032B17D07B68DB68BB61FB6923
:102A00005B00032202FA03F3DB43BA691340BB61A4
:102A10003B689A68FB695B0002FA03F3BA691343E7
:102A2000BB617B68BA69DA603B685B6803F00303EB
:102A3000022B23D1FB69DA087B68083253F8223075
:102A4000BB61FB6903F007039B000F2202FA03F34B
:102A5000DB43BA691340BB613B681A69FB6903F049
:102A600007039B0002FA03F3BA691343BB61FB69D6
:102A7000DA087B680832B96943F822107B681B6862
:102A8000BB61FB695B00032202FA03F3DB43BA6913
:102A90001340BB613B685B6803F00302FB695B00AA
:102AA00002FA03F3BA691343BB617B68BA691A601F
:102AB0003B685B6803F44033002B00F0B4800023D4
:102AC000FB60604B5B6C5F4A43F4804353645D4B37
:102AD0005B6C03F48043FB60FB685B4AFB699B080B
:102AE000023352F82330BB61FB6903F003039B0000
:102AF0000F2202FA03F3DB43BA691340BB617B6820
:102B0000524A93422BD07B68514A934225D07B682E
:102B1000504A93421FD07B684F4A934219D07B683A
:102B20004E4A934213D07B684D4A93420DD07B6846
:102B30004C4A934207D07B684B4A934201D107230A
:102B40000EE008230CE006230AE0052308E0042336
:102B500006E0032304E0022302E0012300E0002357
:102B6000FA6902F0030292009340BA691343BB6111
:102B70003549FB699B080233BA6941F823203B4B76
:102B80009B68BB613B69DB43BA691340BB613B682F
:102B90005B6803F48013002B03D0BA693B691343CD
:102BA000BB61324ABB699360304BDB68BB613B69F8
:102BB000DB43BA691340BB613B685B6803F40013F5
:102BC000002B03D0BA693B691343BB61274ABB6939
:102BD000D360264B5B68BB613B69DB43BA6913403A
:102BE000BB613B685B6803F40033002B03D0BA6918
:102BF0003B691343BB611D4ABB6953601B4B1B6898
:102C0000BB613B69DB43BA691340BB613B685B68EE
:102C100003F48033002B03D0BA693B691343BB61D3
:102C2000124ABB691360FB690133FB61FB690F2B1F
:102C30007FF690AE00BF00BF2437BD465DF8047B31
:102C4000704700BF003802400038014000000240D9
:102C50000004024000080240000C02400010024044
:102C60000014024000180240001C0240003C0140D9
:102C700080B483B000AF78600B467B8013467B70D6
:102C80007B78002B03D07A887B689A6103E07B888D
:102C90001A047B689A6100BF0C37BD465DF8047B5F
:102CA000704780B586B002AF78607B68002B01D199
:102CB000012359E07B681B68FB607B6893F8D53380
:102CC000DBB2002B06D17B68002283F8D42378681E
:102CD00007F03CFF7B68032283F8D523FB68B3F140
:102CE000A04F02D17B6800229A717B681B6818464E
:102CF00004F049FD7B6818687B681A7C8DF8002019
:102D000004330ECB04F0CAFC0346002B05D07B68CD
:102D1000022283F8D523012326E07B681B6801216A
:102D2000184604F041FD0346002B05D07B680222C3
:102D300083F8D523012317E07B6818687B681A7C29
:102D40008DF8002004330ECB04F0EAFE0346002B7E
:102D500005D07B68022283F8D523012304E07B6839
:102D6000012283F8D523002318461037BD4680BDC5
:102D700090B58BB004AF7860084611461A460346FA
:102D8000FB700B46BB7013467B703B8E7B617B6890
:102D900093F8D433012B01D102239DE07B680122FB
:102DA00083F8D423FA78796813461B019B1A9B0099
:102DB0000B44193300221A70FA78796813461B0104
:102DC0009B1A9B000B4414337A781A70FA7879684E
:102DD00013461B019B1A9B000B441533FA781A709B
:102DE000FA78796813461B019B1A9B000B44263323
:102DF00097F82C201A70FA78BB7803F07F03D8B2CA
:102E0000796813461B019B1A9B000B44163302463C
:102E10001A70FB781946786800F0A4FB97F9023025
:102E2000002B0ADAFA78796813461B019B1A9B007B
:102E30000B44173301221A7009E0FA7879681346B7
:102E40001B019B1A9B000B44173300221A707B68EE
:102E50001B68184604F0C8FF386197F82C30012B26
:102E60000BD197F82830012B07D13B69002B04D1F7
:102E70007B69BC2B01D9BC237B61FA787968134646
:102E80001B019B1A9B000B44183397F828201A70DB
:102E9000FA787B6998B2796813461B019B1A9B00EC
:102EA0000B44283302461A807B6818687B699BB202
:102EB0007C78BA78F978029397F82C30019397F8D8
:102EC00028300093234604F0B7FF0346FB737B686A
:102ED000002283F8D423FB7B18461C37BD4690BDE7
:102EE00080B582B000AF7860084611461A460346A6
:102EF000FB700B46BB7013467B70FA7879681346FB
:102F00001B019B1A9B000B441733BA781A70FA788E
:102F1000796813461B019B1A9B000B4426337A7871
:102F20001A703B7C002B14D1FA78796813461B0188
:102F30009B1A9B000B442A3303221A70FA78796893
:102F400013461B019B1A9B000B4419333A7F1A70DE
:102F500009E0FA78796813461B019B1A9B000B4421
:102F60002A3302221A707B78032B00F2028101A21D
:102F700052F823F0852F00085D3100084930000821
:102F8000D33000083B7C012B40F0F580BB78002B50
:102F90002DD13B8B002B09D1FA78796813461B01A0
:102FA0009B1A9B000B443D3301221A70FA78796812
:102FB00013461B019B1A9B000B443D331B78002BCF
:102FC0000AD1FA78796813461B019B1A9B000B44BF
:102FD0002A3300221A70CEE0FA78796813461B0172
:102FE0009B1A9B000B442A3302221A70C3E0FA7822
:102FF000796813461B019B1A9B000B441A331B78FC
:10300000012B40F0B880FA78796813461B019B1AAF
:103010009B000B443C331B78002B0AD1FA7879686B
:1030200013461B019B1A9B000B442A3300221A7083
:10303000A1E0FA78796813461B019B1A9B000B44A8
:103040002A3302221A7096E0BB78002B20D1FA783E
:10305000796813461B019B1A9B000B443D331B7878
:10306000002B0AD1FA78796813461B019B1A9B0042
:103070000B442A3300221A707EE0FA7879681346EE
:103080001B019B1A9B000B442A3302221A7073E027
:10309000FA78796813461B019B1A9B000B443C335A
:1030A0001B78002B0AD1FA78796813461B019B1A0A
:1030B0009B000B442A3300221A705DE0FA7879688D
:1030C00013461B019B1A9B000B442A3302221A70E1
:1030D00052E0BB78002B20D1FA78796813461B01A7
:1030E0009B1A9B000B443D331B78002B0AD1FA78C6
:1030F000796813461B019B1A9B000B442A3300225C
:103100001A7039E0FA78796813461B019B1A9B0004
:103110000B442A3302221A702EE0FA78796813469B
:103120001B019B1A9B000B443C331B78002B0AD1DC
:10313000FA78796813461B019B1A9B000B442A33CB
:1031400000221A7018E0FA78796813461B019B1A5E
:103150009B000B442A3302221A700DE0FA7879683A
:1031600013461B019B1A9B000B442A3300221A7042
:1031700002E000BF00E000BFFA78796813461B0147
:103180009B1A9B000B442C337A691A60FA78398BAE
:10319000786813461B019B1A9B0003443433196063
:1031A000FA78796813461B019B1A9B000B444C3339
:1031B00000221A70FA78796813461B019B1A9B004B
:1031C0000B44383300221A60FA78796813461B01E1
:1031D0009B1A9B000B441533FA781A70FA787968B9
:1031E00013461B019B1A9B000B444D3300221A709F
:1031F0007B681868FA7813461B019B1A9B001033F2
:103200007A681344191D7B689B791A4604F040FFC5
:10321000034618460837BD4680BD00BF80B586B05E
:1032200000AF78607B681B683B613B69FB607B6833
:103230001B68184604F02EFC0346012B40F0FB806F
:103240007B681B68184604F0F1FB0346002B00F076
:10325000F1807B681B68184604F0E8FB034603F422
:103260000013B3F5001F04D17B681B684FF40012F4
:103270005A617B681B68184604F0D8FB034603F4C8
:103280008013B3F5801F04D17B681B684FF4801254
:103290005A617B681B68184604F0C8FB034603F0BC
:1032A0008063B3F1806F04D17B681B684FF080624C
:1032B0005A617B681B68184604F0B8FB034603F0AC
:1032C0000203022B03D17B681B6802225A617B68D0
:1032D0001B68184604F0AAFB034603F00053B3F141
:1032E000005F20D17B681B684FF000525A61FB6879
:1032F00003F588631B6803F00103002B13D1102131
:10330000386904F09DFA386904F0CCFA7B685B7A7E
:10331000022B05D17B681B680121184604F0C4FC10
:10332000786807F091FC7B681B68184604F07EFB08
:10333000034603F08073B3F1807F02D1786801F017
:103340004DFD7B681B68184604F070FB034603F0D4
:103350000803082B06D1786807F05AFC7B681B68C5
:1033600008225A617B681B68184604F05FFB03461D
:1033700003F00073B3F1007F39D17B681B681846F6
:1033800005F000F9B86000237B6125E07B6903F05C
:103390000F03BA6822FA03F303F00103002B18D0DD
:1033A0007B695A01FB68134403F5A0631B6803F4AF
:1033B0000043B3F5004F06D17B69DBB2194678684C
:1033C00000F005F905E07B69DBB21946786800F08A
:1033D00067FF7B6901337B617B685B791A467B6998
:1033E0009342D3D37B681B684FF000725A617B68AD
:1033F0001B68184604F01AFB034603F01003102B59
:1034000001D1012300E00023002B14D07B681B684E
:103410009A697B681B6822F010029A61786801F053
:10342000FEFB7B681B689A697B681B6842F0100290
:103430009A6100E000BF1837BD4680BD80B582B0FC
:1034400000AF78607B6893F8D433012B01D102235D
:1034500013E07B68012283F8D4237B681B68012179
:10346000184604F088FC7B681B68184604F07AF95B
:103470007B68002283F8D423002318460837BD4612
:1034800080BD80B582B000AF78607B6893F8D4339C
:10349000012B01D102230DE07B68012283F8D423A4
:1034A0007B681B68184605F0DBF97B68002283F80F
:1034B000D423002318460837BD4680BD80B582B0AE
:1034C00000AF78607B681B68184604F02AFC03464E
:1034D00018460837BD4680BD80B483B000AF786021
:1034E0000B46FB70FA78796813461B019B1A9B0008
:1034F0000B444C331B7818460C37BD465DF8047BF3
:10350000704780B483B000AF78600B46FB70FA78E8
:10351000796813461B019B1A9B000B4438331B68C8
:1035200018460C37BD465DF8047B704780B582B005
:1035300000AF78607B681B68184604F06CFC03469B
:1035400018460837BD4680BD80B582B000AF7860B0
:103550007B681B68184604F047FC0346184608378A
:10356000BD4680BD80B483B000AF78600B46FB7071
:10357000FA78796813461B019B1A9B000B441A3397
:1035800000221A70FA78796813461B019B1A9B0077
:103590000B441B3300221A70FA78796813461B011A
:1035A0009B1A9B000B44253300221A70FA78796825
:1035B00013461B019B1A9B000B44243300221A70F4
:1035C000002318460C37BD465DF8047B704780B574
:1035D00086B000AF78600B46FB707B681B687B6130
:1035E0007B693B617B681B68FA781146184604F0DA
:1035F00030FA034603F00403042B1AD1FB785A0176
:103600003B69134403F5A0631A4604239360FA78D8
:10361000796813461B019B1A9B000B444D3307220C
:103620001A707B681B68FA781146184604F0BBFFD5
:103630009EE07B681B68FA781146184604F009FA88
:10364000034603F48073B3F5807F1BD1FB785A01E6
:103650003B69134403F5A0631A464FF480739360EB
:10366000FA78796813461B019B1A9B000B444D3373
:1036700008221A707B681B68FA781146184604F015
:1036800092FF75E07B681B68FA781146184604F0D3
:10369000E0F9034603F00803082B1AD1FB785A011E
:1036A0003B69134403F5A0631A4608239360FA7834
:1036B000796813461B019B1A9B000B444D3306226D
:1036C0001A707B681B68FA781146184604F06BFF85
:1036D0004EE07B681B68FA781146184604F0B9F989
:1036E000034603F48063B3F5806F1BD1FB785A0166
:1036F0003B69134403F5A0631A464FF4806393605B
:10370000FA78796813461B019B1A9B000B444D33D2
:1037100009221A707B681B68FA781146184604F073
:1037200042FF25E07B681B68FA781146184604F0D2
:1037300090F9034603F08003802B19D1FB785A01DE
:103740003B69134403F5A0631A4680239360FA781B
:10375000796813461B019B1A9B000B444D330722CB
:103760001A707B681B68FA781146184604F01BFF34
:103770007B681B68FA781146184604F06AF903461C
:1037800003F40073B3F5007F12D17B681B68FA78ED
:103790001146184604F007FFFB785A013B691344B1
:1037A00003F5A0631A464FF40073936000F075BDF3
:1037B0007B681B68FA781146184604F04AF90346FC
:1037C00003F00103012B40F02881FB785A013B698B
:1037D000134403F5A0631A4620239360FA787968AE
:1037E00013461B019B1A9B000B441B331B78012BB8
:1037F00019D1FA78796813461B019B1A9B000B4478
:103800001B3300221A70FB785A013B69134403F5FD
:10381000A0635B68FA7851013A690A4402F5A06234
:1038200023F4803353607B689B79002B1BD0FA789C
:10383000796813461B019B1A9B000B4430331968AF
:10384000FB785A013B69134403F5A0631B69C3F37A
:103850001203FA78C91A786813461B019B1A9B0059
:10386000034438331960FA78796813461B019B1AB0
:103870009B000B444D3301221A70FA787968134685
:103880001B019B1A9B000B44443300221A60FB78F7
:103890005A013B69134403F5A0631A460123936060
:1038A000FA78796813461B019B1A9B000B44263358
:1038B0001B78002B0AD0FA78796813461B019B1AF3
:1038C0009B000B4426331B78022B10D17B681B68AE
:1038D000FA781146184604F066FEFB785A013B69F7
:1038E000134403F5A0631A46102393603DE0FA7871
:1038F000796813461B019B1A9B000B4426331B78E7
:10390000032B0AD0FA78796813461B019B1A9B0097
:103910000B4426331B78012B27D1FB785A013B69D6
:10392000134403F5A0631B68FA7851013A690A440D
:1039300002F5A06243F000531360FA7879681346E9
:103940001B019B1A9B000B444C3301221A70FA781E
:10395000796813461B019B1A9B000B444C331A7861
:10396000FB781946786807F07DF97B689B79012B15
:103970003BD1FA78796813461B019B1A9B000B44D4
:1039800038331968FA78786813461B019B1A9B0034
:10399000034428331B880B44591EFA787868134671
:1039A0001B019B1A9B00034428331B88B1FBF3F3D4
:1039B00003F00103002B00F07084FA787968134655
:1039C0001B019B1A9B000B443C331B78FA7883F055
:1039D0000103D8B2796813461B019B1A9B000B4464
:1039E0003C3302461A7000F058BCFA7879681346E6
:1039F0001B019B1A9B000B443C331B78FA7883F025
:103A00000103D8B2796813461B019B1A9B000B4433
:103A10003C3302461A7000F040BC7B681B68FA78A1
:103A20001146184604F015F8034603F02003202B36
:103A300031D1FB785A013B69134403F5A0631A4660
:103A400020239360FA78796813461B019B1A9B0028
:103A50000B441A331B78012B40F01F84FA787968E5
:103A600013461B019B1A9B000B441B3301221A7047
:103A7000FA78796813461B019B1A9B000B444D335F
:103A800003221A707B681B68FA781146184604F006
:103A90008AFD00F002BC7B681B68FA781146184664
:103AA00003F0D7FF034603F00203022B40F0058327
:103AB000FB785A013B69134403F5A0631A460223BD
:103AC0009360FA78796813461B019B1A9B000B449C
:103AD0004D331B78012B14D1FA78796813461B01FA
:103AE0009B1A9B000B444D3302221A70FA787968B6
:103AF00013461B019B1A9B000B444C3301221A7086
:103B0000CCE2FA78796813461B019B1A9B000B44A0
:103B10004D331B78062B14D1FA78796813461B01B4
:103B20009B1A9B000B444D3302221A70FA78796875
:103B300013461B019B1A9B000B444C3305221A7041
:103B4000ACE2FA78796813461B019B1A9B000B4480
:103B50004D331B78072B0BD0FA78796813461B017D
:103B60009B1A9B000B444D331B78092B40F0A68019
:103B7000FA78796813461B019B1A9B000B444D335E
:103B800002221A70FA78796813461B019B1A9B006F
:103B90000B4444331B68591C786813461B019B1A5D
:103BA0009B00034444331960FA78796813461B017B
:103BB0009B1A9B000B4444331B68022B43D9FA78B1
:103BC000796813461B019B1A9B000B444433002267
:103BD0001A60FA78796813461B019B1A9B000B4404
:103BE0001A331B78012B23D1FA78796813461B010D
:103BF0009B1A9B000B441B3300221A70FA787968D9
:103C000013461B019B1A9B000B441C3300221A70A5
:103C1000FB785A013B69134403F5A0635B68FA78AB
:103C200051013A690A4402F5A06223F480335360DB
:103C3000FA78796813461B019B1A9B000B444C339E
:103C400004221A7029E2FA78796813461B019B1A3C
:103C50009B000B444C3302221A70FA7879681346A1
:103C60001B019B1A9B000B4426331B78002B0BD0A7
:103C7000FA78796813461B019B1A9B000B44263384
:103C80001B78022B40F00982FB785A013B691344F0
:103C900003F5A0631B68FB60FB6823F08043FB60B7
:103CA000FB6843F00043FB60FB785A013B69134417
:103CB00003F5A0631A46FB681360EEE1FA787968B1
:103CC00013461B019B1A9B000B444D331B78052B9D
:103CD00040F0C880FA78796813461B019B1A9B0054
:103CE0000B444D3302221A70FA78796813461B018F
:103CF0009B1A9B000B441B331B78012B40F0CE8199
:103D0000FA78796813461B019B1A9B000B442633F3
:103D10001B78032B6BD1FA78796813461B019B1A29
:103D20009B000B4448331B68591C786813461B01E1
:103D30009B1A9B00034448331960FA78796813464C
:103D40001B019B1A9B000B4448331B68022B43D971
:103D5000FA78796813461B019B1A9B000B44483381
:103D600000221A60FA78796813461B019B1A9B009F
:103D70000B441B3300221A70FA78796813461B0132
:103D80009B1A9B000B4444331B68022B09D8FA781A
:103D9000796813461B019B1A9B000B441C330122BC
:103DA0001A70FB785A013B69134403F5A0635B6802
:103DB000FA7851013A690A4402F5A06223F480338B
:103DC0005360FA78796813461B019B1A9B000B44D9
:103DD0004C3304221A7014E0FA78796813461B01F8
:103DE0009B1A9B000B444C3302221A7009E0FA78AC
:103DF000796813461B019B1A9B000B444C3302222B
:103E00001A70FA78796813461B019B1A9B000B44C1
:103E100026331B78002B0BD0FA78796813461B01E8
:103E20009B1A9B000B4426331B78022B40F03681F3
:103E3000FB785A013B69134403F5A0631B68FB60E0
:103E4000FB6823F08043FB60FB6843F00043FB60AA
:103E5000FB785A013B69134403F5A0631A46FB68DB
:103E600013601BE1FA78796813461B019B1A9B00CB
:103E70000B444D331B78032B40F08180FA7879682E
:103E800013461B019B1A9B000B444D3302221A70F0
:103E9000FA78796813461B019B1A9B000B441B336D
:103EA0001B78012B40F0FA80FA78796813461B01E1
:103EB0009B1A9B000B444C3302221A70FB785A0168
:103EC0003B69134403F5A0635B68FA7851013A69D2
:103ED0000A4402F5A06243F480335360FB785A0130
:103EE0003B69134403F5A063DB68FA7851013A6932
:103EF0000A4402F5A06243F04003D360FB785A0104
:103F00003B69134403F5A063DB68FA7851013A6911
:103F10000A4402F5A06223F02003D360FA7879689E
:103F200013461B019B1A9B000B4426331B78002B66
:103F30000BD0FA78796813461B019B1A9B000B443F
:103F400026331B78022B40F0A980FB785A013B698D
:103F5000134403F5A0631B68FB60FB6823F08043F8
:103F6000FB60FB6843F00043FB60FB785A013B6950
:103F7000134403F5A0631A46FB6813608EE0FA78D9
:103F8000796813461B019B1A9B000B444D331B7829
:103F9000042B43D1FA78796813461B019B1A9B00C6
:103FA0000B444D3302221A70FA78796813461B01CC
:103FB0009B1A9B000B444C3302221A70FA787968E2
:103FC00013461B019B1A9B000B4426331B78002BC6
:103FD0000AD0FA78796813461B019B1A9B000B44A0
:103FE00026331B78022B59D1FB785A013B691344C5
:103FF00003F5A0631B68FB60FB6823F08043FB6054
:10400000FB6843F00043FB60FB785A013B691344B3
:1040100003F5A0631A46FB6813603FE0FA787968FD
:1040200013461B019B1A9B000B444D331B78082B36
:1040300026D1FA78796813461B019B1A9B000B4422
:104040004D3302221A70FA78796813461B019B1AC5
:104050009B000B4444331B68591C786813461B01B2
:104060009B1A9B00034444331960FA78796813461D
:104070001B019B1A9B000B444C3304221A700DE069
:10408000FA78796813461B019B1A9B000B444D3349
:104090001B78022B00F0008100E000BFFA787968FD
:1040A00013461B019B1A9B000B444C331A78FB7878
:1040B0001946786806F0D6FDEFE07B681B68FA7851
:1040C0001146184603F0C5FC034603F04003402B9D
:1040D0002FD1FB785A013B69134403F5A0631A46BC
:1040E00040239360FA78796813461B019B1A9B0062
:1040F0000B444D3305221A70FA78796813461B0178
:104100009B1A9B000B441A331B78002B09D1FA78B9
:10411000796813461B019B1A9B000B444433002211
:104120001A607B681B68FA781146184604F03BFA5F
:10413000B3E07B681B68FA781146184603F089FCE7
:10414000034603F01003102B40F0A780FA7879683B
:1041500013461B019B1A9B000B4426331B78032B31
:104160001BD1FA78796813461B019B1A9B000B44FC
:10417000443300221A60FA78796813461B019B1AAF
:104180009B000B444D3304221A707B681B68FA783D
:104190001146184604F007FA3FE0FA7879681346AA
:1041A0001B019B1A9B000B4426331B78002B0AD063
:1041B000FA78796813461B019B1A9B000B4426333F
:1041C0001B78022B29D1FA78796813461B019B1AB8
:1041D0009B000B44443300221A607B689B79002BC0
:1041E0000AD0FA78796813461B019B1A9B000B448E
:1041F0001B331B78012B10D1FA78796813461B0109
:104200009B1A9B000B444D3304221A707B681B6879
:10421000FA781146184604F0C6F9FA787968134618
:104220001B019B1A9B000B441B331B78012B29D1CC
:10423000FA78796813461B019B1A9B000B441B33C9
:1042400000221A70FB785A013B69134403F5A063FE
:104250005B68FA7851013A690A4402F5A06223F4D6
:1042600080335360FB785A013B69134403F5A06324
:10427000DB68FA7851013A690A4402F5A06243F01A
:104280002003D360FB785A013B69134403F5A06314
:104290001A461023936000E000BF1837BD4680BD6A
:1042A00080B586B000AF78600B46FB707B681B68FA
:1042B0007B617B693B617B681B68FA781146184615
:1042C00003F0C7FB034603F00403042B1BD1FB7868
:1042D0005A013B69134403F5A0631A460423936013
:1042E000FA78796813461B019B1A9B000B444D33E7
:1042F00007221A707B681B68FA781146184604F08A
:1043000052F900F089BC7B681B68FA7811461846A0
:1043100003F09FFB034603F02003202B40F0828034
:10432000FB785A013B69134403F5A0631A46202326
:104330009360FA78796813461B019B1A9B000B4423
:1043400019331B78012B24D1FA78796813461B01A5
:104350009B1A9B000B44193300221A70FA78796873
:1043600013461B019B1A9B000B444C3302221A700C
:10437000FA78796813461B019B1A9B000B444D3356
:1043800003221A707B681B68FA781146184604F0FD
:104390000AF9FA78796813461B019B1A9B000B44B3
:1043A0001A331B78012B40F03784FA78796813466A
:1043B0001B019B1A9B000B441B331B78002B40F006
:1043C0002B84FA78796813461B019B1A9B000B44D7
:1043D00026331B78012B09D0FA78796813461B0124
:1043E0009B1A9B000B441B3301221A70FA787968E0
:1043F00013461B019B1A9B000B444D3303221A707A
:104400007B681B68FA781146184604F0CCF8FA78F5
:10441000796813461B019B1A9B000B44443300220E
:104420001A60F9E37B681B68FA781146184603F0B6
:1044300010FB034603F40073B3F5007F11D1FB7842
:104440005A013B69134403F5A0631A464FF4007305
:1044500093607B681B68FA781146184604F0A3F84D
:10446000DAE37B681B68FA781146184603F0F1FA24
:10447000034603F00103012B68D1FA7879681346EB
:104480001B019B1A9B000B44443300221A607B687B
:104490001B68FA781146184603F0DBFA034603F06E
:1044A0004003402B12D1FA78796813461B019B1AFE
:1044B0009B000B44193301221A70FB785A013B69A7
:1044C000134403F5A0631A4640239360FA78796891
:1044D00013461B019B1A9B000B441B331B78002BBC
:1044E00019D0FA78796813461B019B1A9B000B447C
:1044F0001B3300221A70FB785A013B69134403F501
:10450000A0635B68FA7851013A690A4402F5A06237
:1045100023F480335360FB785A013B69134403F55D
:10452000A0631A4601239360FA78796813461B0149
:104530009B1A9B000B444D3301221A707B681B6849
:10454000FA781146184604F02EF865E37B681B687C
:10455000FA781146184603F07CFA034603F040034C
:10456000402B39D1FA78796813461B019B1A9B00BE
:104570000B444D3305221A70FA78796813461B01F3
:104580009B1A9B000B441A331B78002B09D1FA7835
:10459000796813461B019B1A9B000B4419330122B7
:1045A0001A70FA78796813461B019B1A9B000B441A
:1045B000443300221A607B681B68FA78114618465B
:1045C00003F0F1FFFB785A013B69134403F5A06344
:1045D0001A46402393601FE37B681B68FA781146F4
:1045E000184603F036FA034603F00803082B1AD1E5
:1045F000FB785A013B69134403F5A0631A4608236C
:104600009360FA78796813461B019B1A9B000B4450
:104610004D3306221A707B681B68FA7811461846DB
:1046200003F0C1FFF8E27B681B68FA781146184670
:1046300003F00FFA034603F01003102B44D1FA786D
:10464000796813461B019B1A9B000B4444330022DC
:104650001A60FA78796813461B019B1A9B000B4479
:104660004D3304221A70FA78796813461B019B1A9D
:104670009B000B4419331B78002B14D1FA7879680E
:1046800013461B019B1A9B000B4418331B78002B0D
:1046900009D1FA78796813461B019B1A9B000B44D9
:1046A000193301221A707B681B68FA781146184684
:1046B00003F079FFFB785A013B69134403F5A063CB
:1046C0001A4610239360A7E27B681B68FA781146AC
:1046D000184603F0BEF9034603F08003802B40F038
:1046E00083807B689B79002B11D1FA787968134617
:1046F0001B019B1A9B000B444D3307221A707B68E9
:104700001B68FA781146184603F04DFF62E0FA780C
:10471000796813461B019B1A9B000B4444331B68AA
:10472000591C786813461B019B1A9B0003444433B1
:104730001960FA78796813461B019B1A9B000B4499
:1047400044331B68022B22D9FA78796813461B017F
:104750009B1A9B000B44443300221A60FA78796854
:1047600013461B019B1A9B000B444C3304221A7006
:10477000FA78796813461B019B1A9B000B444C3353
:104780001A78FB781946786806F06CFA22E0FA7815
:10479000796813461B019B1A9B000B444C33022281
:1047A0001A70FB785A013B69134403F5A0631B6838
:1047B000FB60FB6823F08043FB60FB6843F0004331
:1047C000FB60FB785A013B69134403F5A0631A466A
:1047D000FB681360FB785A013B69134403F5A0633F
:1047E0001A468023936017E27B681B68FA781146AB
:1047F000184603F02EF9034603F48063B3F5806F87
:104800001BD1FA78796813461B019B1A9B000B4455
:104810004D3309221A707B681B68FA7811461846D6
:1048200003F0C1FEFB785A013B69134403F5A06312
:104830001A464FF480639360EEE17B681B68FA7858
:104840001146184603F005F9034603F00203022B54
:1048500040F0DF81FB785A013B69134403F5A06304
:104860001A4602239360FA78796813461B019B1A53
:104870009B000B444D331B78012B40F09380FA785A
:10488000796813461B019B1A9B000B444D3302228F
:104890001A70FA78796813461B019B1A9B000B4427
:1048A0004C3301221A70FA78796813461B019B1A5F
:1048B0009B000B4426331B78022B0BD0FA787968C7
:1048C00013461B019B1A9B000B4426331B78032BBA
:1048D00040F090817B689B79002B15D1FA7879683C
:1048E00013461B019B1A9B000B443D331B78FA783F
:1048F00083F00103D8B2796813461B019B1A9B0011
:104900000B443D3302461A707B689B79012B40F0C3
:104910007181FA78796813461B019B1A9B000B443E
:1049200034331B68002B00F06581FA7879681346F0
:104930001B019B1A9B000B4434331968FA78786882
:1049400013461B019B1A9B00034428331B880B440E
:10495000591EFA78786813461B019B1A9B00034482
:1049600028331B88B1FBF3F3BB60BB6803F0010382
:10497000002B00F03F81FA78796813461B019B1ADF
:104980009B000B443D331B78FA7883F00103D8B2C7
:10499000796813461B019B1A9B000B443D3302466A
:1049A0001A7027E1FA78796813461B019B1A9B005D
:1049B0000B444D331B78032B20D1FA7879681346CA
:1049C0001B019B1A9B000B444D3302221A70FA788C
:1049D000796813461B019B1A9B000B441B331B7801
:1049E000012B40F00781FA78796813461B019B1A66
:1049F0009B000B444C3302221A70FBE0FA78796872
:104A000013461B019B1A9B000B444D331B78042B50
:104A10003AD1FA78796813461B019B1A9B000B4424
:104A20004D3302221A70FA78796813461B019B1ADB
:104A30009B000B444C3302221A70FA7879681346B3
:104A40001B019B1A9B000B441B331B78012B40F06E
:104A5000D180FA78796813461B019B1A9B000B449E
:104A60001B3300221A70FB785A013B69134403F58B
:104A7000A0635B68FA7851013A690A4402F5A062C2
:104A800023F480335360B5E0FA78796813461B014C
:104A90009B1A9B000B444D331B78052B14D1FA78DD
:104AA000796813461B019B1A9B000B444D3302226D
:104AB0001A70FA78796813461B019B1A9B000B4405
:104AC0004C3302221A7095E0FA78796813461B017C
:104AD0009B1A9B000B444D331B78062B14D1FA789C
:104AE000796813461B019B1A9B000B444D3302222D
:104AF0001A70FA78796813461B019B1A9B000B44C5
:104B00004C3305221A7075E0FA78796813461B0158
:104B10009B1A9B000B444D331B78072B0AD0FA7865
:104B2000796813461B019B1A9B000B444D331B787D
:104B3000092B70D1FA78796813461B019B1A9B00E8
:104B40000B444D3302221A70FA78796813461B0120
:104B50009B1A9B000B4444331B68591C786813460E
:104B60001B019B1A9B00034444331960FA7879684F
:104B700013461B019B1A9B000B4444331B68022BFA
:104B800014D9FA78796813461B019B1A9B000B44D1
:104B9000443300221A60FA78796813461B019B1A85
:104BA0009B000B444C3304221A7022E0FA78796897
:104BB00013461B019B1A9B000B444C3302221A70B4
:104BC000FB785A013B69134403F5A0631B68FB6043
:104BD000FB6823F08043FB60FB6843F00043FB600D
:104BE000FB785A013B69134403F5A0631A46FB683E
:104BF000136000BFFA78796813461B019B1A9B006B
:104C00000B444C331A78FB781946786806F02AF87A
:104C100002E000BF00E000BF1837BD4680BD80B590
:104C20008AB000AF78607B681B687B627B6A3B62FE
:104C30007B681B681B6AFB61FB6903F00F03BB61A8
:104C4000FB695B0C03F00F037B61FB691B09C3F37A
:104C50000A033B617B69022B04D07B69052B00F0C2
:104C6000B680B7E03B69002B00F0B3807968BA6981
:104C700013461B019B1A9B000B442C331B68002B13
:104C800000F0A7807968BA6913461B019B1A9B0044
:104C90000B4438331A683B69D1187868BA691346EF
:104CA0001B019B1A9B00034434331B68994200F29A
:104CB00083807B6818687968BA6913461B019B1A60
:104CC0009B000B442C331B683A6992B2194602F0E0
:104CD00055FE7968BA6913461B019B1A9B000B4469
:104CE0002C331A683B69D1187868BA6913461B01DE
:104CF0009B1A9B0003442C3319607968BA691346E8
:104D00001B019B1A9B000B4438331A683B69D1186E
:104D10007868BA6913461B019B1A9B000344383319
:104D20001960BB695A013B6A134403F5A0631B6910
:104D3000DB0CC3F30903FB607968BA6913461B01F6
:104D40009B1A9B000B4428331B881A463B699342ED
:104D50003FD1FB68002B3CD0BB695A013B6A13442E
:104D600003F5A0631B68BB60BB6823F08043BB6096
:104D7000BB6843F00043BB60BB695A013B6A134404
:104D800003F5A0631A46BB6813607968BA691346D5
:104D90001B019B1A9B000B443C331B7883F00103DF
:104DA000D8B27968BA6913461B019B1A9B000B4461
:104DB0003C3302461A700CE07968BA6913461B014D
:104DC0009B1A9B000B444C3304221A7001E000BF75
:104DD00000E000BF00BF2837BD4680BD80B586B06B
:104DE00000AF78607B681B687B617B693B613B69D6
:104DF00003F588631B68FB603B6903F588631B68E8
:104E0000BB60BB6823F02E03BB60FB6803F00203AA
:104E1000022B0BD1FB6803F00103012B02D1786850
:104E200005F004FFBB6843F00203BB60FB6803F0BE
:104E30000803082B32D1BB6843F00803BB60FB6852
:104E400003F00403042B26D17B685B7A022B13D179
:104E5000FB6803F4C023B3F5802F06D17B681B6881
:104E60000221184602F020FF11E07B681B68012137
:104E7000184602F019FF0AE07B68DB79012B06D1A6
:104E80003B6903F580631A464EF6602353607868E9
:104E900005F0F6FE02E0786805F000FFFB6803F01D
:104EA0002003202B03D1BB6843F02003BB603B6988
:104EB00003F588631A46BB68136000BF1837BD4608
:104EC00080BD000080B588B000AF78607B68002BA3
:104ED00001D1012328E17B6893F84130DBB2002B3C
:104EE00009D17B68002283F840207B68904A5A638E
:104EF0007868FCF761FE7B68022283F841207B68BA
:104F00001B68DB697A68126823F47B6323F00F0364
:104F1000D3617B681B6802221A627B685B69022B83
:104F200060D07B68DB68002B02D110237B6101E03D
:104F300020237B617B689B68202B02D87B695B0008
:104F40007B61012001F0D8F9F8607B681B69B3F53B
:104F5000007F25D17B68DB68002B10D07B699B002C
:104F6000FA68B2FBF3F213469B0013445B001A4647
:104F70007B685B69B2FBF3F305333B611FE07B6940
:104F8000DB00FA68B2FBF3F213469B0013445B00AC
:104F90001A467B685B69B2FBF3F305333B610EE0B5
:104FA000FA687B69B2FBF3F213469B0013445B0083
:104FB0001A467B685B69B2FBF3F305333B613B69DF
:104FC0005C4AA2FB0323DB083B613B6903F001035E
:104FD000BB613A69BB69D31A5B08FB61BB691B0201
:104FE000BB6103E00223FB610023BB61FB69012B72
:104FF00002D9FB69FF2B07D97B685B6C43F0100279
:105000007B685A6401238FE07B681A69BB6942EAB6
:1050100003017B681B68FA690A431A627B681B6894
:10502000DB6923F47B6323F00F037A6851687A68A5
:10503000926811437A68D26811437A6892690A4388
:105040001A437B681B6842F40062DA617B681B6A62
:10505000012B61D17B68384A5A637B681B68374AE9
:10506000934201D1364B01E04FF04023DB697A686F
:10507000126832498A4201D1314A01E04FF04022A0
:1050800023F47B6323F00F03D3617B681B682B4AF7
:10509000934201D12A4B01E04FF0402302221A62D1
:1050A0007B681B68254A934201D1254B01E04FF0F4
:1050B0004023DB697B817B685B68B3F5007F03D0AD
:1050C0007B685B68002B03D14FF480733B6101E088
:1050D00000233B613B699AB27B689B689BB2134398
:1050E0009AB27B68DB689BB213439AB27B689B6978
:1050F0009BB213439AB27B8913439BB243F4006380
:105100007B817B681B680D4A934201D10C4B01E007
:105110004FF040237A89DA617B6800225A647B6809
:10512000012283F84120002318462037BD4680BD68
:105130003B520008CDCCCCCC515300080038004085
:105140000034004080B483B000AF786000BF0C37FB
:10515000BD465DF8047B704780B483B000AF7860D3
:1051600000BF0C37BD465DF8047B704780B483B048
:1051700000AF786000BF0C37BD465DF8047B704718
:1051800080B582B000AF78607B685B6A1A887B6804
:105190001B68DA607B685B6A9A1C7B685A627B6872
:1051A0005B8D9BB2013B9AB27B685A857B685B8DB5
:1051B0009BB2002B0ED17B681B685A687B681B680A
:1051C00022F0A0025A607B68012283F841207868AF
:1051D000FFF7B8FF00BF0837BD4680BD80B582B07D
:1051E00000AF78607B681B68DA687B68DB6A92B224
:1051F0001A807B68DB6A9A1C7B68DA627B685B8E4C
:105200009BB2013B9AB27B685A867B685B8E9BB2ED
:10521000002B0ED17B681B685A687B681B6822F0E4
:1052200060025A607B68012283F841207868FFF7AA
:1052300093FF00BF0837BD4680BD80B586B000AF84
:1052400078607B681B689B687B617B6893F8413062
:10525000DBB2042B3AD17B6903F00103012B09D1A6
:105260007B681B685B6803F04003402B02D17868C1
:10527000FFF7B4FF7B6903F04003402B26D17B6826
:105280001B685B6803F02003202B1FD17B681B6821
:105290005A687B681B6822F060025A6000233B61F9
:1052A0007B681B68DB683B617B681B689B683B61B4
:1052B0003B697B68012283F841207B685B6C43F08B
:1052C00002027B685A647868FFF750FF7B6893F8A6
:1052D0004130DBB2032B36D17B6903F00203022B92
:1052E00009D17B681B685B6803F08003802B02D1C7
:1052F0007868FFF745FF7B6903F00803082B22D18C
:105300007B681B685B6803F02003202B1BD17B6844
:105310001B685A687B681B6822F0A0025A60002351
:10532000FB607B681B689B68FB60FB687B680122F5
:1053300083F841207B685B6C43F004027B685A640D
:105340007868FFF713FF00BF1837BD4680BD000027
:1053500080B588B000AF78607B681B689B68FB6194
:105360007B681B68924A934201D1924B01E04FF057
:1053700040239B68BB617B681B685B687B617B68C3
:105380001B688B4A934201D18A4B01E04FF04023C6
:105390005B683B617B685B68B3F5007F04D07B682A
:1053A0005B68002B40F09980FB6903F00203022B3D
:1053B00007D17B6903F08003002B02D0786800F0EE
:1053C00025F9BB6903F00103012B07D13B6903F009
:1053D0004003002B02D0786800F0C8F9BB6903F0E5
:1053E0004003402B3AD13B6903F02003002B35D01A
:1053F0007B681B686E4A934201D16E4B01E04FF00F
:1054000040235A687B681B6869498B4201D1694B0C
:1054100001E04FF0402322F060025A607B681B6875
:105420005A687B681B6822F0A0025A600023FB6068
:105430007B681B68DB68FB607B681B689B68FB60A4
:10544000FB687B68012283F841207B685B6C43F03A
:1054500002027B685A647868FFF788FEFB6903F0F4
:105460000803082B40F0C3807B6903F02003002B66
:1054700000F0BD807B681B685A687B681B6822F05F
:10548000A0025A607B681B68494A934201D1494B8C
:1054900001E04FF040235A687B681B6844498B4207
:1054A00001D1444B01E04FF0402322F060025A60EA
:1054B0000023BB607B681B689B68BB60BB687B6824
:1054C000012283F841207B685B6C43F004027B6817
:1054D0005A647868FFF74AFE89E0BB6903F002036B
:1054E000022B07D13B6903F08003002B02D07868C0
:1054F00000F0BEF8FB6903F00103012B07D17B69C3
:1055000003F04003002B02D0786800F0FDF8FB693F
:1055100003F04003402B2FD17B6903F02003002BC5
:105520002AD07B681B685A687B681B6822F060027F
:105530005A607B681B681E4A934201D11D4B01E0F3
:105540004FF040235A687B681B6819498B4201D190
:10555000184B01E04FF0402322F0A0025A607B6814
:10556000012283F841207B685B6C43F002027B6878
:105570005A647868FFF7FAFDBB6903F00803082B4B
:1055800036D13B6903F02003002B31D07B681B68C8
:10559000074A934201D1074B01E04FF040235A687C
:1055A0007B681B6802498B4206D1024B06E000BFB4
:1055B00000380040003400404FF0402322F0A002A9
:1055C0005A607B681B685A687B681B6822F060021F
:1055D0005A607B68012283F841207B685B6C43F052
:1055E00004027B685A647868FFF7C0FD00E000BFE2
:1055F00000BF2037BD4680BD80B483B000AF786067
:1056000000BF0C37BD465DF8047B704780B582B0A3
:1056100000AF78607B685B6A991C7A6851621A886F
:105620007B681B68DA607B685B8D9BB2013B9AB23A
:105630007B685A857B685B8D9BB2002B13D17B689E
:105640001B685A687B681B6822F0A0025A607B685E
:105650005B8E9BB2002B06D17B68012283F8412030
:105660007868FFF7C9FF00BF0837BD4680BD00005E
:1056700080B582B000AF78607B685B6A991C7A68FD
:10568000516219887B681B681D4A934201D11D4BEA
:1056900001E04FF040230A46DA607B685B8D9BB2E5
:1056A000013B9AB27B685A857B685B8D9BB2002B6D
:1056B00021D17B681B68124A934201D1114B01E052
:1056C0004FF040235A687B681B680D498B4201D11B
:1056D0000C4B01E04FF0402322F0A0025A607B689F
:1056E0005B8E9BB2002B06D17B68012283F84120A0
:1056F0007868FFF781FF00BF0837BD4680BD00BF57
:10570000003800400034004080B582B000AF7860BF
:105710007B681B68D8687B68DB6A991C7A68D162F1
:1057200082B21A807B685B8E9BB2013B9AB27B6827
:105730005A867B685B8E9BB2002B13D17B681B68FB
:105740005A687B681B6822F060025A607B685B8D38
:105750009BB2002B06D17B68012283F84120786838
:10576000FFF74AFF00BF0837BD4680BD80B582B055
:1057700000AF78607B681B68204A934201D1204BC0
:1057800001E04FF04023D8687B68DB6A991C7A6897
:10579000D16282B21A807B685B8E9BB2013B9AB267
:1057A0007B685A867B685B8E9BB2002B21D17B681D
:1057B0001B68124A934201D1114B01E04FF0402384
:1057C0005A687B681B680D498B4201D10C4B01E084
:1057D0004FF0402322F060025A607B685B8D9BB2E1
:1057E000002B06D17B68012283F841207868FFF7FF
:1057F00003FF00BF0837BD4680BD00BF0038004032
:105800000034004080B586B000AF78607B68002B24
:1058100001D1012367E27B681B6803F00103002BC1
:1058200075D0884B9B6803F00C03042B0CD0854B80
:105830009B6803F00C03082B12D1824B5B6803F4C6
:105840008003B3F5800F0BD17E4B1B6803F400334C
:10585000002B5BD07B685B68002B57D1012342E2B1
:105860007B685B68B3F5803F06D1764B1B68754A51
:1058700043F4803313601DE07B685B68B3F5A02FB1
:105880000CD1704B1B686F4A43F4802313606D4B3F
:105890001B686C4A43F4803313600BE0694B1B6850
:1058A000684A23F480331360664B1B68654A23F40F
:1058B000802313607B685B68002B13D0FCF7FAFE33
:1058C000386108E0FCF7F6FE02463B69D31A642B08
:1058D00001D9032307E25B4B1B6803F40033002B61
:1058E000F0D014E0FCF7E6FE386108E0FCF7E2FED9
:1058F00002463B69D31A642B01D90323F3E1514BD0
:105900001B6803F40033002BF0D100E000BF7B687C
:105910001B6803F00203002B63D04A4B9B6803F023
:105920000C03002B0BD0474B9B6803F00C03082B98
:105930001CD1444B5B6803F48003002B16D1414B10
:105940001B6803F00203002B05D07B68DB68012B8A
:1059500001D00123C7E13B4B1B6823F0F8027B68B1
:105960001B69DB00374913430B603AE07B68DB6857
:10597000002B20D0344B01221A60FCF79BFE3861CB
:1059800008E0FCF797FE02463B69D31A022B01D9C7
:105990000323A8E12B4B1B6803F00203002BF0D07C
:1059A000284B1B6823F0F8027B681B69DB00254944
:1059B00013430B6015E0244B00221A60FCF77AFEBB
:1059C000386108E0FCF776FE02463B69D31A022BE9
:1059D00001D9032387E11B4B1B6803F00203002B53
:1059E000F0D17B681B6803F00803002B36D07B687E
:1059F0005B69002B16D0154B01221A60FCF75AFE8A
:105A0000386108E0FCF756FE02463B69D31A022BC8
:105A100001D9032367E10B4B5B6F03F00203002BFB
:105A2000F0D01BE0094B00221A60FCF743FE3861FE
:105A30000EE0FCF73FFE02463B69D31A022B07D962
:105A4000032350E10038024000004742800E4742E5
:105A5000884B5B6F03F00203002BEAD17B681B6865
:105A600003F00403002B00F097800023FB75814BAB
:105A70001B6C03F08053002B0FD10023BB607D4BC8
:105A80001B6C7C4A43F0805313647A4B1B6C03F00D
:105A90008053BB60BB680123FB75774B1B6803F425
:105AA0008073002B18D1744B1B68734A43F48073C6
:105AB0001360FCF7FFFD386108E0FCF7FBFD0246D0
:105AC0003B69D31A022B01D903230CE16A4B1B68F3
:105AD00003F48073002BF0D07B689B68012B06D108
:105AE000644B1B6F634A43F0010313671CE07B6840
:105AF0009B68052B0CD15F4B1B6F5E4A43F0040380
:105B000013675C4B1B6F5B4A43F0010313670BE0A9
:105B1000584B1B6F574A23F001031367554B1B6FFC
:105B2000544A23F0040313677B689B68002B15D04D
:105B3000FCF7C0FD38610AE0FCF7BCFD02463B699A
:105B4000D31A41F28832934201D90323CBE0494B67
:105B50001B6F03F00203002BEED014E0FCF7AAFD4C
:105B600038610AE0FCF7A6FD02463B69D31A41F210
:105B70008832934201D90323B5E03E4B1B6F03F0FB
:105B80000203002BEED1FB7D012B05D1394B1B6CA1
:105B9000384A23F0805313647B689B69002B00F024
:105BA000A180344B9B6803F00C03082B5CD07B680E
:105BB0009B69022B41D1314B00221A60FCF77AFD20
:105BC000386108E0FCF776FD02463B69D31A022BE8
:105BD00001D9032387E0274B1B6803F00073002BD8
:105BE000F0D17B68DA697B681B6A1A437B685B6A61
:105BF0009B011A437B689B6A5B08013B1B041A43A9
:105C00007B68DB6A1B061B4913434B601B4B01225D
:105C10001A60FCF74FFD386108E0FCF74BFD0246C7
:105C20003B69D31A022B01D903235CE0114B1B689B
:105C300003F00073002BF0D054E0104B00221A60E8
:105C4000FCF738FD386108E0FCF734FD02463B699B
:105C5000D31A022B01D9032345E0064B1B6803F03E
:105C60000073002BF0D13DE07B689B69012B07D1CD
:105C7000012338E0003802400070004060004742D5
:105C80001B4B5B68FB607B689B69012B28D0FB6822
:105C900003F480027B68DB699A4221D1FB6803F040
:105CA0003F027B681B6A9A421AD1FA6847F6C073B2
:105CB00013407A68526A9201934211D1FB6803F44F
:105CC00040327B689B6A5B08013B1B049A4207D108
:105CD000FB6803F070627B68DB6A1B069A4201D0A6
:105CE000012300E0002318461837BD4680BD00BFE1
:105CF0000038024080B584B000AF786039607B68BE
:105D0000002B01D10123CCE0684B1B6803F0070393
:105D10003A689A420CD9654B3A68D2B21A70634B12
:105D20001B6803F007033A689A4201D00123B8E0E8
:105D30007B681B6803F00203002B20D07B681B6884
:105D400003F00403002B05D0594B9B68584A43F4D9
:105D5000E05393607B681B6803F00803002B05D0B9
:105D6000534B9B68524A43F460439360504B9B688B
:105D700023F0F0027B689B684D4913438B607B687E
:105D80001B6803F00103002B44D07B685B68012B88
:105D900007D1474B1B6803F40033002B19D10123B3
:105DA0007FE07B685B68022B03D07B685B68032B1A
:105DB00007D13F4B1B6803F00073002B09D101236F
:105DC0006FE03B4B1B6803F00203002B01D1012362
:105DD00067E0374B9B6823F003027B685B683449BC
:105DE00013438B60FCF766FCF8600AE0FCF762FC8A
:105DF0000246FB68D31A41F28832934201D9032349
:105E00004FE02B4B9B6803F00C027B685B689B00A8
:105E10009A42EBD1254B1B6803F007033A689A427C
:105E20000CD2224B3A68D2B21A70204B1B6803F096
:105E300007033A689A4201D0012332E07B681B686D
:105E400003F00403002B08D0194B9B6823F4E052A5
:105E50007B68DB68164913438B607B681B6803F023
:105E60000803002B09D0124B9B6823F460427B6827
:105E70001B69DB000E4913438B6000F021F80246DA
:105E80000B4B9B681B0903F00F030A49CB5C22FAFA
:105E900003F3094A1360094B1B681846FCF7C6FB5D
:105EA000002318461037BD4680BD00BF003C0240AD
:105EB000003802403CDC0008000000200400002004
:105EC0002DE9B04F94B000AF00237B640023FB6446
:105ED00000233B640023BB64794B9B6803F00C03F5
:105EE000082B0DD0082B00F2E180002B02D0042BF0
:105EF00003D0DBE0734BBB64DBE0734BBB64D8E0E7
:105F00006F4B5B6803F03F037B646D4B5B6803F48E
:105F10008003002B63D06A4B5B689B090022BB6344
:105F2000FA63BB6BC3F308033B6300237B63D7E9CE
:105F30000C4522462B464FF000004FF0000159015E
:105F400041EAD261500102460B462146511A39619D
:105F5000294663EB01037B614FF000024FF0000321
:105F6000D7E904AB59468B01514643EA9163514648
:105F70008A015146B2EB0108594663EB01094FF023
:105F800000024FF000034FEAC90343EA58734FEA97
:105F9000C80290469946234618EB0303BB602B4684
:105FA00049EB0303FB604FF000024FF00003D7E919
:105FB000024529464B02214643EAD15321464A0273
:105FC000104619467B6C0022BB62FA62D7E90A23AD
:105FD000FAF7EAFD02460B461346FB6458E0384BDD
:105FE0005B689B09002218461146C0F308033B6218
:105FF00000237B62D7E9088942464B464FF00000F8
:106000004FF00001590141EAD261500102460B46AE
:106010004146B2EB010A494663EB010B4FF0000227
:106020004FF000034FEA8B1343EA9A634FEA8A1258
:10603000B2EB0A0463EB0B054FF000024FF00003D4
:10604000EB0043EA5473E20014461D464346E3184E
:106050003B604B4645EB03037B604FF000024FF083
:106060000003D7E9004529468B02214643EA9153B4
:1060700021468A02104619467B6C0022BB61FA61F8
:10608000D7E90623FAF790FD02460B461346FB6458
:106090000B4B5B681B0C03F0030301335B003B6499
:1060A000FA6C3B6CB2FBF3F3BB6402E0054BBB64E0
:1060B00000BFBB6C18465037BD46BDE8B08F00BF6F
:1060C000003802400024F40000127A0080B400AFCF
:1060D000034B1B681846BD465DF8047B704700BF44
:1060E0000000002080B500AFFFF7F0FF0246054B2F
:1060F0009B689B0A03F007030349CB5C22FA03F376
:10610000184680BD003802404CDC000880B500AF66
:10611000FFF7DCFF0246054B9B685B0B03F00703B0
:106120000349CB5C22FA03F3184680BD00380240D5
:106130004CDC000880B586B000AF786000237B613E
:1061400000233B617B681B6803F00103002B05D132
:106150007B681B6803F00403002B35D0624B0022E0
:106160001A60FCF7A7FA786108E0FCF7A3FA024688
:106170007B69D31A022B01D90323B0E05B4B1B6868
:1061800003F00063002BF0D17B685B689A017B68A9
:106190009B681B0755491343C1F88430524B0122B9
:1061A0001A60FCF787FA786108E0FCF783FA024688
:1061B0007B69D31A022B01D9032390E04B4B1B6858
:1061C00003F00063002BF0D07B681B6803F0020330
:1061D000002B00F083800023FB60444B1B6C434A80
:1061E00043F080531364414B1B6C03F08053FB60FE
:1061F000FB683F4B1B683E4A43F480731360FCF717
:1062000059FA786108E0FCF755FA02467B69D31A1F
:10621000022B01D9032362E0354B1B6803F4807322
:10622000002BF0D0314B1B6F03F440733B613B6993
:10623000002B2FD07B68DB6803F440733A699A42E5
:1062400028D02A4B1B6F23F440733B61294B01225A
:106250001A60284B00221A60244A3B691367234BBB
:106260001B6F03F00103012B14D1FCF723FA7861B3
:106270000AE0FCF71FFA02467B69D31A41F2883222
:10628000934201D903232AE0184B1B6F03F002034A
:10629000002BEED07B68DB6803F44073B3F5407FDE
:1062A0000DD1124B9B6823F4F8127B68DB6823F056
:1062B000704323F440730D4913438B6005E00B4B8F
:1062C0009B680A4A23F4F8139360084B1A6F7B68A3
:1062D000DB68C3F30B03054913430B670023184620
:1062E0001837BD4680BD00BF6800474200380240F5
:1062F00000700040400E474280B487B000AF786025
:1063000000237B6100233B610023FB600023BB6013
:106310007B68012B3FD1244B9B6803F40003FB6097
:10632000FB68002B06D0FB68B3F5000F2FD11F4B85
:106330007B612FE01C4B5B6803F48003B3F5800F97
:1063400008D1194B5B6803F03F03194AB2FBF3F322
:106350003B6107E0144B5B6803F03F03154AB2FB57
:10636000F3F33B61104BD3F884309B09C3F308026D
:106370003B6902FB03F3BB600B4BD3F884301B0F6C
:1063800003F00703BA68B2FBF3F37B6102E000237A
:106390007B6100BF00E000BF7B6918461C37BD462B
:1063A0005DF8047B704700BF003802400080BB00EE
:1063B00000127A000024F40080B582B000AF78604B
:1063C0007B68002B01D101237BE07B685B6A002B9B
:1063D00008D17B685B68B3F5827F09D07B680022B7
:1063E000DA6105E07B6800221A617B6800225A614D
:1063F0007B6800229A627B6893F85130DBB2002BF5
:1064000006D17B68002283F850207868FBF754FCA3
:106410007B68022283F851207B681B681A687B68BE
:106420001B6822F040021A607B685B6803F482728A
:106430007B689B6803F404431A437B68DB6803F4BE
:1064400000631A437B681B6903F002031A437B68ED
:106450005B6903F001031A437B689B6903F40073D3
:106460001A437B68DB6903F038031A437B681B6AB5
:1064700003F0800342EA03017B689B6A03F4005245
:106480007B681B680A431A607B689B691B0C03F0DE
:1064900004017B685B6A03F010027B681B680A4397
:1064A0005A607B681B68DA697B681B6822F40062AB
:1064B000DA617B6800225A657B68012283F85120EB
:1064C000002318460837BD4680BD80B582B000AFB6
:1064D00078607B68002B01D1012341E07B6893F851
:1064E0003D30DBB2002B06D17B68002283F83C20D4
:1064F0007868FBF729FC7B68022283F83D207B68E3
:106500001A687B6804331946104600F0B7F97B68B7
:10651000012283F846207B68012283F83E207B68B5
:10652000012283F83F207B68012283F840207B68AA
:10653000012283F841207B68012283F842207B6896
:10654000012283F843207B68012283F844207B6882
:10655000012283F845207B68012283F83D20002337
:1065600018460837BD4680BD80B584B000AF78605E
:1065700039603B68002B09D17B6893F83E30DBB271
:10658000012B14BF01230023DBB222E03B68042B64
:1065900009D17B6893F83F30DBB2012B14BF012394
:1065A0000023DBB215E03B68082B09D17B6893F828
:1065B0004030DBB2012B14BF01230023DBB208E023
:1065C0007B6893F84130DBB2012B14BF0123002319
:1065D000DBB2002B01D001237CE03B68002B04D10F
:1065E0007B68022283F83E2013E03B68042B04D131
:1065F0007B68022283F83F200BE03B68082B04D124
:106600007B68022283F8402003E07B68022283F843
:1066100041207B681B6801223968184600F084FB22
:106620007B681B682D4A934204D07B681B682C4A08
:10663000934201D1012300E00023002B07D07B68A7
:106640001B685A6C7B681B6842F400425A647B6882
:106650001B68224A934222D07B681B68B3F1804FAB
:106660001DD07B681B681F4A934218D07B681B684B
:106670001D4A934213D07B681B681C4A93420ED07C
:106680007B681B68164A934209D07B681B68184ACE
:10669000934204D07B681B68164A934211D17B68F1
:1066A0001B689B6803F00703FB60FB68062B10D098
:1066B0007B681B681A687B681B6842F001021A60DD
:1066C00007E07B681B681A687B681B6842F0010260
:1066D0001A60002318461037BD4680BD00000140F7
:1066E000000401400004004000080040000C00408D
:1066F000004001400018004080B586B000AFF8604F
:10670000B9607A600023FB75FB6893F83C30012B7D
:1067100001D10223AEE0FB68012283F83C207B68B4
:106720000C2B00F29F8001A252F823F06167000851
:10673000656800086568000865680008A1670008CA
:10674000656800086568000865680008E367000878
:106750006568000865680008656800082368000827
:10676000FB681B68B968184600F02EF9FB681B68C7
:106770009A69FB681B6842F008029A61FB681B6813
:106780009A69FB681B6822F004029A61FB681B6827
:106790009969BB681A69FB681B680A439A6164E0DF
:1067A000FB681B68B968184600F07EF9FB681B6837
:1067B0009A69FB681B6842F400629A61FB681B6877
:1067C0009A69FB681B6822F480629A61FB681B6807
:1067D0009969BB681B691A02FB681B680A439A61C6
:1067E00043E0FB681B68B968184600F0D3F9FB6802
:1067F0001B68DA69FB681B6842F00802DA61FB6813
:106800001B68DA69FB681B6822F00402DA61FB6826
:106810001B68D969BB681A69FB681B680A43DA619F
:1068200023E0FB681B68B968184600F027FAFB688C
:106830001B68DA69FB681B6842F40062DA61FB6876
:106840001B68DA69FB681B6822F48062DA61FB6806
:106850001B68D969BB681B691A02FB681B680A437D
:10686000DA6102E00123FB7500BFFB68002283F8B8
:106870003C20FB7D18461837BD4680BD80B485B0EE
:1068800000AF786039607B681B68FB607B68434AB7
:10689000934213D07B68B3F1804F0FD07B68404A9E
:1068A00093420BD07B683F4A934207D07B683E4AB5
:1068B000934203D07B683D4A934208D1FB6823F0A2
:1068C0007003FB603B685B68FA681343FB607B689E
:1068D000324A93422BD07B68B3F1804F27D07B683C
:1068E0002F4A934223D07B682E4A93421FD07B6865
:1068F0002D4A93421BD07B682C4A934217D07B6869
:106900002B4A934213D07B682A4A93420FD07B686C
:10691000294A93420BD07B68284A934207D07B6870
:10692000274A934203D07B68264A934208D1FB68EA
:1069300023F44073FB603B68DB68FA681343FB6039
:10694000FB6823F080023B685B691343FB603B6894
:106950009A687B68DA623B681A687B689A627B682F
:106960000E4A934203D07B68104A934203D13B689E
:106970001A697B681A637B681B6843F004027B68B2
:106980001A607B6801225A617B68FA681A6000BF4E
:106990001437BD465DF8047B704700BF000001401E
:1069A0000004004000080040000C004000040140CA
:1069B00000400140004401400048014000180040F0
:1069C000001C00400020004080B487B000AF786019
:1069D00039607B681B6A7B617B681B6A23F001025C
:1069E0007B681A627B685B683B617B689B69FB60C4
:1069F000FB6823F07003FB60FB6823F00303FB607C
:106A00003B681B68FA681343FB607B6923F0020351
:106A10007B613B689B687A6913437B617B68204A92
:106A2000934203D07B681F4A93420CD17B6923F0C9
:106A300008037B613B68DB687A6913437B617B6990
:106A400023F004037B617B68154A934203D07B6883
:106A5000144A934211D13B6923F480733B613B6933
:106A600023F400733B613B685B693A6913433B6104
:106A70003B689B693A6913433B617B683A695A609A
:106A80007B68FA689A613B685A687B685A637B68DE
:106A90007A691A6200BF1C37BD465DF8047B7047F7
:106AA000000001400004014080B487B000AF78606E
:106AB00039607B681B6A7B617B681B6A23F010026C
:106AC0007B681A627B685B683B617B689B69FB60E3
:106AD000FB6823F4E043FB60FB6823F44073FB6036
:106AE0003B681B681B02FA681343FB607B6923F059
:106AF00020037B613B689B681B017A6913437B61C0
:106B00007B68224A934203D07B68214A93420DD18D
:106B10007B6923F080037B613B68DB681B017A693A
:106B200013437B617B6923F040037B617B68174AD9
:106B3000934203D07B68164A934213D13B6923F4F6
:106B400080633B613B6923F400633B613B685B69A5
:106B50009B003A6913433B613B689B699B003A6920
:106B600013433B617B683A695A607B68FA689A61B3
:106B70003B685A687B689A637B687A691A6200BFCF
:106B80001C37BD465DF8047B704700BF0000014024
:106B90000004014080B487B000AF786039607B6842
:106BA0001B6A7B617B681B6A23F480727B681A62B4
:106BB0007B685B683B617B68DB69FB60FB6823F09B
:106BC0007003FB60FB6823F00303FB603B681B68FA
:106BD000FA681343FB607B6923F400737B613B68B5
:106BE0009B681B027A6913437B617B68214A93424D
:106BF00003D07B68204A93420DD17B6923F4006364
:106C00007B613B68DB681B027A6913437B617B69AC
:106C100023F480637B617B68164A934203D07B68D0
:106C2000154A934213D13B6923F480533B613B697E
:106C300023F400533B613B685B691B013A691343D2
:106C40003B613B689B691B013A6913433B617B686D
:106C50003A695A607B68FA68DA613B685A687B680F
:106C6000DA637B687A691A6200BF1C37BD465DF83B
:106C7000047B7047000001400004014080B487B0ED
:106C800000AF786039607B681B6A3B617B681B6A78
:106C900023F480527B681A627B685B687B617B6847
:106CA000DB69FB60FB6823F4E043FB60FB6823F4D3
:106CB0004073FB603B681B681B02FA681343FB6070
:106CC0003B6923F400533B613B689B681B033A69B3
:106CD00013433B617B68124A934203D07B68114A9D
:106CE000934209D17B6923F480437B613B685B69F4
:106CF0009B017A6913437B617B687A695A607B6880
:106D0000FA68DA613B685A687B681A647B683A699A
:106D10001A6200BF1C37BD465DF8047B704700BF98
:106D2000000001400004014080B487B000AFF8606B
:106D3000B9607A60BB6803F01F03012202FA03F313
:106D40007B61FB681A6A7B69DB431A40FB681A6245
:106D5000FB681A6ABB6803F01F03796801FA03F342
:106D60001A43FB681A6200BF1C37BD465DF8047BFE
:106D70007047000080B485B000AF786039607B68F0
:106D800093F83C30012B01D102235AE07B680122A9
:106D900083F83C207B68022283F83D207B681B68D7
:106DA0005B68FB607B681B689B68BB60FB6823F0CB
:106DB0007003FB603B681B68FA681343FB607B68E9
:106DC0001B68FA685A607B681B68214A934222D08C
:106DD0007B681B68B3F1804F1DD07B681B681D4A20
:106DE000934218D07B681B681B4A934213D07B6880
:106DF0001B681A4A93420ED07B681B68184A93425C
:106E000009D07B681B68174A934204D07B681B68D3
:106E1000154A93420CD1BB6823F08003BB603B68EA
:106E20005B68BA681343BB607B681B68BA689A608A
:106E30007B68012283F83D207B68002283F83C2098
:106E4000002318461437BD465DF8047B704700BF29
:106E5000000001400004004000080040000C004019
:106E600000040140004001400018004080B582B09D
:106E700000AF78607B68002B01D1012342E07B6882
:106E800093F84130DBB2002B06D17B68002283F8F7
:106E900040207868FBF7E4F87B68242283F84120DF
:106EA0007B681B68DA687B681B6822F40052DA6032
:106EB000786800F07FF97B681B681A697B681B683B
:106EC00022F490421A617B681B685A697B681B68D0
:106ED00022F02A025A617B681B68DA687B681B68AB
:106EE00042F40052DA607B6800225A647B682022F8
:106EF00083F841207B68202283F842207B680022AF
:106F00005A63002318460837BD4680BD80B58AB055
:106F100002AFF860B9603B601346FB8000237B61E1
:106F2000FB6893F84230DBB2202B40F08180BB68D5
:106F3000002B02D0FB88002B01D1012379E0FB68F4
:106F400000225A64FB68222283F84220FB68002258
:106F50001A63FBF7AFFB7861FB68FA889A85FB68D8
:106F6000FA88DA85FB689B68B3F5805F08D1FB6817
:106F70001B69002B04D10023FB61BB68BB6103E0EC
:106F8000BB68FB610023BB6147E03B6800937B6902
:106F900000222021F86800F050F80346002B05D0AD
:106FA000FB68202283F84220032342E0FB69002B88
:106FB0000CD1FB681B685B689BB2C3F308039AB2F1
:106FC000BB691A80BB690233BB611FE0FB689B6829
:106FD000B3F5805F07D0FB689B68002B0AD1FB6884
:106FE0001B69002B06D1FB681B685B68DAB2FB6982
:106FF0001A7008E0FB681B685B68DBB203F07F0374
:10700000DAB2FB691A70FB690133FB61FB68DB8D47
:107010009BB2013B9AB2FB68DA85FB68DB8D9BB2C1
:10702000002BB2D1FB68202283F84220002300E02D
:10703000022318462037BD4680BD80B586B000AF1C
:10704000F860B9603B601346FB713BE03B6AB3F10B
:10705000FF3F37D0FBF72EFB02463B68D31A3A6A54
:107060009A4202D33B6A002B01D103233AE0FB682A
:107070001B68DB6803F00403002B23D0BB68802B64
:1070800020D0BB68402B1DD0FB681B681B6803F039
:107090000803082B16D100237B61FB681B681B6863
:1070A0007B61FB681B685B687B617B69F86800F04B
:1070B0001DF8FB6808225A64FB68002283F8402010
:1070C00001230FE0FB681B681A68BB681340BA68AD
:1070D0009A420CBF01230023DBB21A46FB799A4285
:1070E000B4D0002318461837BD4680BD80B495B093
:1070F00000AF78607B681B680C337B637B6B53E865
:10710000003F3B633B6B23F49073FB647B681B681D
:107110000C33FA6C3A64FB63F96B3A6C41E8002378
:10712000BB63BB6B002BE5D17B681B6814333B62F0
:107130003B6A53E8003FFB61FB6923F00103BB643A
:107140007B681B681433BA6CFA62BB62B96AFA6A6C
:1071500041E800237B627B6A002BE5D17B681B6BD7
:10716000012B19D17B681B680C33FB60FB6853E86B
:10717000003FBB60BB6823F010037B647B681B6827
:107180000C337A6CBA617B617969BA6941E8002392
:107190003B613B69002BE5D17B68202283F84220CC
:1071A0007B6800221A6300BF5437BD465DF8047B3C
:1071B000704700002DE9B04FC0B000AFC7F8F40031
:1071C000D7F8F4301B681B6923F44050D7F8F4302B
:1071D000D968D7F8F4301A6840EA01031361D7F888
:1071E000F4309A68D7F8F4301B691A43D7F8F430B2
:1071F0005B691A43D7F8F430DB691343C7F8F830FA
:10720000D7F8F4301B68DB6823F4164121F00C0139
:10721000D7F8F4301A68D7F8F8300B43D360D7F8B2
:10722000F4301B685B6923F44070D7F8F430996937
:10723000D7F8F4301A6840EA01035361D7F8F43004
:107240001A688F4B9A4205D0D7F8F4301A688D4BE4
:107250009A4204D1FEF75AFFC7F8FC0003E0FEF79C
:1072600041FFC7F8FC00D7F8F430DB69B3F5004FF5
:1072700040F00C81D7F8FC300022C7F8E830C7F89E
:10728000EC20D7E93A4522462B469118B9655B4177
:10729000FB65D7E91623214612EB0108294643EB8B
:1072A00001094FF000024FF000034FEAC90343EA1F
:1072B00058734FEAC80290469946234618EB0303D9
:1072C000C7F8E0302B4649EB0303C7F8E430D7F8A2
:1072D000F4305B680022C7F8D830C7F8DC20D7E963
:1072E00036120B46DB183B65134642EB03037B6506
:1072F000D7E91423D7E93801F9F756FC02460B46C3
:10730000614BA3FB02235B091C01D7F8FC30002270
:10731000C7F8D030C7F8D420D7E9348942464B4665
:107320009118B9645B41FB64D7E91223414612EB23
:10733000010A494643EB010B4FF000024FF00003F6
:107340004FEACB0343EA5A734FEACA0292469B467E
:1073500043461AEB0303C7F8C8304B464BEB030315
:10736000C7F8CC30D7F8F4305B680022C7F8C030DB
:10737000C7F8C420D7E930120B46DB183B6413462C
:1073800042EB03037B64D7E91023D7E93201F9F715
:107390000BFC02460B4611463B4BA3FB01235B094A
:1073A000642202FB03F3CB1ADB0003F13202364BFB
:1073B000A3FB02235B095B0003F4F8731C44D7F8BA
:1073C000FC300022C7F8B830C7F8BC20D7E92E89B6
:1073D00042464B469118B9635B41FB63D7E90E23E4
:1073E00041465118396349464B417B634FF00002D7
:1073F0004FF00003D7E90CAB5946CB00514643EAA6
:1074000051735146CA0010461946034642469B181E
:10741000C7F8B0304B460A4642EB0303C7F8B43016
:10742000D7F8F4305B680022C7F8A830C7F8AC2062
:10743000D7E92A120B46DB18BB62134642EB030363
:10744000FB62D7E90A23D7E92C01F9F7ADFB024625
:107450000B460D4BA3FB02135B09642101FB03F3F5
:10746000D31ADB003233084AA2FB03235B0903F083
:107470000702D7F8F4301B6822449A6006E100BF87
:1074800000100140001401401F85EB51D7F8FC307B
:107490000022C7F8A030C7F8A420D7E928894246BF
:1074A0004B46911839625B417B62D7E9082341461C
:1074B0005418494643EB01054FF000024FF000031A
:1074C000EB0043EA5473E20014461D464346E318BA
:1074D000C7F898304B4645EB0303C7F89C30D7F804
:1074E000F4305B680022C7F89030C7F894204FF062
:1074F00000024FF00003D7E9244529468B002146BE
:1075000043EA917321468A00D7E92601F9F74CFB3B
:1075100002460B46604BA3FB02235B091C01D7F814
:10752000FC300022C7F88830C7F88C20D7E92289C0
:1075300042464B469118B9615B41FB61D7E906238E
:1075400041465118396149464B417B614FF0000279
:107550004FF00003D7E904AB5946CB00514643EA4C
:1075600051735146CA0010461946034642469B18BD
:10757000C7F880304B460A4642EB0303C7F8843015
:10758000D7F8F4305B680022BB67FA674FF000025F
:107590004FF00003D7E91E8949468B00414643EA74
:1075A000917341468A00D7E92001F9F7FDFA0246B6
:1075B0000B461146384BA3FB01235B09642202FBF7
:1075C00003F3CB1A1B013233334AA2FB03235B09BB
:1075D00003F0F0031C44D7F8FC3000223B677A67C5
:1075E000D7E91C8942464B469118B9605B41FB6064
:1075F000D7E9022341465118396049464B417B6027
:107600004FF000024FF00003D7E900AB5946CB0022
:10761000514643EA51735146CA0010461946034683
:1076200042469B18BB664B460A4642EB0303FB6689
:10763000D7F8F4305B6800223B667A664FF00002B0
:107640004FF00003D7E9188949468B00414643EAC9
:10765000917341468A00D7E91A01F9F7A5FA024663
:107660000B460D4BA3FB02135B09642101FB03F3E3
:10767000D31A1B013233084AA2FB03235B0903F030
:107680000F02D7F8F4301B6822449A6000BF07F558
:107690008077BD46BDE8B08F1F85EB5184B080B5C3
:1076A00084B000AF786007F11C0080E80E0097F806
:1076B0002130012B23D17B689B6B23F480327B68C4
:1076C0009A637B68DB6823F4840323F040037A68C1
:1076D000D3607B68DB6823F440127B68DA6097F83C
:1076E0002830012B05D17B68DB6843F480127B686E
:1076F000DA60786800F0DCF90346FB731BE07B6816
:10770000DB6843F040027B68DA60786800F0D0F90B
:107710000346FB7397F82530002B06D17B689B6BE3
:1077200043F480327B689A6305E07B689B6B23F4AB
:1077300080327B689A63BB7F012B0BD17B689B688F
:1077400043F006027B689A607B689B6843F02002E6
:107750007B689A60FB7B18461037BD46BDE88040C9
:1077600004B0704780B483B000AF78607B689B68DA
:1077700043F001027B689A60002318460C37BD462F
:107780005DF8047B704780B483B000AF78607B689D
:107790009B6823F001027B689A60002318460C372F
:1077A000BD465DF8047B704780B584B000AF78605B
:1077B0000B46FB700023FB607B68DB6823F0C04254
:1077C0007B68DA60FB78012B15D17B68DB6843F0BE
:1077D00000527B68DA600A20FAF778FFFB680A3308
:1077E000FB60786800F056F90346012B1ED0FB6859
:1077F000C72BF0D91AE0FB78002B15D17B68DB682A
:1078000043F080427B68DA600A20FAF75FFFFB688A
:107810000A33FB60786800F03DF90346002B05D081
:10782000FB68C72BF0D901E0012305E0FB68C82BFA
:1078300001D1012300E0002318461037BD4680BD6A
:1078400080B485B000AF786039600023FB60FB68CE
:107850000133FB60FB68B3F1706F01D903231BE0B8
:107860007B681B69002BF2DA0023FB603B689B01FD
:1078700043F020027B681A61FB680133FB60FB6800
:10788000B3F1706F01D9032306E07B681B6903F035
:107890002003202BF0D0002318461437BD465DF896
:1078A000047B704780B485B000AF78600023FB6034
:1078B000FB680133FB60FB68B3F1706F01D90323F0
:1078C00018E07B681B69002BF2DA0023FB607B6801
:1078D00010221A61FB680133FB60FB68B3F1706F23
:1078E00001D9032306E07B681B6903F01003102B0A
:1078F000F0D0002318461437BD465DF8047B70476E
:1079000080B489B000AFF860B96011461A460B46E2
:10791000FB711346BB80FB687B61BB68FB6197F81A
:107920002830002B23D1BB8803339B083B61002305
:10793000BB6118E0FB791A037B69134403F580539C
:107940001A46FB691B681360FB690133FB61FB6925
:107950000133FB61FB690133FB61FB690133FB61AF
:10796000BB690133BB61BA693B699A42E2D3002328
:1079700018462437BD465DF8047B704780B48BB051
:1079800000AFF860B9601346FB80FB68BB61BB6861
:107990007B62FB889B089BB27B61FB8803F003033F
:1079A000FB8300233B6214E0BB6903F580531A6834
:1079B0007B6A1A607B6A01337B627B6A01337B627C
:1079C0007B6A01337B627B6A01337B623B6A0133F2
:1079D0003B623A6A7B699A42E6D3FB8B002B1ED04E
:1079E00000233B62BB6903F580531A4607F110037D
:1079F00012681A603A693B6ADBB2DB0022FA03F3D1
:107A0000DAB27B6A1A703B6A01333B627B6A0133EC
:107A10007B62FB8B013BFB83FB8B002BEAD17B6AF8
:107A200018462C37BD465DF8047B704780B485B09E
:107A300000AF78607B685B69FB607B689B69FA6874
:107A40001340FB60FB6818461437BD465DF8047BA5
:107A5000704780B485B000AF78600B46FB707B68E0
:107A6000FB60FB785A01FB68134403F5A0639B6835
:107A7000BB60FB785A01FB68134403F5A063DB6825
:107A8000BA681340BB60BB6818461437BD465DF842
:107A9000047B704780B483B000AF78607B685B691B
:107AA00003F0010318460C37BD465DF8047B7047B0
:107AB00080B485B000AF78600023FB60FB680133C1
:107AC000FB60FB68B3F1706F01D9032322E07B6890
:107AD0001B69002BF2DA0A23FB6002E0FB68013B22
:107AE000FB60FB68002BF9D17B681B6943F0010246
:107AF0007B681A61FB680133FB60FB68B3F1706F50
:107B000001D9032306E07B681B6903F00103012B05
:107B1000F0D0002318461437BD465DF8047B70474B
:107B200084B080B586B000AF786007F1240080E8AB
:107B30000E000023FB757B68FB60FB6803F5606348
:107B40001A46002313607B689B6B43F400127B682A
:107B50009A637B689B6B23F400227B689A637B6843
:107B60009B6B23F480227B689A637B68DB6803F05D
:107B70004003002B19D197F82730012B0AD1FB685D
:107B800003F580631B68FA6802F5806243F0040322
:107B9000136014E0FB6803F580631B68FA6802F564
:107BA000806223F00403136009E0FB6803F580633F
:107BB0001B68FA6802F5806223F004031360102149
:107BC0007868FFF73DFE0346002B01D00123FB75CB
:107BD0007868FFF767FE0346002B01D00123FB7591
:107BE00000233B6115E03B695A01FB68134403F530
:107BF000A0631A464FF0FF3393603B695A01FB685C
:107C0000134403F5A0631A460023D3603B69013394
:107C10003B6197F825301A463B699342E3D37B6872
:107C200000229A617B684FF0FF325A617B68184AE4
:107C300093420BD17B684FF400725A627B68154AFD
:107C40009A627B68144AC3F8002109E07B688022AD
:107C50005A627B68114A9A627B68114AC3F8002114
:107C600097F82630002B05D17B689B6943F0100202
:107C70007B689A617B689A690A4B13437A689361BF
:107C8000FB7D18461837BD46BDE8804004B07047FC
:107C900000000440000200010003E00080006000DA
:107CA000E0004000080020A380B485B000AF7860F9
:107CB0000B46FB707B68FB60FB6803F580631B6809
:107CC000FA6802F5806223F003031360FB6803F592
:107CD00080631A68FB7803F00303F96801F580619B
:107CE00013430B60FB78012B07D1FB6803F580631E
:107CF0001A464BF6803353600CE0FB78022B07D119
:107D0000FB6803F580631A4641F27073536001E02B
:107D1000012300E0002318461437BD465DF8047BBC
:107D2000704780B584B000AF78607B68FB6000234B
:107D3000BB60FB6803F588631B68BB60BB6823F00E
:107D40002E03BB60BB68FA6802F5886243F4807357
:107D500013606420FAF7BAFCBB68FA6802F588621F
:107D600023F4807313600A20FAF7B0FC002318464E
:107D70001037BD4680BD80B485B000AF78600B463B
:107D8000FB707B68FB600023BB60FB6803F58863C6
:107D90001B68BB60BB6823F02E03BB60BB6803F4A9
:107DA0008053002B09D1FB78012B06D1BB68FA6800
:107DB00002F5886243F480531360BB6803F4805378
:107DC000B3F5805F09D1FB78002B06D1BB68FA6858
:107DD00002F5886223F48053136000231846143799
:107DE000BD465DF8047B704780B485B000AF786015
:107DF0007B68FB600023BB60FB6803F588631B683E
:107E0000BB60BB685B0C03F0030318461437BD4628
:107E10005DF8047B704780B485B000AF78607B6804
:107E2000FB60FB6803F580639B689BB218461437C0
:107E3000BD465DF8047B704780B588B000AF7860C0
:107E4000084611461A460346FB700B46BB701346A4
:107E50007B700023FB777B683B61FB785A013B69B1
:107E6000134403F5A0631A464FF0FF33936097F86D
:107E70002C30032B7CD801A252F823F08D7E000811
:107E8000337F00088D7E0008F57E0008FB785A01DC
:107E90003B69134403F5A0631A4640F29D43D36047
:107EA00097F90230002B10DAFB785A013B69134432
:107EB00003F5A063DB68FA7851013A690A4402F5D8
:107EC000A06243F48073D36055E07B686F4A9342AD
:107ED00051D1FB785A013B69134403F5A063DB6879
:107EE000FA7851013A690A4402F5A06243F060034E
:107EF000D36040E0FB785A013B69134403F5A0636B
:107F00001A4640F29D63D36097F90230002B34DAB1
:107F1000FB785A013B69134403F5A063DB68FA78E8
:107F200051013A690A4402F5A06243F48073D360B8
:107F300023E0FB785A013B69134403F5A0631A461A
:107F400040F22523D36097F90230002B17DAFB7833
:107F50005A013B69134403F5A063DB68FA785101C9
:107F60003A690A4402F5A06243F4C073D36006E0A4
:107F70000123FB7704E000BF02E000BF00E000BF88
:107F8000FB785A013B69134403F5A0631A460023AA
:107F90005360FB785A013B69134403F5A063DB6827
:107FA000FA7851013A690A4402F5A06243F00203EB
:107FB000D3603B6903F580639A69FB7803F00F0394
:107FC000012101FA03F3396901F5806113438B61E3
:107FD0007B689B6943F000727B689A6197F9023075
:107FE000002B03DA4FF40043BB6101E00023BB61C7
:107FF0007868FFF7F9FEF86097F82830022B06D171
:10800000FB68022B03D04FF400337B6101E00023B7
:108010007B617B789B0503F0FE52BB78DB0203F4A7
:10802000F0431A4397F82C309B0403F440231A437F
:108030003B8EC3F30A031A43BB691A437B6913439C
:10804000FA7851013A690A4402F5A06243F48013B8
:10805000136097F82C30032B03D097F82C30012BAA
:108060000FD1FB785A013B69134403F5A0631B68E9
:10807000FA7851013A690A4402F5A06243F00053CC
:108080001360FB7F18462037BD4680BD00000440CA
:1080900080B58CB002AFF860B9601346FB71FB6825
:1080A0003B62BB685B78FB614FF480737B83FB684A
:1080B0005D4A93422FD1FB79012B1CD1BB689B7C7D
:1080C000002B03D0BB689B7C022B24D1BB689B791F
:1080D000002B20D1FB695A013B6A134403F5A063CE
:1080E000DB68FA6951013A6A0A4402F5A06223F09A
:1080F0007003D3600FE0BB681B79002B0BD1BB680A
:108100005B79012B07D1BB685B781946F86800F0F2
:108110006BFB002332E2BB689B79012B58D1012312
:10812000FB84BB68DB78002B07D0FB8CBA68928A93
:1081300003FB02F2BB68DA617CE0BB689B7C012B2D
:1081400030D1BB681B6ABC2B18D9BB689B8A1A4606
:10815000BB68DA61BB68DA69BB681A62BB68DB6856
:10816000012B03D0BB68DB68022B03D1BB68022262
:10817000DA605FE0BB680122DA605BE0BB681A6A24
:10818000BB68DA61BB68DB68012B07D0BB68DB68C2
:10819000022B03D0BB680422DA604BE0BB680322E9
:1081A000DA6047E0FB79012B0DD1BB681B6ABA6826
:1081B000928A934207D9FB8CBA68928A03FB02F237
:1081C000BB68DA6136E0BB681A6ABB68DA6131E025
:1081D000BB681B6A002B18D0BB681B6ABA68928AFE
:1081E0001344013BBA68928AB3FBF2F3FB84FA8C26
:1081F0007B8B9A420BD97B8BFB84FB8CBA68928A6F
:1082000003FB02F2BB68DA6101E00123FB84BB6877
:10821000DB78002B0AD0FB8CBA68928A03FB02F24F
:10822000BB68DA6106E000BF00000440BB681A6A60
:10823000BB68DA61BB68DB69C3F31202FB8CD9044B
:10824000A34B0B401A43BB689B7D5B0703F0C04305
:10825000F9694801396A014401F5A06113430B61D2
:10826000FB79002B09D0BB689969FB695A013B6A0D
:10827000134403F5A0630A465A613B6A03F5806321
:108280009B6803F00103002B0CBF01230023DBB22A
:108290007B76FB695A013B6A134403F5A0631B68B4
:1082A000FA6951013A6A0A4402F5A06223F00053C8
:1082B0001360FB695A013B6A134403F5A0631A6813
:1082C0007B7E5B07F9694801396A014401F5A061C9
:1082D00013430B60BB689B79012B40F0C380BB68E4
:1082E0005B7CDB01BA68127C1343FA6951013A6A7C
:1082F0000A4402F5A06243F000435360FB695A014F
:108300003B6A134403F5A063DB68FA6951013A6ADA
:108310000A4402F5A06243F06003D360BB68DB79D6
:10832000012B23D1BB68DB78002B1FD1FB695A01DD
:108330003B6A134403F5A0635B68FA6951013A6A2A
:108340000A4402F5A06243F480335360FB695A018A
:108350003B6A134403F5A063DB68FA6951013A6A8A
:108360000A4402F5A06243F04003D360BB689B7CE3
:10837000012B03D0BB689B7C032B17D1BB68DB7937
:10838000012B13D1BB68DB78012B0FD1FB695A019C
:108390003B6A134403F5A0635B68FA6951013A6ACA
:1083A0000A4402F5A06243F480335360BB689B7CAF
:1083B000012B62D1BB68DB78002B5ED1BB68DB6828
:1083C000013B032B58D801A252F823F0DD830008AB
:1083D000FF8300082184000843840008FB695A01D8
:1083E0003B6A134403F5A0635B68FA6951013A6A7A
:1083F0000A4402F5A06243F4004353603DE0FB6988
:108400005A013B6A134403F5A0635B68FA695101A2
:108410003A6A0A4402F5A06243F00E0353602CE06E
:10842000FB695A013B6A134403F5A0635B68FA6970
:1084300051013A6A0A4402F5A06243F48043536052
:108440001BE0FB695A013B6A134403F5A0635B68B8
:10845000FA6951013A6A0A4402F5A06243F44043C2
:1084600053600AE0FB695A013B6A134403F5A063B9
:108470001A460023536000E000BFFB695A013B6AC3
:10848000134403F5A0631B683B613B6923F0804301
:108490003B61BB68DB78002B04D03B6943F40043AD
:1084A0003B6103E03B6923F400433B613B6943F0DC
:1084B00000433B61FB695A013B6A134403F5A06327
:1084C0001A463B691360FB79002B03D0002355E06B
:1084D0000000F81FBB68DB78002B4ED1BB681B6A1D
:1084E000002B4AD0BB68DB79002B46D1BB689B7C54
:1084F000032B31D801A252F823F000BF0D850008EC
:10850000318500080D85000831850008BB681B6AAD
:1085100003339B08FB82FA8AFB68DB6A9BB29A42B0
:108520001CD9FB689B6943F02002FB689A6115E047
:10853000BB681B6A03339B08FB82FA8A3B6A03F51C
:1085400080631B699BB29A420AD9FB689B6943F01E
:108550008062FB689A6103E000BF02E000BF00E0B8
:1085600000BFBB689969BB685A78BB681B6A9BB23D
:1085700000200090F868FFF7C3F900231846283759
:10858000BD4680BD80B485B000AF78607B68FB607D
:10859000FB6803F580635B699BB218461437BD46E0
:1085A0005DF8047B704780B489B000AF78600B46FB
:1085B000FB707B68FB61FB78BB610023BB60BB6920
:1085C0005A01FB69134403F5A0631B689B0C03F07D
:1085D00003037B61BB695A01FB69134403F5A06384
:1085E0001B68DB0F03F001033B61BB695A01FB69A8
:1085F000134403F5A0635B68DB0F03F00103FB602A
:108600007B689B6803F02003202B0DD1FB68002BB7
:108610000AD13B69002B05D07B69012B02D07B6915
:10862000032B01D10023D8E07B69002B02D07B69AA
:10863000022B73D1BB695A01FB69134403F5A06394
:108640001B68BA695101FA690A4402F5A06243F055
:10865000804313607B689B6803F02003002B4AD1A2
:108660007B68DB6A03F47F03002B33D1BB695A01BB
:10867000FB69134403F5A0631B68BA695101FA69E9
:108680000A4402F5A06223F000431360BB695A015B
:10869000FB69134403F5A0631B68BA695101FA69C9
:1086A0000A4402F5A06243F000431360BB68013343
:1086B000BB60BB68B3F57A7F2ED8BB695A01FB69F2
:1086C000134403F5A0631B6803F00043B3F1004FAC
:1086D000ECD081E0BB695A01FB69134403F5A06348
:1086E0001B68BA695101FA690A4402F5A06243F0B5
:1086F0000043136070E0BB695A01FB69134403F542
:10870000A0631B68BA695101FA690A4402F5A062C4
:1087100043F0004313605FE000BF5DE0BB695A01B6
:10872000FB69134403F5A0631B68BA695101FA6938
:108730000A4402F5A06243F080431360FB6903F52D
:1087400080631B6903F47F03002B33D1BB695A019B
:10875000FB69134403F5A0631B68BA695101FA6908
:108760000A4402F5A06223F000431360BB695A017A
:10877000FB69134403F5A0631B68BA695101FA69E8
:108780000A4402F5A06243F000431360BB68013362
:10879000BB60BB68B3F57A7F1DD8BB695A01FB6922
:1087A000134403F5A0631B6803F00043B3F1004FCB
:1087B000ECD011E0BB695A01FB69134403F5A063D7
:1087C0001B68BA695101FA690A4402F5A06243F0D4
:1087D0000043136000E000BF002318462437BD4665
:1087E0005DF8047B7047000080B487B000AF78600C
:1087F0000B46FB707B687B61FB783B610123FB6070
:10880000FB68DA04154B13403A6951017A690A444E
:1088100002F5A06243F0004313613B695A017B6992
:10882000134403F5A0631B68BB60BB6823F080435F
:10883000BB60BB6843F00043BB603B695A017B6986
:10884000134403F5A0631A46BB681360002318465F
:108850001C37BD465DF8047B704700BF0000F81F61
:1088600080B588B000AF78600023FB777B687B61C0
:108870000023FB607868FEF786FF10217868FEF71A
:10888000DFFF0346002B01D00123FB777868FFF759
:1088900009F80346002B01D00123FB770023BB61BD
:1088A0001FE0BB695A017B69134403F5A0631B6891
:1088B0003B613B6943F080433B613B6923F00043EC
:1088C0003B613B6923F400433B61BB695A017B690F
:1088D000134403F5A0631A463B691360BB69013377
:1088E000BB61BB690F2BDCD90023BB6134E0BB69E2
:1088F0005A017B69134403F5A0631B683B613B6924
:1089000043F080433B613B6943F000433B613B697B
:1089100023F400433B61BB695A017B69134403F5AF
:10892000A0631A463B691360FB680133FB60FB6878
:10893000B3F57A7F0CD8BB695A017B69134403F500
:10894000A0631B6803F00043B3F1004FECD000E0DC
:1089500000BFBB690133BB61BB690F2BC7D97B6902
:1089600003F580631A464FF0FF3353617B684FF085
:10897000FF325A617868FEF7F5FEFB7F1846203714
:10898000BD4680BD90B589B004AF78600123022256
:108990000221786800F083FC0346FB73FB7BFF2B0E
:1089A00002D0FB7B012B01D902233DE1FB7B194661
:1089B000786800F058FC0346BB73BB7B002B01D0EA
:1089C000022331E17B68D3F87C43502002F058FB4E
:1089D0000346E3617B68D3F87C33DB69BB60BB682B
:1089E000002B01D102231FE150220021B86803F0BF
:1089F00065FAFB7B7A681A2101FB03F3134403F247
:108A00004E331B785BB2002B15DAFB7B7A681A2198
:108A100001FB03F3134403F24E331A78BB685A7018
:108A2000FB7B7A681A2101FB03F3134403F55473AB
:108A30001A88BB685A81BB685B781946786801F070
:108A4000C4FF03461A46BB681A70BB681978BB6836
:108A500058787B6893F81C437B6893F81D33BA6899
:108A600052890292032201920093234602467868BB
:108A700001F07CFFBB681B7800221946786802F081
:108A800079FA002300220A21786800F008FC0346E6
:108A9000FB73FB7BFF2B02D0FB7B012B01D9022355
:108AA000C2E0FB7B7A681A2101FB03F3134403F253
:108AB0004E331B785BB2002B16DAFB7B7A681A21E7
:108AC00001FB03F3134403F24E331A78BB68DA73E5
:108AD000FB7B7A681A2101FB03F3134403F55473FB
:108AE0001A88BB685A8315E0FB7B7A681A2101FB60
:108AF00003F3134403F24E331A78BB689A73FB7B7B
:108B00007A681A2101FB03F3134403F554731A889E
:108B1000BB681A83FB7B7A681A2101FB03F31344B9
:108B200003F256331B785BB2002B16DAFB7B7A68B4
:108B30001A2101FB03F3134403F256331A78BB687E
:108B4000DA73FB7B7A681A2101FB03F3134403F504
:108B500056731A88BB685A8315E0FB7B7A681A2122
:108B600001FB03F3134403F256331A78BB689A737C
:108B7000FB7B7A681A2101FB03F3134403F5567358
:108B80001A88BB681A83BB689B7B1946786801F01A
:108B90001CFF03461A46BB685A73BB68DB7B194649
:108BA000786801F012FF03461A46BB681A73BB6867
:108BB000597BBB68987B7B6893F81C437B6893F870
:108BC0001D33BA68128B029202220192009323464F
:108BD0000246786801F0CAFEBB68197BBB68D87B87
:108BE0007B6893F81C437B6893F81D33BA68528BFB
:108BF000029202220192009323460246786801F015
:108C0000B5FEBB68002283F84C20BB685B7B00226A
:108C10001946786802F0AEF9BB681B7B0022194642
:108C2000786802F0A7F9002318461437BD4690BDB6
:108C300080B584B000AF78607B68D3F87C33DB69A3
:108C4000FB60FB681B78002B0ED0FB681B78194675
:108C5000786801F0AAFEFB681B781946786801F075
:108C6000D5FEFB6800221A70FB681B7B002B0ED020
:108C7000FB681B7B1946786801F097FEFB681B7B3D
:108C80001946786801F0C2FEFB6800221A73FB687F
:108C90005B7B002B0ED0FB685B7B1946786801F08C
:108CA00084FEFB685B7B1946786801F0AFFEFB68C9
:108CB00000225A737B68D3F87C33DB69002B0BD01E
:108CC0007B68D3F87C33DB69184602F0E1F97B68F6
:108CD000D3F87C330022DA61002318461037BD46F2
:108CE00080BD80B584B000AF78607B68D3F87C33FA
:108CF000DB69FB60FB6840331946786800F0B1F827
:108D00000346FB72FB7A002B05D17B68D3F8D43382
:108D1000022178689847FB7A18461037BD4680BD17
:108D200080B584B000AF78600123FB730023BB7370
:108D30007B68D3F87C33DB69BB60BB6893F84C304D
:108D4000042B77D801A252F823F000BF618D0008F0
:108D5000678D0008978D00080B8E0008198E00089B
:108D60000023FB736DE0BB689B6C1946786800F0CC
:108D700097F80346BB73BB7B002B04D1BB68022270
:108D800083F84C2058E0BB7B012B55D0BB680422F4
:108D900083F84C2050E0BB6840331946786800F0F7
:108DA00060F80346BB73BB7B002B26D1BB68002257
:108DB00083F84C20BB6893F84420BB689B6C1B79FC
:108DC0009A423BD1BB6893F84620BB689B6C9B7969
:108DD0009A4233D1BB6893F84520BB689B6C5B79A2
:108DE0009A422BD1BB681A6CBB689B6C1B689A4279
:108DF00024D1786800F058F920E0BB7B012B1DD00E
:108E0000BB68042283F84C2018E0786800F067F80B
:108E1000786800F0DAF814E00021786801F01EF8B4
:108E20000346BB73BB7B002B0AD1BB68002283F8CF
:108E30004C2005E000BF04E000BF02E000BF00E0FE
:108E400000BFFB7B18461037BD4680BD80B483B0A1
:108E500000AF7860002318460C37BD465DF8047BF0
:108E6000704780B582B000AF786039607B68A1221E
:108E70001A747B6821225A747B6800225A827B68AC
:108E800000229A827B680722DA823B680722194611
:108E9000786801F017FB034618460837BD4680BDC9
:108EA00080B582B000AF786039607B6821221A7487
:108EB0007B6820225A747B6800225A827B680022D9
:108EC0009A827B680722DA823B6807221946786813
:108ED00001F0F8FA034618460837BD4680BD80B554
:108EE00086B002AF78607B68D3F87C33DB69FB60C7
:108EF0000023FB72FB6893F84D30012B02D0022B4C
:108F000023D05EE0FB685B6AFA68128B93420BD950
:108F1000FB68D969FB681A8BFB685B7B01200090BA
:108F2000786801F0E0FC0BE0FB68D969FB685B6ADC
:108F30009AB2FB685B7B01200090786801F0D3FC5B
:108F4000FB68022283F84D203BE0FB685B7B1946FF
:108F5000786801F0E5FF0346FB72FB7A012B28D10C
:108F6000FB685B6AFA68128B93420ED9FB685B6AF6
:108F7000FA68128B9A1AFB685A62FB68DB69FA6816
:108F8000128B1A44FB68DA6102E0FB6800225A6225
:108F9000FB685B6A002B04D0FB68012283F84D203C
:108FA0000EE0FB68002283F84D20786800F068F836
:108FB00006E0FB7A022B03D1FB68012283F84D20E7
:108FC00000BF00BF1037BD4680BD80B586B000AF82
:108FD00078607B68D3F87C33DB697B610023FB74AA
:108FE0007B6993F84E30032B02D0042B0ED043E064
:108FF0007B69196A7B695A8B7B691B7B786801F0F6
:1090000097FC7B69042283F84E2035E07B691B7B4B
:109010001946786801F084FF0346FB74FB7C012B42
:1090200029D17B691B7B1946786801F0F9FEF8604D
:109030007B699B6AFA689A4216D07B695B8B1A46F9
:10904000FB68934210D17B699A6AFB68D21A7B69EC
:109050009A627B691A6AFB681A447B691A627B69A7
:10906000032283F84E2006E07B69002283F84E201D
:10907000786800F00FF800BF00BF1837BD4680BD0C
:1090800080B483B000AF786000BF0C37BD465DF898
:10909000047B704780B483B000AF786000BF0C37AA
:1090A000BD465DF8047B704780B483B000AF786044
:1090B00000BF0C37BD465DF8047B704780B584B0B7
:1090C00000AFF860B9601346FB71FB68002B01D15B
:1090D000022329E0FB68FA7983F8CC23FB6800229D
:1090E000C3F87C23FB680022C3F88023F86800F0F3
:1090F0001FF8FB68002283F82323FB68002283F813
:109100002023FB68002283F82123FB68002283F8D8
:109110002223BB68002B03D0FB68BA68C3F8D423B2
:10912000F86801F0C9FD002318461037BD4680BD20
:1091300080B584B000AF78600023FB6009E07A68F6
:10914000FB68E0339B00134400225A60FB68013344
:10915000FB60FB680F2BF2D90023FB6009E07A6803
:10916000FB68134403F58E7300221A70FB68013309
:10917000FB60FB68B3F5007FF1D37B6800221A70B7
:109180007B6800225A707B6801229A707B680022FB
:10919000C3F8C4237B6801221A767B6840229A7147
:1091A0007B6800225A767B68002283F81C237B6848
:1091B000012283F81D237B68002283F81F237B682C
:1091C000002283F81E237B681C334FF48072002139
:1091D000184602F073FE7B6803F58E734FF400723D
:1091E0000021184602F06AFE7B6803F22633122241
:1091F0000021184602F062FE7B6803F54E733E22A2
:109200000021184602F05AFE002318461037BD46CA
:1092100080BD80B485B000AF786039600023FB73F7
:109220003B68002B16D07B68D3F88033002B0ED11F
:109230007B68D3F88033591C7A68C2F880137A6847
:10924000DE33396842F823100023FB7304E0022365
:10925000FB7301E00223FB73FB7B18461437BD460A
:109260005DF8047B704780B485B000AF78600B4632
:10927000FB700023FB737B6893F83C33FA789A42C7
:1092800004D27B68FA7883F8242301E00223FB737D
:10929000FB7B18461437BD465DF8047B704780B4ED
:1092A00087B000AF7860084611461A460346FB7047
:1092B0000B46BB7013467B700023FB7500233B619C
:1092C0007B6803F54E73FB6025E0FB7D1A2202FBF1
:1092D00003F30833FA68134402333B613B695B795B
:1092E000FA789A4202D0FB78FF2B11D13B699B7927
:1092F000BA789A4202D0BB78FF2B09D13B69DB795F
:109300007A789A4202D07B78FF2B01D1FB7D06E070
:10931000FB7D0133FB75FB7D012BD6D9FF2318465E
:109320001C37BD465DF8047B704780B582B000AF46
:109330007860786801F0FCFC0121786801F003FE98
:10934000002318460837BD4680BD000080B588B0B0
:1093500004AF78600223BB730023FB737B6893F830
:109360002133DBB2012B02D17B6803221A707B68A8
:109370001B78DBB20B2B00F2BC8101A252F823F068
:10938000B1930008E39300084D9400088D960008FF
:10939000F3960008ED940008339600082395000822
:1093A0004395000861950008A5950008759600088A
:1093B0007B6893F82033DBB2002B00F09C817B6844
:1093C00001221A70C82001F008FE786801F00DFD36
:1093D0007B68002283F81C237B680022C3F8C82323
:1093E00089E17B6893F82333DBB2012B07D17B68DB
:1093F000002283F81F237B6802221A708AE17B68AF
:10940000D3F8C833B3F57A7F14D97B6893F81F3348
:109410000133DAB27B6883F81F237B6893F81F332C
:10942000032B03D97B680D221A7073E17B6800223D
:109430001A706FE17B68D3F8C83303F10A027B68C6
:10944000C3F8C8230A2001F0C8FD63E17B68D3F8A4
:10945000D433002B05D07B68D3F8D433042178684B
:109460009847642001F0B9FD786801F097FC034645
:109470001A467B6883F81D237B6805221A70002139
:10948000786801F0A2FA03461A467B685A71802177
:10949000786801F09AFA03461A467B681A717B686D
:1094A00019797B6893F81C037B6893F81D337A68FD
:1094B00092790292002201920093034680227868FA
:1094C00001F054FA7B6859797B6893F81C037B6838
:1094D00093F81D337A6892790292002201920093E8
:1094E00003460022786801F041FA13E1786800F041
:1094F00017F90346BB73BB7BDBB2002B40F0FD804A
:109500007B68002283F824237B6893F83733012B90
:1095100003D17B6808221A70EFE07B6807221A707B
:10952000EBE07B68D3F8D433002B00F0E8807B6855
:10953000D3F8D4330121786898477B6808221A70E1
:10954000DDE07B6893F83D331946786800F03FFC16
:109550000346002B40F0D5807B6809221A70D0E0CA
:109560007B6893F83F3303F02003002B16D00121D2
:10957000786800F04FFC0346BB73BB7BDBB2002B6B
:1095800003D17B680A221A70BDE0BB7BDBB2032BE0
:1095900040F0B9807B680A221A70B4E07B680A2226
:1095A0001A70B0E07B68D3F88033002B00F0AD80F8
:1095B0007B680022C3F87C230023FB7316E0FA7B50
:1095C0007B68DE3253F822301A797B6893F8473390
:1095D0009A4208D1FA7B7B68DE3253F822207B68FE
:1095E000C3F87C2305E0FB7B0133FB73FB7B002B83
:1095F000E5D07B68D3F87C33002B16D07B68D3F89A
:109600007C339B68786898470346002B09D17B68B8
:1096100006221A707B68D3F8D43303217868984700
:1096200073E07B680D221A706FE07B680D221A7060
:109630006BE07B68D3F87C33002B17D07B68D3F8C2
:109640007C331B69786898470346BB73BB7BDBB2EE
:10965000002B03D17B680B221A7058E0BB7BDBB276
:10966000022B54D17B680D221A7050E07B680D22CA
:109670001A704CE07B68D3F87C33002B49D07B68B0
:10968000D3F87C335B697868984742E07B680022B6
:1096900083F821237868FFF74BFD7B68D3F87C3390
:1096A000002B09D07B68D3F87C33DB687868984757
:1096B0007B680022C3F87C237B68D3F8D433002B6B
:1096C00005D07B68D3F8D4330521786898477B6848
:1096D00093F82233DBB2012B07D17B68002283F899
:1096E00022237868FFF721FE14E0786801F020FB60
:1096F00010E000BF0EE000BF0CE000BF0AE000BFBA
:1097000008E000BF06E000BF04E000BF02E000BFC9
:1097100000E000BF002318461037BD4680BD00BFE3
:1097200080B588B004AF78600123FB730123BB735D
:109730007B685B78072B00F2BD8101A252F823F011
:10974000619700081B980008859800080F99000889
:1097500079990008E99900082F9A0008759A00087D
:109760000821786800F050FA0346BB73BB7B002BDE
:109770002ED17B6893F82D237B689A717B68012238
:109780005A707B6819797B6893F81C037B6893F89F
:109790001D337A6892790292002201920093034667
:1097A0008022786801F0E2F87B6859797B6893F849
:1097B0001C037B6893F81D337A6892790292002229
:1097C0000192009303460022786801F0CFF873E11C
:1097D000BB7B032B40F070817B6893F81E33013311
:1097E000DAB27B6883F81E237B6893F81E33032B61
:1097F00003D97B680D221A705EE17B685B7919469C
:10980000786801F003F97B681B791946786801F0E4
:10981000FDF87B6800221A704EE11221786800F092
:10982000F3F90346BB73BB7B002B03D17B68022299
:109830005A7043E1BB7B032B40F040817B6893F877
:109840001E330133DAB27B6883F81E237B6893F8FA
:109850001E33032B03D97B680D221A702EE17B681F
:109860005B791946786801F0D1F87B681B79194655
:10987000786801F0CBF87B6800225A707B68002280
:109880001A701BE10121786800F07DFA0346BB7372
:10989000BB7B002B30D1022001F09FFB7B680122B3
:1098A00083F81C237B6803225A707B6819797B68D4
:1098B00093F81C037B6893F81D337A6892790292BF
:1098C00000220192009303468022786801F04EF84E
:1098D0007B6859797B6893F81C037B6893F81D3388
:1098E0007A68927902920022019200930346002244
:1098F000786801F03BF8E3E0BB7B032B40F0E080AD
:109900007B680D221A707B6800225A70D8E009210A
:10991000786800F0A5F90346BB73BB7B002B03D12D
:109920007B6804225A70CDE0BB7B032B40F0CA80D9
:109930007B6893F81E330133DAB27B6883F81E2309
:109940007B6893F81E33032B03D97B680D221A70B2
:10995000B8E07B685B791946786801F057F87B6856
:109960001B791946786801F051F87B6800225A701B
:109970007B6800221A70A5E07B68B3F83A33194679
:10998000786800F06DF90346BB73BB7B002B03D1F5
:109990007B6805225A7097E0BB7B032B40F09480D4
:1099A0007B6893F81E330133DAB27B6883F81E2399
:1099B0007B6893F81E33032B03D97B680D221A7042
:1099C00082E07B685B791946786801F01FF87B6854
:1099D0001B791946786801F019F87B6800225A70E3
:1099E0007B6800221A706FE07B6893F83433002B99
:1099F00019D07B6893F834137B6803F58E72FF23CC
:109A0000786800F057F90346BB73BB7B002B03D18A
:109A10007B6806225A7059E0BB7B032B56D17B68CA
:109A200006225A7052E07B6806225A704EE07B682C
:109A300093F83533002B19D07B6893F835137B6886
:109A400003F58E72FF23786800F034F90346BB7388
:109A5000BB7B002B03D17B6807225A7038E0BB7BAD
:109A6000032B35D17B6807225A7031E07B680722CF
:109A70005A702DE07B6893F83633002B17D07B6843
:109A800093F836137B6803F58E72FF23786800F035
:109A900011F90346BB73BB7B002B02D10023FB7380
:109AA00018E0BB7B032B15D10023FB7312E00023CE
:109AB000FB730FE000BF0EE000BF0CE000BF0AE048
:109AC00000BF08E000BF06E000BF04E000BF02E006
:109AD00000BF00E000BFFB7B18461037BD4680BDCD
:109AE00080B483B000AF786039607B683A68C3F8AF
:109AF000C42300BF0C37BD465DF8047B704780B5BA
:109B000082B000AF78607B68D3F8C4335A1C7B689E
:109B1000C3F8C423786800F004F800BF0837BD46D6
:109B200080BD80B582B000AF78607B681B78DBB207
:109B30000B2B0AD17B68D3F87C33002B05D07B68D4
:109B4000D3F87C339B697868984700BF0837BD46D7
:109B500080BD80B483B000AF78607B68012283F859
:109B6000232300BF0C37BD465DF8047B704780B4EB
:109B700083B000AF78607B68002283F823237B6882
:109B8000012283F8212300BF0C37BD465DF8047B1A
:109B9000704780B483B000AF78607B68012283F89F
:109BA00020237B68002283F821237B68002283F82E
:109BB0002223002318460C37BD465DF8047B70470E
:109BC00080B582B000AF78607B68012283F82123E2
:109BD0007B68002283F820237B68002283F82323FC
:109BE000786801F0C0F87B681B791946786800F046
:109BF0000DFF7B685B791946786800F007FF00234A
:109C000018460837BD4680BD80B586B002AF786083
:109C10000B467B807B88B3F5007F01D903231BE0D3
:109C20007B6803F58E727B88009313464FF4807235
:109C30000021786800F072F80346FB73FB7B002B71
:109C400009D17B6803F58E737A881946786800F02D
:109C500029F90346FB73FB7B18461037BD4680BDD0
:109C600080B586B002AF78600B467B807B681C3382
:109C7000BB607B88B3F5807F01D9032316E07B8826
:109C80000093BB684FF400720021786800F046F83A
:109C90000346FB73FB7B002B07D17B881A46B96810
:109CA000786800F0AFF90346FB73FB7B184610376A
:109CB000BD4680BD80B588B002AFF8607A601A46B4
:109CC0000B46FB7213463B813B89B3F5007F02D8FC
:109CD0007B68002B01D103231CE0FB7A9BB243F489
:109CE00040739AB2FB6803F58E713B8900930B4673
:109CF0000021F86800F012F80346FB75FB7D002B8D
:109D000007D1FB6803F58E733A897968184600F02D
:109D10008CFBFB7D18461837BD4680BD80B584B0EE
:109D200000AFF8607B600B46FB7213463B81FB681B
:109D30009B78012B1CD1FB7A63F07F03DAB2FB68BE
:109D40001A74FB6806225A74FB683A895A823B8966
:109D500003F47F43B3F5407F04D1FB6840F209422E
:109D60009A8202E0FB6800229A82FB683A8BDA82D0
:109D70003B8B1A467968F86800F0A4FB0346184646
:109D80001037BD4680BD80B582B000AF78600B460D
:109D9000FB707B689B78012B0FD17B6800221A74C3
:109DA0007B6805225A74FB789AB27B685A827B687A
:109DB00000229A827B680022DA82002200217868E1
:109DC00000F080FB034618460837BD4680BD80B5CD
:109DD00082B000AF78600B467B807B689B78012B5C
:109DE0000ED17B6800221A747B6809225A747B6842
:109DF0007A885A827B6800229A827B680022DA8203
:109E000000220021786800F05DFB03461846083701
:109E1000BD4680BD80B582B000AF78600B46FB7058
:109E20007B689B78012B0FD17B6800221A747B68BA
:109E300003225A74FB789AB27B685A827B680022AC
:109E40009A827B680022DA8200220021786800F082
:109E500039FB034618460837BD4680BD80B582B041
:109E600000AF78600B46FB707B689B78012B0FD1AD
:109E70007B6802221A747B6801225A747B68002274
:109E80005A82FB789AB27B689A827B680022DA82D7
:109E900000220021786800F015FB034618460837B9
:109EA000BD4680BD80B487B000AFF860B96013468E
:109EB000FB80FB6803F226333B610023FB75BB6824
:109EC000002B01D1022394E0BB681A783B691A7019
:109ED000BB685A783B695A70BB6802331B781A46D4
:109EE000BB6803331B781B029BB213439AB23B69D6
:109EF0005A80BB681A793B691A71BB685A793B6909
:109F00005A71BB689A793B699A71BB68DA793B6987
:109F1000DA71FB6893F81D33002B04D0FB6893F8CB
:109F20001D33012B1BD13B69DB79202B0FDC082B68
:109F30000FDB083B324A22FA03F303F00103002B44
:109F400014BF01230023DBB2002B06D101E0402B1C
:109F500003D03B690822DA7100E000BF0EE0FB6825
:109F600093F81D33022B07D13B69DB79082B05D011
:109F70003B690822DA7101E00323FB75FB88082B9B
:109F800036D9BB6808331B781A46BB6809331B787F
:109F90001B029BB213439AB23B691A81BB680A3316
:109FA0001B781A46BB680B331B781B029BB213430A
:109FB0009AB23B695A81BB680C331B781A46BB685E
:109FC0000D331B781B029BB213439AB23B699A81F3
:109FD000BB689A7B3B699A73BB68DA7B3B69DA732F
:109FE000BB681A7C3B691A74BB685A7C3B695A741B
:109FF000FB7D18461C37BD465DF8047B704700BFEB
:10A000000101000180B58CB000AFF860B960134663
:10A01000FB80FB6803F54E733B62002387F82F300B
:10A02000002387F82730002387F82630BB68002BF1
:10A0300001D10223DEE0BB68BB62BB6A1B78092B3F
:10A0400002D0BB6A09221A70BB681A783B6A1A7080
:10A05000BB685A783B6A5A70BB6802331B781A4651
:10A06000BB6803331B781B029BB213439BB2B3F54F
:10A07000807F28BF4FF480739AB23B6A5A80BB68D6
:10A080001A793B6A1A71BB685A793B6A5A71BB6884
:10A090009A793B6A9A71BB68DA793B6ADA71BB6874
:10A0A0001A7A3B6A1A72FB88092B40F2A1800923B5
:10A0B000FB820023FB6185E007F116031946B86AAD
:10A0C00000F0E6F9B862BB6A5B78042B7AD1BB6A10
:10A0D0001B78092B02D0BB6A09221A7097F8273027
:10A0E0001A2202FB03F308333A6A13440233FB617A
:10A0F000B96AF86900F082F8002387F82630002357
:10A10000BB6143E007F116031946B86A00F0C0F9D5
:10A11000B862BB6A5B78052B38D1FB695B79012B90
:10A1200013D1FB699B79022B03D0FB699B79032B2D
:10A130000BD1FB69DB79002B0BD1BB6A1B78092B98
:10A1400007D0BB6A09221A7003E0BB6A07221A70A3
:10A1500000E000BF97F8273097F826200132D200A0
:10A160001A2101FB03F3134408333A6A13440433FE
:10A17000BB61BA6AB969F86800F06FF8034687F8FE
:10A180002F3097F82630013387F8263097F826309D
:10A19000012B0AD8FB691B7997F826209A4204D232
:10A1A0003B6A5A88FB8A9A42ACD8FB691B7997F8BC
:10A1B00026209A4201D203231CE097F8273001336E
:10A1C00087F8273097F82730012B05D83B6A5A8843
:10A1D000FB8A9A423FF670AF3B6A1B79022B28BF7D
:10A1E0000223DBB297F827209A4201D2032301E031
:10A1F00097F82F3018463037BD4680BD80B483B005
:10A2000000AF786039603B681A787B681A703B68E9
:10A210005A787B685A703B689A787B689A703B687A
:10A22000DA787B68DA703B681A797B681A713B6868
:10A230005A797B685A713B689A797B689A713B6856
:10A24000DA797B68DA713B681A7A7B681A7200BF28
:10A250000C37BD465DF8047B704780B487B000AF13
:10A26000F860B9607A600023FB757B681A78BB6878
:10A270001A707B685A78BB685A707B689A78BB689A
:10A280009A707B68DA78BB68DA707B6804331B7875
:10A290001A467B6805331B781B029BB213439AB2A4
:10A2A000BB689A807B689A79BB689A71BB689B8807
:10A2B000002B09D0BB689B88B3F5806F04D8BB68BE
:10A2C0009B88B3F5007F01D90323FB75FB6893F8E6
:10A2D0001D33002B36D1BB68DB7803F00303022B60
:10A2E00008D1BB689B88B3F5007F40F297800323B9
:10A2F000FB7593E0BB68DB7803F00303002B07D109
:10A30000BB689B88402B40F289800323FB7585E066
:10A31000BB68DB7803F00303012B05D0BB68DB7857
:10A3200003F00303032B0AD1BB689B79002B03D0F6
:10A33000BB689B79102B70D90323FB756DE0032359
:10A34000FB756BE0FB6893F81D33012B3CD1BB68B8
:10A35000DB7803F00303022B05D0BB68DB7803F046
:10A360000303002B06D1BB689B88402B56D90323DF
:10A37000FB7553E0BB68DB7803F00303012B0ED1C0
:10A38000BB689B79002B07D0BB689B79102B03D847
:10A39000BB689B88402B41D90323FB753EE0BB681B
:10A3A000DB7803F00303032B0BD1BB689B79002BF5
:10A3B00004D0BB689B88B3F5806F2FD30323FB7554
:10A3C0002CE00323FB7529E0FB6893F81D33022B77
:10A3D00020D1BB68DB7803F00303002B06D1BB68F8
:10A3E0009B88082B1AD00323FB7517E0BB68DB782A
:10A3F00003F00303032B0AD1BB689B79002B03D026
:10A40000BB689B88082B09D90323FB7506E003234F
:10A41000FB7503E00323FB7500E000BFFB7D1846DE
:10A420001C37BD465DF8047B704780B487B000AF31
:10A43000F860B9601346FB80FB6801331B78032B7F
:10A4400020D1FB681B789A1EFB88934228BF1346D5
:10A45000BB82FB680233FB600023FB820BE0FB8ABC
:10A46000FA6813441A78BB681A70BB680133BB6082
:10A47000FB8A0233FB82FA8ABB8A9A42EFD3BB681B
:10A4800000221A7000BF1C37BD465DF8047B704780
:10A4900080B485B000AF786039603B681B887A680B
:10A4A000127813449AB23B681A807B681B781A466C
:10A4B0007B681344FB60FB6818461437BD465DF8A3
:10A4C000047B704780B586B000AFF860B960134672
:10A4D000FB800123FB75FB689B78012B02D0022BCC
:10A4E0000FD027E0FB68BA689A60FB68FA889A8107
:10A4F000FB6801221A76FB6802229A700123FB7521
:10A5000018E0F86800F01CF80346FB75FB7D002B93
:10A5100002D0FB7D032B06D1FB6801229A70FB68F9
:10A5200000221A7605E0FB7D022B02D1FB68012296
:10A530009A7000BFFB7D18461837BD4680BD0000ED
:10A5400080B586B002AF78600123FB730023BB7334
:10A550007B681B7E013B0A2B00F2578101A252F857
:10A5600023F000BF91A50008ABA5000815A60008C0
:10A570003BA6000875A600089FA60008F1A60008E3
:10A5800013A700084FA7000875A70008B3A7000885
:10A590007B6803F110017B685B791A46786800F0EC
:10A5A00045F97B6802221A763AE17B685B791946A5
:10A5B000786800F0B5FC0346BB73BB7B012B1ED152
:10A5C0007B681B7C23F07F037B737B68DB8A002B1B
:10A5D0000AD07B7B802B03D17B6803221A7616E19D
:10A5E0007B6805221A7612E17B7B802B03D17B6886
:10A5F00009221A760BE17B6807221A7607E1BB7BFA
:10A60000042B03D0BB7B022B40F001817B680B2223
:10A610001A76FCE07B68D3F8C4339AB27B68DA819F
:10A620007B6899687B689A897B681B79786800F0F9
:10A630003CF97B6804221A76F2E07B681B791946A4
:10A64000786800F06DFC0346BB73BB7B012B03D124
:10A650007B6809221A76DCE0BB7B052B02D1032341
:10A66000FB73D6E0BB7B042B40F0D3807B680B22CE
:10A670001A76CEE07B6899687B689A897B685B79FB
:10A6800001200090786800F0EBF87B68D3F8C433C1
:10A690009AB27B68DA817B6806221A76C0E07B6812
:10A6A0005B791946786800F03BFC0346BB73BB7BC3
:10A6B000012B03D17B6807221A76ACE0BB7B052B0C
:10A6C00005D17B680C221A760323FB73A3E0BB7BC6
:10A6D000022B03D17B6805221A769CE0BB7B042BFE
:10A6E00040F099807B680B221A760223FB7392E07C
:10A6F0007B681B7900220021786800F0D6F87B681F
:10A70000D3F8C4339AB27B68DA817B6808221A7660
:10A7100086E07B681B791946786800F001FC0346E7
:10A72000BB73BB7B012B05D17B680D221A760023FE
:10A73000FB7372E0BB7B042B03D17B680B221A7680
:10A740006BE0BB7B052B68D10323FB7365E07B6863
:10A750005B790122009200220021786800F080F8E5
:10A760007B68D3F8C4339AB27B68DA817B680A22AB
:10A770001A7655E07B685B791946786800F0D0FB63
:10A780000346BB73BB7B012B05D10023FB737B68A6
:10A790000D221A7643E0BB7B022B03D17B68092292
:10A7A0001A763CE0BB7B042B39D17B680B221A76EE
:10A7B00035E07B685B7E0133DAB27B685A767B6872
:10A7C0005B7E022B06D87B6801221A767B68012209
:10A7D0009A7025E07B68D3F8D433062178689847CF
:10A7E0007B6800225A767B685B791946786800F0AE
:10A7F0000DF97B681B791946786800F007F97B68CA
:10A8000000221A700223FB730AE000BF08E000BFB9
:10A8100006E000BF04E000BF02E000BF00E000BFB0
:10A82000FB7B18461037BD4680BD00BF80B588B0A1
:10A8300004AFF860B9601346FB71F9790023039304
:10A8400008230293BB680193002300930023002296
:10A85000F86800F034FB002318461037BD4680BD71
:10A8600080B588B004AFF860B96011461A460B464F
:10A87000FB8013467B71FB6893F81D33002B01D0DE
:10A8800000233B7679793B7E0393FB880293BB6878
:10A8900001930123009300230022F86800F00FFBCE
:10A8A000002318461037BD4680BD80B588B004AF80
:10A8B000F860B96011461A460B46FB8013467B715F
:10A8C000797900230393FB880293BB6801930123EA
:10A8D000009300230122F86800F0F1FA00231846E3
:10A8E0001037BD4680BD80B588B004AFF860B96050
:10A8F00011461A460B46FB8013467B71FB6893F8A2
:10A900001D33002B01D000233B7679793B7E0393E6
:10A91000FB880293BB68019301230093022300226A
:10A92000F86800F0CCFA002318461037BD4680BD09
:10A9300080B588B004AFF860B96011461A460B467E
:10A94000FB8013467B71797900230393FB88029384
:10A95000BB6801930123009302230122F86800F0F1
:10A96000AEFA002318461037BD4680BD80B586B0CC
:10A9700004AF7860084611461A460346FB700B4642
:10A98000BB7013467B707878BA78F9783B8B02936A
:10A990003B7D01933B7C00930346786800F053FABB
:10A9A000002318460837BD4680BD80B582B000AF91
:10A9B00078600B46FB70FB781946786800F072FAF5
:10A9C000002318460837BD4680BD80B584B000AF6F
:10A9D00078600B46FB70786800F036F80346FB8120
:10A9E000FB894FF6FF7293420AD0FA78FB8903F095
:10A9F0000F0342F400427968E0339B000B445A6035
:10AA0000FB89DBB218461037BD4680BD80B483B0E9
:10AA100000AF78600B46FB70FB780F2B0DD8FB78EE
:10AA20007A68E0339B0013445A68FB78C2F30E0245
:10AA30007968E0339B000B445A60002318460C37BA
:10AA4000BD465DF8047B704780B485B000AF786088
:10AA50000023FB730023FB730FE0FB7B7A68E0337A
:10AA60009B0013445B6803F40043002B02D1FB7B83
:10AA70009BB207E0FB7B0133FB73FB7B0F2BECD915
:10AA80004FF6FF7318461437BD465DF8047B7047D8
:10AA900080B500AF01220E490E48FEF70FFB0346BA
:10AAA000002B01D0F7F75AF80B490A48FEF7B1FB23
:10AAB0000346002B01D0F7F751F80648FEF735FCA6
:10AAC0000346002B01D0F7F749F800BF80BD00BF57
:10AAD000F1AA0008A80400200C00002080B500AFF7
:10AAE0000248FEF733FC00BF80BD00BFA804002071
:10AAF00080B483B000AF78600B46FB70FB78013BFD
:10AB0000042B19D801A252F823F000BF39AB00087A
:10AB100029AB000839AB000831AB000821AB0008B5
:10AB2000094B03221A7008E0074B02221A7004E056
:10AB3000054B01221A7000E000BF00BF0C37BD4674
:10AB40005DF8047B704700BF8008002080B58AB0A4
:10AB500000AF786007F1140300221A605A609A600F
:10AB6000DA601A617B681B68B3F1A04F47D10023FC
:10AB70003B61254B1B6B244A43F001031363224BBB
:10AB80001B6B03F001033B613B694FF400737B6176
:10AB90000023BB610023FB6107F1140319461B4826
:10ABA000F7F7CAFE4FF4E0537B610223BB61002339
:10ABB000FB6100233B620A237B6207F11403194601
:10ABC0001248F7F7B9FE104B5B6B0F4A43F0800356
:10ABD00053630023FB600C4B5B6C0B4A43F48043D4
:10ABE0005364094B5B6C03F48043FB60FB680022F9
:10ABF00000214320F7F769FE4320F7F782FE00BFEC
:10AC00002837BD4680BD00BF00380240000002402A
:10AC100080B582B000AF78607B68D3F8DC3318462B
:10AC2000FEF76DFF00BF0837BD4680BD80B582B01E
:10AC300000AF78607B68D3F8DC331846FEF7A9FFD5
:10AC400000BF0837BD4680BD80B582B000AF7860D8
:10AC50007B68D3F8DC331846FEF7B2FF00BF083735
:10AC6000BD4680BD80B483B000AF78600B46FB70FA
:10AC70001346BB7000BF0C37BD465DF8047B7047C0
:10AC800080B582B000AF78607B68D3F8DC331846BB
:10AC9000FEF75FFF00BF0837BD4680BD80B582B0BC
:10ACA00000AF78607B68D3F8DC331846FEF75FFFAF
:10ACB00000BF0837BD4680BD80B582B000AF786068
:10ACC0007B6893F8CC33012B2AD1184A7B68C2F8F1
:10ACD000DC337B68154AC3F8D023144B4FF0A042F5
:10ACE0001A60124B08225A71104B0122DA710F4B75
:10ACF00000229A710D4B02225A720C4B00229A725A
:10AD00000A48F7F7CEFF0346002B01D0F6F726FFDF
:10AD10000648F8F70BFC034619467868FEF7E0FE94
:10AD2000002318460837BD4680BD00BF84080020B8
:10AD300080B584B000AF78600023FB730023BB7341
:10AD40007B68D3F8D0331846F8F778FB0346FB73DB
:10AD5000FB7B184600F04CF90346BB73BB7B1846DF
:10AD60001037BD4680BD80B584B000AF7860002349
:10AD7000FB730023BB737B68D3F8D0331846F8F716
:10AD800080FB0346FB73FB7B184600F031F903465A
:10AD9000BB73BB7B18461037BD4680BD80B584B001
:10ADA00000AF78600123FB737B68D3F8D03318467B
:10ADB000F8F7CAFB0346022B0CD0022B0DD8002B50
:10ADC00002D0012B03D008E00023FB7308E001232D
:10ADD000FB7305E00223FB7302E00123FB7300BF5A
:10ADE000FB7B18461037BD4680BD80B584B000AFF0
:10ADF00078600023FB730023BB737B68D3F8D033E8
:10AE00001846F8F75BFB0346FB73FB7B184600F024
:10AE1000EFF80346BB73BB7B18461037BD4680BDB9
:10AE200080B582B000AF78600B46FB707B68D3F8CA
:10AE3000D033FA7811461846F8F763FB03461846F4
:10AE40000837BD4680BD90B589B004AF786008462C
:10AE500011461A460346FB700B46BB7013467B70C7
:10AE60000023FB730023BB737B68D3F8D0037C788B
:10AE7000BA78F9783B8D029397F82430019397F8CC
:10AE8000203000932346F7F773FF0346FB73FB7BE9
:10AE9000184600F0ADF80346BB73BB7B1846143769
:10AEA000BD4690BD80B483B000AF78600B46FB70A8
:10AEB000002318460C37BD465DF8047B704790B5FB
:10AEC00089B004AF7860084611461A460346FB7005
:10AED0000B46BB7013467B700023FB730023BB73D0
:10AEE0007B68D3F8D0037C78BA78F97897F82C305F
:10AEF00003933B8D02937B6A019397F82030009374
:10AF00002346F7F7EDFF0346FB73FB7B184600F083
:10AF10006FF80346BB73BB7B18461437BD4690BD24
:10AF200080B582B000AF78600B46FB707B68D3F8C9
:10AF3000D033FA7811461846F8F7CEFA0346184689
:10AF40000837BD4680BD80B582B000AF78600B4643
:10AF5000FB707B6893F8CC33012B03D1FB78184648
:10AF600000F072F8C820F7F7B1FB00231846083745
:10AF7000BD4680BD80B485B000AF78600B46FB70E5
:10AF80001346BB707B68D3F8D033FB60FA78F9685E
:10AF900013461B019B1A9B000B4417331B78002B95
:10AFA0000AD0FA78F96813461B019B1A9B000B44E0
:10AFB0003C33BA781A7009E0FA78F96813461B0135
:10AFC0009B1A9B000B443D33BA781A700023184635
:10AFD0001437BD465DF8047B704780B582B000AF82
:10AFE00078607868F7F772FB00BF0837BD4680BD10
:10AFF00080B485B000AF0346FB710023FB73FB797F
:10B00000032B17D801A252F823F000BF1DB000088F
:10B0100023B0000829B000082FB000080023FB73FC
:10B020000BE00223FB7308E00123FB7305E002231E
:10B03000FB7302E00223FB7300BFFB7B184614374F
:10B04000BD465DF8047B704780B584B000AF034611
:10B05000FB71FB79FB73FB79002B02D10023FB739F
:10B0600001E00123FB73FB7B1A4601210348F7F73C
:10B07000FFFD00BF1037BD4680BD00BF0008024085
:10B08000024B0146186800F02DB800BF38000020C0
:10B09000024B0146186801F0FBBD00BF38000020DC
:10B0A00070B50F4E0C463168054611B900F046FFE9
:10B0B00030602146284600F041FF431C03D14FF089
:10B0C000FF34204670BDC41C24F00304A042F8D015
:10B0D000211A284600F032FF0130F2D1EFE700BF1D
:10B0E000640C00202DE9F843CD1C25F0030508353C
:10B0F0000C2D38BF0C25002D064601DBA94204D9D2
:10B100000C2333600020BDE8F883DFF8D48000F022
:10B1100069F8D8F800301C4644BB29463046FFF792
:10B12000BFFF431C044658D1D8F800402746002FE3
:10B1300043D1002C4BD023683946304604EB030939
:10B1400000F0FCFE814542D121686D1A2946304647
:10B15000FFF7A6FF01303AD023682B442360D8F8CC
:10B1600000305A6862BBC8F800700FE02268521BBA
:10B1700020D40B2A17D96119A342256018BF596042
:10B18000636808BFC8F8001062514B60304600F099
:10B190002FF804F10B00231D20F00700C21A1CBF7A
:10B1A0001B1AA350AFE76268A3420CBFC8F8002087
:10B1B0005A60EBE723466468AEE73C467F68B6E733
:10B1C0001A465B68A342FBD100235360DEE70C23E1
:10B1D0003360304600F00CF894E70560D6E700BF16
:10B1E000680C0020014800F0F6BE00BFAC0D002046
:10B1F000014800F0F1BE00BFAC0D00202DE9FF4773
:10B2000057EC106B002F0C4619463B46BBBF07F1AD
:10B2100000431F4600232D230B700D9BDDF830A04B
:10B22000914623F02008BCBF32461646B8F1460FBF
:10B2300005D0B8F1450F00D10134022100E003210F
:10B2400003AB019302AB009347EC106B53462246CD
:10B2500000F04EFFB8F1470F054619D119F0010F64
:10B260000ED000EB04090022002330463946F5F7E2
:10B270002BFC08B1CDF80C903022039B4B451ED31C
:10B28000039B0E9A5B1B2846136004B0BDE8F08751
:10B29000B8F1460F00EB0409E5D10378302B0AD151
:10B2A0000022002330463946F5F70EFC18B9C4F1E8
:10B2B0000104CAF80040DAF800309944D3E7591C79
:10B2C00003911A70D9E7F7B50029BABF49422D2377
:10B2D0002B2309290270437029DD0DF107031D4658
:10B2E0000A271A46B1FBF7F607FB1614303402F8AA
:10B2F000014C0C46632C03F1FF333146F1DC303155
:10B30000941E03F8011C411C2346AB420AD30DF1E5
:10B3100009039B1AAC4288BF002302330344181A66
:10B3200003B0F0BD13F8016B01F8016FEDE73023B6
:10B3300030318370C170031DF1E700002DE9F04F3B
:10B340008DB00C46DDF8588016461F46054600F0C5
:10B35000BDFD036804931846F4F78AFF00230A939F
:10B36000D8F800300590073323F0070303F10802F3
:10B3700094F818A0D4F800B0C8F80020D3E90089E8
:10B3800029F000430793CDF81880C4E91289DDE95C
:10B3900006019C4B4FF0FF32F5F7C8FB70BBDDE9AF
:10B3A0000601984B4FF0FF32F5F7A2FB30BB0022AD
:10B3B000002340464946F5F791FB10B12D2384F850
:10B3C0004330914A914BBAF1470F8CBF9046984653
:10B3D000032323612BF0040323604FF0000900973F
:10B3E00033460BAA2146284600F0D2F9013040F03E
:10B3F0008D804FF0FF300DB0BDE8F08F42464B46D8
:10B4000040464946F5F792FB40B14B46002BBCBF86
:10B410002D2384F843307E4A7E4BD4E763680AF0DC
:10B42000DF0206925A1C3BD1062363604BF4806214
:10B430000023226003930AABCDE901A309AB00937B
:10B44000616849EC108B0DF123032846FFF7D6FE07
:10B45000069B0999472B804629D1C81C02DB6368EB
:10B46000994241DDAAF1020A5FFA8AFA013952468D
:10B4700004F150000991FFF726FF0A9A1318012AD8
:10B480008146236102DC2268D20701D501332361A2
:10B490009DF82330002BA2D02D2384F843309EE763
:10B4A000069A472AC2D1002BC0D10123BDE7BAF1C9
:10B4B000650FDBD9BAF1660F18D1002963680BDD7F
:10B4C000216113B92268D00702D501330B442361EF
:10B4D000A1654FF00009DBE713B92268D20701D557
:10B4E0000233F4E70123F2E74FF0670A0A9B99421F
:10B4F00005DB23682161D807EAD54B1CE7E7002963
:10B50000D4BFC1F1020201221344E0E723685A05C7
:10B5100007D42369424631462846B84701302BD12B
:10B5200067E7BAF1650F40F2DD80D4E9120100222D
:10B530000023F5F7C9FA002833D0374A01233146F2
:10B540002846B84701303FF454AFDDE90938434598
:10B5500002DB2368D8070FD5DDE9042331462846EE
:10B56000B84701303FF445AF4FF0000908F1FF380C
:10B5700004F11A0AC84509DC23689B0700F103811E
:10B58000E0680B9B9842B8BF184634E70123524647
:10B5900031462846B84701303FF42BAF09F1010985
:10B5A000E8E7099B002B39DC1B4A0123314628467A
:10B5B000B84701303FF41DAFDDE9093959EA03030B
:10B5C00002D12368D907D7D5DDE9042331462846BF
:10B5D000B84701303FF40DAF4FF0000A04F11A0BE9
:10B5E000099B5B42534501DC4B4693E701235A46D6
:10B5F00031462846B84701303FF4FBAE0AF1010A54
:10B60000EEE700BFFFFFEF7F58DC000854DC0008C6
:10B6100060DC00085CDC000864DC0008A36DDDF879
:10B6200028A05345A8BF5346002B994636DC4FF05F
:10B63000000B29EAE97904F11A02A36D0693A3EB42
:10B6400009035B4531DC099B9A453ADC2368DA073C
:10B6500037D4099BAAEB0309069BAAEB0303994580
:10B66000A8BF9946B9F1000F33DC4FF0000829EA72
:10B67000E97904F11A0B099BAAEB0303A3EB090375
:10B6800043457FF779AF01235A4631462846B847EC
:10B6900001303FF4AEAE08F10108ECE74246314616
:10B6A0002846B8470130C2D1A3E6012331462846D7
:10B6B0000692B84701303FF49CAE069A0BF1010B9D
:10B6C000BBE7DDE9042331462846B8470130C0D145
:10B6D0008FE6069A4B46424431462846B847013029
:10B6E000C3D186E6DDF828A0BAF1010F01DCDB0743
:10B6F00036D50123424631462846B84701303FF44B
:10B7000078AEDDE9042331462846B84701303FF4DE
:10B7100070AED4E91201002200230AF1FF3AF5F7D6
:10B72000D3F9C0B9534608F1010231462846B8475B
:10B7300001300CD15DE601235A4631462846B84710
:10B7400001303FF456AE08F10108D045F3DB4B461B
:10B7500004F15002DFE64FF0000804F11A0BF4E7A1
:10B7600001234246E1E701234A4631462846B847CD
:10B7700001303FF43EAE08F10108E3680B995B1A13
:10B780004345F0DCFCE64FF0000804F11909F4E74A
:10B790002DE9F047164698468A680B69DDF8209037
:10B7A0009342B8BF1346336091F8432007460C46D6
:10B7B0000AB1013333602368990642BF336802330C
:10B7C0003360256815F0060506D104F1190AE3680F
:10B7D00032689B1AAB4226DC94F843302268003B67
:10B7E00018BF012392062BD404F143024146384688
:10B7F000C84701301ED02368226903F00603042BDA
:10B8000002BFE5683368ED1AA3680CBF25EAE57549
:10B8100000259342C4BF9B1AED1800261A34B54286
:10B820001AD1002008E00123524641463846C84755
:10B83000013003D14FF0FF30BDE8F0870135C6E796
:10B84000E1185A1C302081F84300224494F8451036
:10B8500082F843100233C7E70123224641463846A7
:10B86000C8470130E6D00136D9E700002DE9FF478F
:10B870000F7E0C9E782F914680460C469A4601F129
:10B88000430207D8622F0AD8002F00F0D180582F2A
:10B8900000F0B88004F1420684F842703AE0A7F163
:10B8A0006303152BF6D801A151F823F005B9000860
:10B8B00019B9000895B8000895B8000895B80008AF
:10B8C00095B8000819B9000895B8000895B800089F
:10B8D00095B8000895B8000817BA000843B90008E1
:10B8E000D1B9000895B8000895B8000839BA000821
:10B8F00095B8000843B9000895B8000895B8000845
:10B90000D9B9000833681A1D1B68326004F1420679
:10B9100084F8423001239CE033682068191D3160AF
:10B92000060601D51D6803E04506FBD5B3F90050B6
:10B93000002D03DA2D236D4284F8433058480A2342
:10B9400011E021683368080653F8045B02D4490605
:10B9500048BFADB26F2F5248336014BF0A2308238B
:10B96000002184F843106668A660002E05DB21687C
:10B970002E4321F0040121604BD01646B5FBF3F1B4
:10B9800003FB1157C75D06F8017D2F46BB420D46EC
:10B99000F4D9082B0BD12368DF0708D52369616828
:10B9A0009942DEBF302306F8013C06F1FF36921BB8
:10B9B0002261CDF800A04B4603AA21464046FFF77E
:10B9C000E7FE01304AD14FF0FF3004B0BDE8F08708
:10B9D000236843F0200323603248782784F84570B9
:10B9E000236831681F0651F8045B02D45F0648BF24
:10B9F000ADB23160D90744BF43F0200323601DB1CD
:10BA00001023ADE72648E9E7236823F020032360ED
:10BA1000F6E71646BDE7336825686169181D306092
:10BA20002E061B6801D5196002E06806FBD5198057
:10BA3000002323611646BCE733681A1D32601E6876
:10BA4000626800213046F4F7C3FB08B1801B6060D8
:10BA500063682361002384F84330AAE723693246F0
:10BA600049464046D0470130ADD023689B0713D4E8
:10BA7000E068039B9842B8BF1846A6E70123324608
:10BA800049464046D04701309DD00135E3680399CF
:10BA90005B1AAB42F2DCEBE7002504F11906F5E78F
:10BAA00066DC000877DC0008002310B50446C0E916
:10BAB0000033C0E90433836081814366C2818361BE
:10BAC000194608225C3000F0F9F90D4B63620D4B0A
:10BAD000A3620D4BE3620D4B23630D4B24629C422A
:10BAE00006D003F16802944202D0D0339C4205D1C3
:10BAF00004F15800BDE8104000F06CBA10BD00BF62
:10BB00000DBD00082FBD000867BD00088BBD0008F3
:10BB10006C0C0020024A0349034800F069B800BFDA
:10BB20002C000020A5D700083C00002041680C4BE9
:10BB3000994210B5044601D001F034FEA168094BCA
:10BB4000994202D0204601F02DFEE168064B994251
:10BB500004D02046BDE8104001F024BE10BD00BF57
:10BB60006C0C0020D40C00203C0D002010B50B4BB9
:10BB70000B4C0C4A1A60204600220421FFF794FF68
:10BB800004F1680001220921FFF78EFF04F1D000C3
:10BB90000222BDE810401221FFF786BFA40D00204D
:10BBA0006C0C002015BB0008014800F014BA00BF5F
:10BBB000AD0D0020014800F00FBA00BFAD0D002010
:10BBC00010B50446FFF7F0FF236A1BB1BDE8104033
:10BBD000FFF7F0BF044B2362044B1B68002BF5D129
:10BBE000FFF7C4FFF2E700BF2DBB0008A40D002043
:10BBF0002DE9F8430746884614460026D4E9019506
:10BC0000B9F1010905D52468002CF7D13046BDE80B
:10BC1000F883AB89012B07D9B5F90E30013303D076
:10BC200029463846C04706436835E9E70FB407B5EB
:10BC3000064904AB086853F8042B8168019301F0AE
:10BC400015FC03B05DF804EB04B070473800002029
:10BC5000036A70B5846805460E460BB9FFF7B0FF5E
:10BC6000636EDB0705D4A389980502D4A06D00F0AC
:10BC7000B2F9A389190702D52369002B35D12146D2
:10BC8000284600F0C5F880B34FF0FF35636EDA0741
:10BC900005D4A3899B0502D4A06D00F09DF9284628
:10BCA00070BD002B04DAA2699A4217DC0A2915D06C
:10BCB00023685A1C22601970A36816F8011F013B03
:10BCC000A3600029EDD1002B11DA22460A21284673
:10BCD00000F05FF80130D7D00A25D7E72246284682
:10BCE00000F057F80130E7D1CEE7013EE4E72368E2
:10BCF0005A1C22600A221A70EEE70000024B01462D
:10BD00001868FFF7A5BF00BF3800002010B50C462B
:10BD1000B1F90E1000F000F90028ABBF636DA389E4
:10BD20001B1823F48053ACBF6365A38110BD2DE9BC
:10BD3000F0411F468B89DB0505460C46164605D5A6
:10BD4000B1F90E100223002200F0D4F8A389B4F94F
:10BD50000E1023F48053A38132463B462846BDE8AB
:10BD6000F04100F0FBB810B50C46B1F90E1000F030
:10BD7000C1F8431CA38915BF606523F4805343F4C5
:10BD80008053A38118BFA38110BDB1F90E1000F03C
:10BD9000A1B8F8B50E461446054618B1036A0BB9AA
:10BDA000FFF70EFFA369A360A3891A0701D52369D2
:10BDB00043B92146284600F02BF818B14FF0FF3761
:10BDC0003846F8BD23682269981A6369F6B283423F
:10BDD000374605DC2146284601F0E4FC0028EDD179
:10BDE000A368013BA36023685A1C22601E7062692D
:10BDF000431C9A4204D0A389DB07E1D50A2EDFD188
:10BE00002146284601F0CEFC0028D9D0D6E7000014
:10BE100038B5294B054618680C4618B1036A0BB9AA
:10BE2000FFF7CEFEB4F90C30190722D4DA0607D496
:10BE300009222A6043F04003A3814FF0FF3033E032
:10BE4000580712D5616B41B104F14403994202D005
:10BE5000284600F01DFF00236363A38923F0240319
:10BE6000A3810023636023692360A38943F008034F
:10BE7000A38123694BB9A38903F42073B3F5007F31
:10BE800003D02146284601F0DBFCB4F90C3013F056
:10BE900001020AD00022A26062695242A2612269B4
:10BEA00042B913F08000C5D138BD990758BF626907
:10BEB000A260F4E70020F7E73800002002440346C0
:10BEC000934200D1704703F8011BF9E7004870471F
:10BED0007801002038B5064D0023044608462B6043
:10BEE000F6F7C4F9431C02D12B6803B1236038BDB7
:10BEF000A80D002038B5074D04460846114600221B
:10BF00002A601A46F6F7D9F9431C02D12B6803B10F
:10BF1000236038BDA80D002038B5074D04460846FB
:10BF2000114600222A601A46F6F767F9431C02D12F
:10BF30002B6803B1236038BDA80D002038B5064D2D
:10BF40000023044608462B60F6F7C4F9431C02D1CF
:10BF50002B6803B1236038BDA80D002038B5074D0C
:10BF600004460846114600222A601A46F6F762F98E
:10BF7000431C02D12B6803B1236038BDA80D0020FB
:10BF8000014B1868704700BF3800002070B50D4D98
:10BF90000D4C641BA4100026A64209D10B4D0C4C7D
:10BFA00001F06AFD641BA4100026A64205D170BDF5
:10BFB00055F8043B98470136EEE755F8043B98479F
:10BFC0000136F2E7D4DF0008D4DF0008D4DF000830
:10BFD000D8DF00087047704770472DE9F74F0369B5
:10BFE0000C69A34207467EDB013C01F11408A30063
:10BFF00000F11405009305EB8403019358F82430F5
:10C0000055F8242001339A4208EB8409B2FBF3F679
:10C010002ED34FF0000AC446AE46D3465CF8043B2C
:10C0200098B206FB00A0020C1B0C06FB0323DEF8F3
:10C03000002080B292B2121A5A44DEF800004FEA91
:10C04000134A9BB2C3EB224303EB104392B242EA82
:10C050000342E1454EF8042B4FEA234BDED2009B0E
:10C06000EB582BB9019B043B9D421A462FD33C61F0
:10C07000384601F0C9F8002825DB2946002058F889
:10C08000042BD1F800C01FFA82FE1FFA8CF3A3EB39
:10C090000E030344120CC2EB234202EB1C429BB280
:10C0A00043EA0243C14541F8043B4FEA2240E6D24D
:10C0B00055F8242005EB840322B9043B9D421A461F
:10C0C0000BD33C610136304603B0BDE8F08F1268F7
:10C0D000043B002ACBD1013CC6E71268043B002A8E
:10C0E000EFD1013CEAE70020EEE70000000000008D
:10C0F0002DE9F04FC76997B08DED040B55EC104B4F
:10C10000209E079181460C9211937FB91020FEF773
:10C11000B7FF0246C9F81C0020B9A94BEF21A94876
:10C1200001F0FAFBC0E901770760C760D9F81C305D
:10C13000196859B15A684A60012393408B60484698
:10C1400000F030FED9F81C3000221A602B1EB9BF57
:10C1500023F00043059300233360059F9A4BBCBF37
:10C1600001223260BB4312D1119A42F20F73136065
:10C17000C7F31303234300F05A85219BDFF85CA229
:10C18000002B00F05C850AF1030300F056BD9DED25
:10C19000047B002251EC170B00238DED0A7BF4F792
:10C1A00093FC804658B1119A01231360219B13B16F
:10C1B000219A864B1360DFF828A200F040BD9DED68
:10C1C0000A0B14AA15A9484601F0CEF8C7F30A567F
:10C1D0000290002E78D00B9BCDF84880C3F3130358
:10C1E000DDE90A0143F07F5343F44013A6F2FF3622
:10C1F00019460022764BF4F747F86BA3D3E90023E6
:10C20000F4F7FAF96AA3D3E90023F4F73FF80446F8
:10C2100030460D46F4F786F967A3D3E90023F4F717
:10C22000EBF902460B4620462946F4F72FF8044660
:10C230000D46F4F791FC00220746002320462946CC
:10C24000F4F74CFC40B13846F4F76CF922462B4623
:10C25000F4F73AFC00B9013F162F52D85D4B03EBBF
:10C26000C703D3E90023DDE90A01F4F737FC00280E
:10C2700049D0013F00231093149B9B1B5A1E45BFBE
:10C28000C3F10103009300230023069254BF0093DF
:10C290000693002F39DB069B0D973B440693002342
:10C2A0000893079B092B63D8052BC4BF043B079356
:10C2B000079BA3F10203CCBF00240124032B63D806
:10C2C000DFE803F05254372BDDE914631E4406F215
:10C2D0003243202BC1BFC3F140039F4006F21243FB
:10C2E00024FA03F3D6BFC3F1200347EA030004FA9C
:10C2F00003F0F4F707F90122A1F1F873013E12925D
:10C3000076E70123B7E71090B6E7009BDB1B0093AD
:10C310007B42089300230D93C3E7012309930C9BF1
:10C3200007EB030B0BF10103012B0393B8BF0123B0
:10C3300006E0012309930C9B002B28DD9B46039309
:10C34000D9F81C000021042202F114059D4226D9CF
:10C350004160484600F0E6FC8246002842D11E4B70
:10C36000024640F2AF11DAE60023E3E70023D5E707
:10C3700001240023079309944FF0FF3B0022CDF8DE
:10C380000CB012230C92DBE701230993F4E74FF082
:10C39000010BCDF80CB05B46CDF830B0D0E70131E1
:10C3A0005200D1E7AFF3008061436F63A787D23FAC
:10C3B000B3C8608B288AC63FFB799F501344D33F94
:10C3C00095DC0008ACDC00080000F07F65DC0008AC
:10C3D0000000F83F00DE000804DD000891DC0008E2
:10C3E00064DC0008D9F81C301860039B0E2B00F2A7
:10C3F000A180002C00F09E80002F33DD9C4B07F0C5
:10C400000F0203EBC20393ED007BF8058DED0E7B6D
:10C410004FEA271416D5974BDDE90A01D3E9082323
:10C42000F4F714FACDE9040104F00F040326914D4A
:10C4300054B9DDE90E23DDE90401F4F707FACDE98B
:10C44000040128E00226F2E7E10708D5DDE90E0144
:10C45000D5E90023F4F7D0F8CDE90E0101366410D8
:10C460000835E5E700F0AF807C42814B814D04F058
:10C470000F0203EBC203D3E90023DDE90A01F4F75D
:10C48000BBF8CDE90401241100230226002C40F062
:10C490008F80002BD3D1109BDDE90445002B00F0E9
:10C4A0009480754B002220462946F4F717FB00289C
:10C4B00000F08B80039B002B00F08780BBF1000F06
:10C4C00034DD20466D4B00222946F4F795F8CDE97E
:10C4D000040107F1FF3801365C463046F4F722F8D4
:10C4E000DDE90423F4F788F8654B0022F3F7CEFE6C
:10C4F0000546A1F15076002C6AD1DDE90401614BBB
:10C500000022F3F7C1FE02460B46CDE904232A467A
:10C510003346F4F701FB002840F09882DDE904017E
:10C520002A4606F10043F4F7D9FA38BBDDE90A34AC
:10C53000CDE90434159B002BC0F257810E2F00F378
:10C5400054814B4B03EBC70393ED007B0C9B002BFB
:10C550008DED007B80F2E580039B002B00F3E180F2
:10C560000CD1484B002251EC170BF4F745F8DDE9EC
:10C570000423F4F7C7FA002800F066820024254659
:10C580000C9B56466FEA030800272146484600F0F8
:10C5900009FC002D00F0BD802FB1AF4203D0394619
:10C5A000484600F0FFFB2946484600F0FBFBB0E0A0
:10C5B000E20705D5D5E90023F4F71EF8013601237B
:10C5C0006410083562E7022665E7039CB84684E7F5
:10C5D000274B099903EBC40353E902235444002970
:10C5E00054D029490020F4F731F933462A46F3F7AD
:10C5F0004BFECDE90E015646DDE90401F4F7ACFA35
:10C600000546F3F78FFF02460B46DDE90401F3F719
:10C610003BFE303502460B46CDE9042306F8015BAC
:10C62000DDE90E23F4F75AFA002872D1DDE904237C
:10C6300011490020F3F728FEDDE90E23F4F74EFA46
:10C64000002840F0B480A6423FF470AFDDE90E014F
:10C650000A4B0022F3F7D0FF084BCDE90E01002270
:10C66000DDE90401F3F7C8FFCDE90401C4E700BF29
:10C6700000DE0008D8DD00080000F03F0000244084
:10C6800000001C40000014400000E03F31462846F6
:10C69000F3F7B2FFCDE90E0113945646DDE904012C
:10C6A000F4F75AFA0546F3F73DFF02460B46DDE97B
:10C6B0000401F3F7E9FD303506F8015B02460B464D
:10C6C000A642CDE904234FF0000224D1AF4BDDE9AF
:10C6D0000E01F3F7DBFD02460B46DDE90401F4F73A
:10C6E0001BFA002863D1DDE90E23A8490020F3F7E7
:10C6F000CBFD02460B46DDE90401F4F7EFF9002813
:10C700003FF414AF139E731E139316F8013C302BA5
:10C71000F8D047463BE09E4BF3F76EFFCDE90401AE
:10C72000BCE7DDE904455646DDE9002320462946FD
:10C73000F4F78CF8F4F710FA8046F3F7F3FEDDE92E
:10C740000023F3F759FF02460B462046294608F11D
:10C750003004F3F799FD06F8014B039DA6EB0A049C
:10C76000A54202460B4633D1F3F790FDDDE90023E5
:10C7700004460D46F4F7D0F9C0B9DDE900232046A0
:10C780002946F4F7A1F910B118F0010F0ED1029962
:10C79000484600F007FB00233370119B01371F60F0
:10C7A000219B002B00F04B821E6048E2B8463346C6
:10C7B0001E4613F8012D392A06D19A45F8D13022A8
:10C7C00008F101088AF800201A7801321A70A0E7EF
:10C7D0006F4B0022F3F710FF0022002304460D46A2
:10C7E000F4F772F900289FD0D1E7099A002A00F0E7
:10C7F000EA80079A012A00F3CD80129A002A00F0FD
:10C80000C18003F23343089C009E009A1A440092B0
:10C81000069A01211A444846069200F077FB054625
:10C8200066B1069B002B09DDB342009AA8BF3346D0
:10C83000D21A0092069AF61AD31A0693089B0BB3E3
:10C84000099B002B00F0C680002C00F0C080294618
:10C850002246484600F012FC029A01460546484628
:10C8600000F06AFB02998046484600F09BFA089B5C
:10C870001B1B089300F0B180089A4146484600F01F
:10C88000FDFB02900121484600F040FB0D9B044651
:10C89000002B00F0D8811A460146484600F0EEFB16
:10C8A000079B012B044600F39F80049B002B40F064
:10C8B0009780059BC3F31303002B40F09380059BE7
:10C8C00023F000431B0D1B0533B1009B0133009384
:10C8D000069B01330693012308930D9B002B00F068
:10C8E000B881236904EB8303186900F0C3FAC0F12F
:10C8F0002000069B184410F01F0000F08280C0F159
:10C900002003042B73DD009BC0F11C000344009343
:10C91000069B034406440693009B002B05DD029909
:10C920001A46484600F004FC0290069B002B05DDE9
:10C9300021461A46484600F0FBFB0446109B002B9C
:10C9400061D00298214600F05FFC00285BDA0023EA
:10C9500002990A22484600F047FA099B029007F123
:10C96000FF38002B00F07781294600230A22484631
:10C9700000F03AFABBF1000F05466FDC079B022B73
:10C9800049DC6BE0149BC3F136033CE70000E03F59
:10C9900000002440039B5C1E089BA34209DB1C1B78
:10C9A000039B002BBFF630AF009B039A9E1A002317
:10C9B0002BE7089B0D9A0894E31A1A44009E039BE8
:10C9C0000D92002421E7089C009E099D28E7DDF8D0
:10C9D000088051E7089A029950E7CDF8088051E79E
:10C9E000002379E7049B77E70023089379E793D046
:10C9F000009A1C331A440092069A1A441E44069266
:10CA00008AE70346F4E7039B002BB84620DC9B46ED
:10CA1000079B022B1EDDBBF1000F7FF4B1AD214659
:10CA20005B460522484600F0DFF9014604460298BD
:10CA300000F0EAFB00287FF7A3AD5646312306F845
:10CA4000013B08F101089FE5039CB8462546F4E741
:10CA5000DDF80CB0099B002B00F00181002E05DDF4
:10CA600029463246484600F063FB0546089B002BEA
:10CA70005CD06968484600F055F9064628B9824BF3
:10CA8000024640F2EF21FFF74ABB2A6902329200C8
:10CA900005F10C010C3000F031FF0122314648460F
:10CAA00000F046FB0AF1010300930AEB0B03089325
:10CAB000049B03F001032F4606930546009B029852
:10CAC000214603F1FF3BFFF788FA0346303303901A
:10CAD00039460298099300F097FB2A4604902146B4
:10CAE000484600F0ADFBC268099B064602BB014602
:10CAF000029800F089FB099B0246314648460C9299
:10CB0000099300F04FF9079B0C9A009E42EA03013B
:10CB1000069B1943099B0DD1392B27D0049A002A73
:10CB200001DD039B31338BF800302EE52846B9E751
:10CB30000122E2E70499002904DB079801430698E3
:10CB4000014320D1002AEEDD0299009301224846DC
:10CB500000F0EEFA2146029000F056FB0028009B00
:10CB600002DCE0D1DA07DED5392BDAD139238BF8B4
:10CB7000003033461E46013B16F8012C392A4ED0B0
:10CB800001321A7001E5002A03DD392BEED00133A2
:10CB9000C9E7009A089902F8013C8A4228D0029914
:10CBA00000230A22484600F01FF9AF4202904FF0DE
:10CBB00000034FF00A023946484607D100F014F945
:10CBC00007460546009B0133009377E700F00CF918
:10CBD0002946074600230A22484600F005F9054683
:10CBE000F0E7BBF1000FCCBF5E460126564400279C
:10CBF000029900930122484600F09AFA21460290D9
:10CC000000F002FB0028B4DC02D1009BDB07B0D4AB
:10CC100033461E4613F8012D302AFAD0B5E49A4562
:10CC2000A8D1312308F101088AF80030ADE4219B36
:10CC3000DFF858A01BB10AF10803219A136050468F
:10CC400017B0BDE8F08F079B012B7FF72EAE0D9B31
:10CC5000089301204DE6BBF1000F7FF7D9AE564691
:10CC600002982146FFF7B9F900F1300306F8013BBD
:10CC7000A6EB0A029345B4DD029900230A22484636
:10CC800000F0B2F80290EBE704DD000888DC000851
:10CC900038B50546002941D051F8043C0C1F002B43
:10CCA000B8BFE418FEF79EFA1D4A136833B96360F3
:10CCB00014602846BDE83840FEF79ABAA34208D966
:10CCC000206821188B4201BF19685B680918216030
:10CCD000EDE71A465B680BB1A342FAD91168501808
:10CCE000A0420BD120680144501883421160E0D16A
:10CCF00018685B68536008441060DAE702D90C23B7
:10CD00002B60D6E7206821188B4204BF19685B6846
:10CD1000636004BF091821605460CAE738BD00BFD2
:10CD2000680C002070B5C66904460D4676B910201F
:10CD3000FEF7A6F90246E06120B9184B18486B21AE
:10CD400000F0EAFDC0E901660660C660E669F368C6
:10CD500083B1E369DB6853F82500B8B9012101FA12
:10CD600005F6721D9200204600F0F4FD60B1C0E9A6
:10CD700001560EE021220421204600F0EBFDE3697C
:10CD8000F060DB68002BE4D1002070BD026843F83E
:10CD900025200023C0E90333F7E700BF95DC000836
:10CDA00015DD000870B5C66905460C4676B9102039
:10CDB000FEF766F90246E86120B9094B09488F2160
:10CDC00000F0AAFDC0E901660660C6603CB1EB69EF
:10CDD0006268DB6853F82210216043F8224070BD7E
:10CDE00095DC000815DD00082DE9F0410D690746C6
:10CDF0000C461E4601F1140C0020DCF8003099B2FC
:10CE000002FB01611E0C0B0C02FB063389B20130E0
:10CE100001EB034185424CF8041B4FEA1346ECDC5E
:10CE20000EB3A368AB4219DC616838460131FFF7E5
:10CE300079FF804628B902460C4B0D48BA2100F014
:10CE40006BFD2269023204F10C0192000C3000F0FB
:10CE500055FD21463846FFF7A5FF444604EB850300
:10CE600001355E6125612046BDE8F08104DD0008E2
:10CE700015DD0008B0F5803F034636BF03040020EF
:10CE80001020B3F1807F3CBF1B020830B3F1805FFC
:10CE90003CBF1B010430B3F1804F3CBF9B0002300C
:10CEA000002B05DB13F0804F00F1010008BF2020AC
:10CEB00070470368024613F007000BD0D90721D44E
:10CEC000980749BF5B089B08012013605CBF136093
:10CED0000220704799B209B91B0C1020D9B209B9C8
:10CEE00008301B0A190704BF1B090430990704BF47
:10CEF0009B080230D90703D45B0800F1010003D07E
:10CF000013607047002070472020704710B50C4612
:10CF10000121FFF707FF024628B9054B054840F2FB
:10CF2000451100F0F9FC01234461036110BD00BF0D
:10CF300004DD000815DD00082DE9F04F17460A69E9
:10CF40003B699A42A8BF3B468946A4BF0F46994613
:10CF50003D69D9F810A0BB68796805EB0A06B342B1
:10CF600085B0B8BF0131FFF7DDFE30B90246414B55
:10CF700041484FF4B17100F0CFFC00F1140404EB10
:10CF8000860E23460022734520D307F1140809F1C9
:10CF9000140108EB850501EB8A030293EB1B153B9B
:10CFA00023F0030304331537BD4238BF0423019334
:10CFB000029B03918B420CD8002E03DD5EF8043DEA
:10CFC000002B55D0066105B0BDE8F08F43F8042B67
:10CFD000D9E7B1F800A0BAF1000F1FD0C446A146AE
:10CFE00000275CF8042BD9F800301FFA82FB9BB2B3
:10CFF0000AFB0B333B44D9F80070120C3F0C0AFBC0
:10D00000027202EB13429BB243EA0243654549F8C0
:10D01000043B4FEA1247E4D8019BE750039BB3F867
:10D0200002900431B9F1000F20D023684746A4468E
:10D030004FF0000AB7F800B0BCF8022009FB0B2241
:10D0400052449BB243EA02434CF8043B57F8043B7A
:10D050004FEA134ABCF8003009FB0A3303EB1243D2
:10D06000BD424FEA134AE5D8019AA35004349FE722
:10D07000013EA1E704DD000815DD00082DE9F843B5
:10D08000154612F0030207460E4607D0254C013A1A
:10D09000002354F82220FFF7A7FE0646AD103DD02E
:10D0A000FC697CB91020FDF7EBFF0246F86128B956
:10D0B0001D4B1E4840F2B31100F02EFCC0E90144A4
:10D0C0000460C460D7F81C80D8F808404CB940F21E
:10D0D00071213846FFF71AFF0023C8F808000446FC
:10D0E00003604FF00009EB070AD531462246384667
:10D0F000FFF722FF314680463846FFF753FE46468B
:10D100006D100BD0206838B9224621463846FFF70B
:10D1100013FF2060C0F800900446E4E73046BDE805
:10D12000F88300BFC8DD000895DC000815DD0008A5
:10D130002DE9F0470C464968236903EB6218A368A0
:10D14000074691464FEA621A08F10106B3420BDB2B
:10D150003846FFF7E7FD054648B90246284B2948FF
:10D160004FF4EF7100F0D8FB01315B00EEE70023D4
:10D1700000F1140100F110021846534533DB206919
:10D180002AEAEA7A04F1140319F01F0901EB8A0173
:10D1900003EB800C2BD0C9F1200E8A4600221868C0
:10D1A00000FA09F010434AF8040B53F8042B9C458D
:10D1B00022FA0EF2F3D8ACEB0403153B23F0030381
:10D1C000043304F11500604588BF0423CA500AB136
:10D1D00008F10206013E38462E612146FFF7E2FDC6
:10D1E0002846BDE8F08742F8040F0133C5E704394B
:10D1F00053F8042B41F8042F9C45F9D8EAE700BF07
:10D2000004DD000815DD00080A6903460069801A7C
:10D2100030B50ED11433143103EB820401EB8201DB
:10D2200054F8045D51F8042D954203D005D24FF017
:10D23000FF3030BDA342F3D3FBE70120F9E7000044
:10D240002DE9F74F89460646114648461446FFF732
:10D25000DBFF051E12D129463046FFF763FD02466B
:10D2600028B93F4B40F237213E4800F055FB0123DF
:10D27000C0E90435104603B0BDE8F08FBCBF4B4693
:10D28000A1463046D9F80410BABF1C460125002536
:10D29000FFF748FD024618B9314B40F24521E3E75C
:10D2A000D9F810702669C56009F1100309F1140559
:10D2B00004F1140E00F1140B05EB87080EEB860643
:10D2C0000193D9464FF0000C019B5EF8040B53F814
:10D2D00004AF01931FFA8AF3194683B2CB1A000CEC
:10D2E0006344C0EB1A4000EB23409BB243EA004387
:10D2F000764549F8043B4FEA204CE5D8331B153BF3
:10D3000023F0030315340433A64238BF04231D441D
:10D310005B441E462C4644450ED308F10301491BCD
:10D3200021F00301033DA84538BF00210B4453F809
:10D33000041D91B117619DE754F8041BE646080CE3
:10D340001CFA81FC714400EB2C4089B241EA004197
:10D3500046F8041B4FEA204CDDE7013FE7E700BF3A
:10D3600004DD000815DD00082DE9F7430F46012113
:10D3700059EC108B1646FFF7D5FC044630B902462F
:10D38000234B244840F20F3100F0C6FAC9F30A5586
:10D39000C9F313030DB143F480130193B8F10003F3
:10D3A00023D068460093FFF784FDDDE90012D0B179
:10D3B000C0F1200302FA03F30B43C2406361019200
:10D3C000019BA361002B0CBF012202222261A5B1A7
:10D3D000A5F2334505443D60C0F13500306020467C
:10D3E00003B0BDE8F0836161EAE701A8FFF761FDE2
:10D3F000019B636120300122E8E704EB8203A0F285
:10D40000324038601869FFF735FDC0EB4210E5E7A0
:10D4100004DD000815DD00089368013B002B10B403
:10D42000936008DA9469A34201DB0A2903D15DF80D
:10D43000044BFEF7AEBC1368581C10601970084608
:10D440005DF8044B7047F8B506460F461446D518EC
:10D45000AC4201D1002007E014F8011B3A463046E7
:10D46000FFF7DAFF431CF3D1F8BD00002DE9F04FC0
:10D470000D469DB014469846064618B1036A0BB98E
:10D48000FEF79EFB6B6ED90705D4AB899A0502D4D3
:10D49000A86DFEF7A0FDAB891B0701D52B699BB9D1
:10D4A00029463046FEF7B4FC70B16B6EDC0704D53C
:10D4B0004FF0FF301DB0BDE8F08FAB899805F7D471
:10D4C000A86DFEF789FDF3E70023099320238DF86B
:10D4D0002930CDF80C803023DFF8AC818DF82A306C
:10D4E0004FF0010923469A4613F8012B0AB1252A69
:10D4F000F9D1BAEB040B0BD05B46224629463046E5
:10D50000FFF7A1FF013000F0A780099A5A44099261
:10D510009AF80030002B00F09F8000234FF0FF327C
:10D52000CDE905230AF1010A049307938DF85330DE
:10D530001A935446052214F8011B5348F2F748FE8B
:10D54000049AD8B9D10644BF20238DF8533013076D
:10D5500044BF2B238DF853309AF800302A2B15D076
:10D56000079A544600204FF00A0C214611F8013B5F
:10D57000303B092B4BD9B0B1079214E0A0EB080364
:10D5800009FA03F313430493A246D2E7039B191D40
:10D590001B680391002BBBBF5B4242F00202079362
:10D5A0000793B8BF049223782E2B0AD163782A2BD5
:10D5B00032D1039B1A1D1B68039243EAE3730234C2
:10D5C0000593DFF8D4A0217803225046F2F700FE3D
:10D5D00038B1049BA0EB0A0040228240134301347F
:10D5E000049314F8011B29488DF828100622F2F73D
:10D5F000EFFD00283FD0264B1BBB039B073323F0D6
:10D60000070308330393099B3B4409936AE70CFB28
:10D6100002320C460120A8E7002301340593194685
:10D620004FF00A0C204610F8012B303A092A03D992
:10D63000002BC6D00591C4E70CFB01210446012351
:10D64000F0E703AB00932A46124B04A93046FDF7DE
:10D6500075FE0746781CD6D16B6ED90705D4AB8909
:10D660009A0502D4A86DFEF7B7FCAB895B063FF5BF
:10D670001FAF09981EE703AB00932A46054B04A988
:10D680003046FEF7F3F8E4E76EDD000878DD0008C9
:10D690003DB3000847D4000874DD0008B1F90C2040
:10D6A0002DE9F041160705460C4654D44B68002B73
:10D6B00002DC0B6C002B48DDE66A002E45D000230F
:10D6C00012F480522F68216A2B6030D0626DA389DA
:10D6D000590705D56368D21A636B0BB1236CD21A54
:10D6E0000023E66A216A2846B047431CA38906D175
:10D6F00029681D292BD82A4ACA40D60727D50022D7
:10D700006260D9042269226004D5421C01D12B68D1
:10D7100003B96065616B2F60B9B104F144039942AC
:10D7200002D02846FFF7B4FA002363630DE001231B
:10D730002846B0470246501CC9D12B68002BC6D0E2
:10D740001D2B01D0162B1ED12F60002022E043F0AC
:10D7500040031BB21BE00F69002FF6D093070E6841
:10D7600008BF4B690F6018BF0023A6EB07088B604A
:10D77000B8F1000FE9DD216AA66A43463A46284619
:10D78000B047002808DCB4F90C3043F04003A38113
:10D790004FF0FF30BDE8F0810744A8EB0008E7E751
:10D7A0000100402038B50B6905460C4613B9002529
:10D7B000284638BD18B1036A0BB9FEF701FAB4F96F
:10D7C0000C30002BF3D0626ED00704D4990502D43C
:10D7D000A06DFEF700FC28462146FFF75FFF636E51
:10D7E000DA070546E4D4A3899B05E1D4A06DFEF7D2
:10D7F000F3FBDDE770B50C46B1F90E10002996B0C9
:10D8000015461E460DDAA38913F0800F4FF0000174
:10D8100014BF40234FF48063002031602B6016B0AA
:10D8200070BD6A4600F048F80028ECDB019901F46D
:10D830007041A1F50053594259414FF48063EBE721
:10D840008B89F7B59D0706460C4607D504F14703BB
:10D85000236023610123636103B0F0BD01AB6A461D
:10D86000FFF7C8FF009F054639463046FDF73AFCF2
:10D8700048B9B4F90C309A05EED423F0030343F011
:10D880000203A381E2E7A389206043F08003A38120
:10D89000019BC4E904075BB1B4F90E10304600F0F7
:10D8A0001DF828B1A38923F0030343F00103A381EA
:10D8B000A3891D43A581CFE738B5074D0023044652
:10D8C000084611462B60F4F7DDFC431C02D12B689F
:10D8D00003B1236038BD00BFA80D002038B5064D48
:10D8E0000023044608462B60F4F7DCFC431C02D1FD
:10D8F0002B6803B1236038BDA80D00200A44914273
:10D9000000F1FF3300D1704710B511F8014B03F857
:10D91000014F9142F9D110BD1FB514461A46094B6B
:10D920001B680546D8684CB1074B0091CDE901341E
:10D9300006492B4600F042F800F052F8044B1C4612
:10D94000F3E700BF3800002089DD000896DD0008FD
:10D95000C4DD000870B5A1FB025434B92946FDF7B7
:10D96000C1FB064628B9304670BD0C220260002675
:10D97000F9E72A462146FEF7A1FAF4E782B001B999
:10D9800001A942B14BB113780B601278101E18BF79
:10D99000012002B070471046FBE76FF00100F8E786
:10D9A0000346084641B1FF2A04D98A221A604FF083
:10D9B000FF3070470A700120704700000EB403B5B5
:10D9C000014603AB054853F8042B00680193FFF7A9
:10D9D0004DFD02B05DF804EB03B070473800002045
:10D9E00008B5062000F02CF80120F4F7FBFB1F29F6
:10D9F00038B505460C4604D9162303604FF0FF30B6
:10DA000038BDC26B12B152F821304BB9284600F034
:10DA100031F8224601462846BDE8384000F018B8E3
:10DA2000012B0AD0591C03D1162303600120E7E71C
:10DA3000002142F82410204698470020E0E700002B
:10DA4000024B01461868FFF7D2BF00BF3800002024
:10DA500038B5074D00230446084611462B60F4F7FD
:10DA6000B1FB431C02D12B6803B1236038BD00BF5A
:10DA7000A80D0020F4F79EBBF8B500BFF8BC08BCA9
:10DA80009E467047F8B500BFF8BC08BC9E4670477C
:10DA90006D31203D20252E326620207C20206D32E5
:10DAA000203D20252E326620207C20206D33203D15
:10DAB00020252E3266207C20206D34203D20252E0E
:10DAC00032660A00466F7277617264202D3E204CE8
:10DAD000656674204D6F746F722050756C73653A73
:10DAE000202564207C205269676874204D6F746F14
:10DAF000722050756C73653A2025640A000000009E
:10DB000052657665727365202D3E204C65667420E3
:10DB10004D6F746F722050756C73653A20256420C8
:10DB20007C205269676874204D6F746F7220507545
:10DB30006C73653A2025640A000000004C65667429
:10DB4000202D3E204C656674204D6F746F722050FE
:10DB5000756C73653A202564207C2052696768746F
:10DB6000204D6F746F722050756C73653A20256478
:10DB70000A0000005269676874202D3E204C6566DB
:10DB800074204D6F746F722050756C73653A202548
:10DB900064207C205269676874204D6F746F722016
:10DBA00050756C73653A2025640A000053544D3358
:10DBB0003220526561647900436972636C6520703C
:10DBC00072657373656400005371756172652070CE
:10DBD000726573736564000043726F7373207072B3
:10DBE0006573736564000000547269616E676C65EB
:10DBF0002070726573736564000000005269676885
:10DC00007420707265737365640000004C656674FF
:10DC1000207072657373656400000000446F776E56
:10DC20002070726573736564000000005570207089
:10DC30007265737365640000434443000000000094
:10DC400000000000010203040607080900000000AC
:10DC500001020304494E4600696E66004E414E00C3
:10DC60006E616E003000303132333435363738393A
:10DC7000414243444546003031323334353637383B
:10DC80003961626364656600496E66696E697479BC
:10DC9000004E614E005245454E54206D616C6C6FD4
:10DCA0006320737563636565646564002F627569DD
:10DCB0006C642F676E752D746F6F6C732D666F7249
:10DCC0002D73746D33325F31332E332E72656C31A8
:10DCD0002E32303234303932362D313731352F73E0
:10DCE00072632F6E65776C69622F6E65776C6962FF
:10DCF0002F6C6962632F7374646C69622F64746F34
:10DD0000612E630042616C6C6F63207375636365A1
:10DD100065646564002F6275696C642F676E752D8C
:10DD2000746F6F6C732D666F722D73746D33325F09
:10DD300031332E332E72656C312E3230323430391D
:10DD400032362D313731352F7372632F6E65776C14
:10DD500069622F6E65776C69622F6C6962632F73DD
:10DD600074646C69622F6D707265632E6300232D7D
:10DD7000302B2000686C4C006566674546470043C1
:10DD800000504F534958002E002C2066756E637466
:10DD9000696F6E3A2000617373657274696F6E20EB
:10DDA00022257322206661696C65643A2066696C7D
:10DDB0006520222573222C206C696E652025642540
:10DDC0007325730A00000000050000001900000020
:10DDD0007D000000000000000080E03779C341436F
:10DDE000176E05B5B5B89346F5F93FE9034F384DC1
:10DDF000321D30F94877825A3CBF737FDD4F15756D
:10DE0000000000000000F03F00000000000024407F
:10DE100000000000000059400000000000408F405A
:10DE2000000000000088C34000000000006AF840C5
:10DE30000000000080842E4100000000D0126341E9
:10DE40000000000084D797410000000065CDCD415F
:10DE5000000000205FA00242000000E87648374240
:10DE6000000000A2941A6D42000040E59C30A242DE
:10DE70000000901EC4BCD64200003426F56B0C4353
:10DE80000080E03779C3414300A0D88557347643FA
:10DE900000C84E676DC1AB43003D9160E458E1435B
:10DEA000408CB5781DAF154450EFE2D6E41A4B44D0
:10DEB00092D54D06CFF08044F64AE1C7022DB54415
:10DEC000B49DD9794378EA440020202020202020E6
:10DED000202028282828282020202020202020201A
:10DEE000202020202020202020881010101010102A
:10DEF0001010101010101010100404040404040476
:10DF0000040404101010101010104141414141410F
:10DF100001010101010101010101010101010101F1
:10DF20000101010110101010101042424242424201
:10DF300002020202020202020202020202020202C1
:10DF40000202020210101010200000000000000069
:10DF500000000000000000000000000000000000C1
:10DF600000000000000000000000000000000000B1
:10DF700000000000000000000000000000000000A1
:10DF80000000000000000000000000000000000091
:10DF90000000000000000000000000000000000081
:10DFA0000000000000000000000000000000000071
:10DFB0000000000000000000000000000000000061
:0CDFC00000000000000000000000000055
:08DFCC000422FF7F01000000A8
:04DFD400B50100088B
:04DFD80091010008AB
:10DFDC000024F400100000000100000038DC0008F0
:10DFEC000200000085890008318C0008E38C0008D1
:10DFFC00218D00084D8E000800000000000000007C
:10E00C00030000006C0C00203C000020000000000D
:10E01C006C0C0020D40C00203C0D002000000000F3
:10E02C0000000000000000000000000000000000E4
:10E03C0000000000000000000000000000000000D4
:10E04C0000000000000000000000000000000000C4
:10E05C000000000000000000430000000000000071
:10E06C0000000000000000000000000000000000A4
:10E07C000000000000000000430000000000000051
:10E08C000000000000000000000000000000000084
:10E09C000000000000000000430000000000000031
:10E0AC000000000000000000000000000000000064
:10E0BC000000000000000000430000000000000011
:10E0CC000000000000000000000000000000000044
:10E0DC0000000000000000004300000000000000F1
:10E0EC000000000000000000000000000000000024
:10E0FC0000000000000000004300000000000000D1
:10E10C000000000000000000000000000000000003
:10E11C0000000000000000004300000000000000B0
:10E12C0000000000000000000000000000000000E3
:10E13C000000000000000000A1D900087DD90008F3
:10E14C0000000000C8DE000887DD0008C4DD000800
:10E15C00C4DD0008C4DD0008C4DD0008C4DD00080F
:10E16C00C4DD0008C4DD0008C4DD0008C4DD0008FF
:10E17C00FFFFFFFFFFFFFFFFFFFFFFFFFFFF0000A1
:10E18C000100415343494900000000000000000019
:10E19C000000000000000000000000000000000073
:10E1AC0000004153434949000000000000000000FA
:10E1BC000000000000000000000000000000000053
:04E1CC00000000004F
:040000050800259535
:00000001FF
